seq,payload_bytes,build_ns,sendto_ns,rtt_ns,rx_len,ok
0,768,370,20500,167648,768,1
1,768,333,13093,139462,768,1
2,768,296,6500,129463,768,1
3,768,296,5593,127944,768,1
4,768,297,5370,128241,768,1
5,768,296,5593,128204,768,1
6,768,297,5370,128574,768,1
7,768,296,6130,128556,768,1
8,768,296,5389,128444,768,1
9,768,297,5592,127963,768,1
10,768,297,5315,129722,768,1
11,768,297,5463,127352,768,1
12,768,296,5352,127426,768,1
13,768,296,5315,127704,768,1
14,768,297,5537,128259,768,1
15,768,296,5333,128611,768,1
16,768,296,5852,128945,768,1
17,768,296,5296,127852,768,1
18,768,296,5278,127815,768,1
19,768,297,5537,127926,768,1
20,768,296,5519,127926,768,1
21,768,296,5296,127204,768,1
22,768,296,5260,127518,768,1
23,768,297,5148,127537,768,1
24,768,296,5185,127908,768,1
25,768,297,5185,128185,768,1
26,768,296,5185,127537,768,1
27,768,296,5185,127926,768,1
28,768,297,5185,127352,768,1
29,768,297,5166,127352,768,1
30,768,296,5185,127925,768,1
31,768,296,5259,127815,768,1
32,768,297,5407,128204,768,1
33,768,297,5296,128296,768,1
34,768,297,5240,127704,768,1
35,768,296,5222,128111,768,1
36,768,296,5149,128185,768,1
37,768,296,5241,127556,768,1
38,768,297,5666,128333,768,1
39,768,297,5278,128130,768,1
40,768,297,5185,127944,768,1
41,768,296,5204,129371,768,1
42,768,296,5185,127889,768,1
43,768,296,5204,127686,768,1
44,768,297,5185,128815,768,1
45,768,296,5185,127352,768,1
46,768,278,5203,127722,768,1
47,768,296,5222,128667,768,1
48,768,296,5445,128426,768,1
49,768,278,5592,128537,768,1
50,768,296,5204,127704,768,1
51,768,296,5185,127297,768,1
52,768,296,5185,127371,768,1
53,768,296,5167,127685,768,1
54,768,296,5167,127556,768,1
55,768,297,5166,127889,768,1
56,768,297,5148,127944,768,1
57,768,296,5148,126982,768,1
58,768,297,5129,127648,768,1
59,768,296,5149,127666,768,1
60,768,296,5149,127370,768,1
61,768,315,5148,128685,768,1
62,768,296,5149,127796,768,1
63,768,296,5185,127037,768,1
64,768,296,5333,127445,768,1
65,768,297,5185,127574,768,1
66,768,296,5149,132926,768,1
67,768,278,5241,127500,768,1
68,768,296,5223,128166,768,1
69,768,296,5741,128111,768,1
70,768,315,5500,127870,768,1
71,768,297,5241,128111,768,1
72,768,296,5185,127241,768,1
73,768,297,5185,128259,768,1
74,768,296,5204,127389,768,1
75,768,296,5186,128018,768,1
76,768,296,5222,127741,768,1
77,768,296,5222,127260,768,1
78,768,297,5222,127611,768,1
79,768,278,5203,127537,768,1
80,768,277,5389,127851,768,1
81,768,296,5260,128166,768,1
82,768,296,5241,127481,768,1
83,768,296,5204,127871,768,1
84,768,296,5241,128019,768,1
85,768,297,5259,127370,768,1
86,768,296,5222,127575,768,1
87,768,297,5240,127704,768,1
88,768,297,5222,127666,768,1
89,768,296,5241,127777,768,1
90,768,296,5241,127407,768,1
91,768,296,5222,127815,768,1
92,768,315,5204,127500,768,1
93,768,296,5241,127482,768,1
94,768,296,5241,127260,768,1
95,768,296,5241,128240,768,1
96,768,296,5426,127481,768,1
97,768,297,5240,127981,768,1
98,768,296,5186,127407,768,1
99,768,297,5185,127945,768,1
100,768,315,5463,128018,768,1
101,768,297,5185,127629,768,1
102,768,296,5148,127982,768,1
103,768,297,5222,128148,768,1
104,768,296,5167,127815,768,1
105,768,296,5222,127666,768,1
106,768,296,5204,127518,768,1
107,768,296,5204,127463,768,1
108,768,296,5149,127870,768,1
109,768,297,5148,127592,768,1
110,768,296,5111,127685,768,1
111,768,296,5167,127277,768,1
112,768,296,5333,128241,768,1
113,768,296,5241,127203,768,1
114,768,296,5148,127871,768,1
115,768,297,5185,127407,768,1
116,768,296,5259,127630,768,1
117,768,297,5148,127796,768,1
118,768,297,5166,127722,768,1
119,768,296,5204,127537,768,1
120,768,277,5186,127741,768,1
121,768,296,5167,127741,768,1
122,768,296,5186,127296,768,1
123,768,297,5203,127444,768,1
124,768,296,5185,127685,768,1
125,768,297,5166,127944,768,1
126,768,296,5167,127667,768,1
127,768,296,5185,127426,768,1
128,768,296,5352,127629,768,1
129,768,296,5204,127612,768,1
130,768,296,5130,127723,768,1
131,768,297,5648,127759,768,1
132,768,297,5203,127518,768,1
133,768,296,5204,127352,768,1
134,768,297,5351,129166,768,1
135,768,296,5222,127704,768,1
136,768,296,5185,127574,768,1
137,768,297,5148,127593,768,1
138,768,297,5129,127500,768,1
139,768,296,6592,134593,768,1
140,768,315,10852,135759,768,1
141,768,296,5870,129037,768,1
142,768,297,5333,127926,768,1
143,768,296,5241,127851,768,1
144,768,296,5463,127963,768,1
145,768,296,5315,127704,768,1
146,768,296,5241,129223,768,1
147,768,296,5204,127389,768,1
148,768,296,5241,128019,768,1
149,768,296,5389,127889,768,1
150,768,296,5223,127814,768,1
151,768,296,5259,128593,768,1
152,768,297,5352,128148,768,1
153,768,297,5277,127741,768,1
154,768,296,5222,127760,768,1
155,768,315,5297,127574,768,1
156,768,296,5241,127945,768,1
157,768,278,5222,127666,768,1
158,768,315,5204,127426,768,1
159,768,296,5223,127648,768,1
160,768,296,5389,127944,768,1
161,768,297,5240,129000,768,1
162,768,315,6111,129575,768,1
163,768,296,5352,129000,768,1
164,768,315,5296,128722,768,1
165,768,296,5315,128463,768,1
166,768,315,5334,128278,768,1
167,768,297,5259,128185,768,1
168,768,296,5315,128815,768,1
169,768,296,5352,128926,768,1
170,768,297,5333,128815,768,1
171,768,297,5333,128648,768,1
172,768,296,5296,128130,768,1
173,768,296,5296,128241,768,1
174,768,278,5388,128018,768,1
175,768,315,5315,128203,768,1
176,768,296,5463,128703,768,1
177,768,296,5352,128259,768,1
178,768,296,5278,128907,768,1
179,768,315,5277,127963,768,1
180,768,296,5389,128445,768,1
181,768,297,5259,128018,768,1
182,768,296,5278,128592,768,1
183,768,296,5278,127611,768,1
184,768,297,5296,128315,768,1
185,768,296,5259,128685,768,1
186,768,296,5315,129259,768,1
187,768,296,5296,127963,768,1
188,768,297,5259,128055,768,1
189,768,297,5314,129037,768,1
190,768,296,5278,128296,768,1
191,768,296,5278,128556,768,1
192,768,296,5445,128814,768,1
193,768,296,5352,128185,768,1
194,768,296,5278,128259,768,1
195,768,296,5278,128685,768,1
196,768,297,5351,127759,768,1
197,768,278,5277,128629,768,1
198,768,315,5463,128426,768,1
199,768,297,5296,128518,768,1
200,768,297,5296,128666,768,1
201,768,296,5278,128426,768,1
202,768,297,5277,129500,768,1
203,768,315,5296,129204,768,1
204,768,296,5370,128130,768,1
205,768,296,5352,128148,768,1
206,768,296,5315,128481,768,1
207,768,296,5333,128519,768,1
208,768,296,5445,128796,768,1
209,768,296,5296,127871,768,1
210,768,297,5296,128278,768,1
211,768,278,5278,128592,768,1
212,768,296,5259,128278,768,1
213,768,297,5277,127963,768,1
214,768,296,5278,128722,768,1
215,768,296,5278,128130,768,1
216,768,296,5278,128314,768,1
217,768,297,5296,128481,768,1
218,768,296,5260,127814,768,1
219,768,296,5278,128740,768,1
220,768,277,5297,128815,768,1
221,768,296,5259,128760,768,1
222,768,296,5315,128000,768,1
223,768,296,5278,128407,768,1
224,768,296,5519,128537,768,1
225,768,296,5278,128092,768,1
226,768,296,5260,128537,768,1
227,768,278,5259,128445,768,1
228,768,296,5278,128333,768,1
229,768,297,5277,128666,768,1
230,768,296,5297,128241,768,1
231,768,278,5278,128426,768,1
232,768,296,5278,128149,768,1
233,768,278,5296,128334,768,1
234,768,296,5297,128463,768,1
235,768,297,5259,128759,768,1
236,768,296,5296,128778,768,1
237,768,296,5315,128482,768,1
238,768,296,5296,128037,768,1
239,768,296,5297,128592,768,1
240,768,296,5500,128537,768,1
241,768,296,5352,128352,768,1
242,768,296,5241,128315,768,1
243,768,315,5260,128741,768,1
244,768,296,5278,128074,768,1
245,768,296,5315,128500,768,1
246,768,296,5352,128352,768,1
247,768,296,5278,127982,768,1
248,768,296,5296,128889,768,1
249,768,297,5277,128259,768,1
250,768,297,5296,128259,768,1
251,768,315,5315,129241,768,1
252,768,296,5334,128296,768,1
253,768,296,5278,128296,768,1
254,768,296,5315,128222,768,1
255,768,297,5333,128815,768,1
256,768,297,5500,128704,768,1
257,768,296,5389,127926,768,1
258,768,278,5296,128259,768,1
259,768,315,5259,129463,768,1
260,768,297,5296,128389,768,1
261,768,296,5278,127833,768,1
262,768,296,5463,128444,768,1
263,768,315,5333,128315,768,1
264,768,296,5278,128648,768,1
265,768,296,5241,129000,768,1
266,768,297,5277,128370,768,1
267,768,315,5259,128518,768,1
268,768,315,5222,127945,768,1
269,768,277,5278,128351,768,1
270,768,296,5278,129833,768,1
271,768,315,5314,129148,768,1
272,768,296,5482,128945,768,1
273,768,296,5389,128500,768,1
274,768,278,5370,128481,768,1
275,768,315,6148,135333,768,1
276,768,315,10907,136241,768,1
277,768,314,6074,129037,768,1
278,768,296,5482,128334,768,1
279,768,296,5315,128148,768,1
280,768,278,5315,128685,768,1
281,768,297,5278,128296,768,1
282,768,315,5278,128722,768,1
283,768,296,5278,128703,768,1
284,768,315,5278,129592,768,1
285,768,296,5556,128037,768,1
286,768,297,5296,128407,768,1
287,768,314,5315,128667,768,1
288,768,296,5537,129240,768,1
289,768,296,5389,128537,768,1
290,768,296,5296,128408,768,1
291,768,296,5315,128593,768,1
292,768,296,5297,128722,768,1
293,768,296,5315,128370,768,1
294,768,296,5260,127981,768,1
295,768,296,5297,128129,768,1
296,768,315,5277,128426,768,1
297,768,296,5315,128426,768,1
298,768,296,5315,127982,768,1
299,768,296,5333,128593,768,1
300,768,296,5334,128574,768,1
301,768,297,5314,128352,768,1
302,768,296,5315,128778,768,1
303,768,296,5408,128592,768,1
304,768,296,5482,128833,768,1
305,768,296,5408,128963,768,1
306,768,297,5333,128167,768,1
307,768,297,5407,128389,768,1
308,768,296,5463,128889,768,1
309,768,296,5370,128241,768,1
310,768,297,5314,128278,768,1
311,768,297,5277,128037,768,1
312,768,296,5333,128278,768,1
313,768,296,5352,128389,768,1
314,768,296,5333,128722,768,1
315,768,296,5389,129370,768,1
316,768,297,5388,128981,768,1
317,768,296,5315,127833,768,1
318,768,314,5260,128556,768,1
319,768,297,5315,128333,768,1
320,768,296,5482,128574,768,1
321,768,296,5389,128722,768,1
322,768,296,5333,128870,768,1
323,768,296,5315,128370,768,1
324,768,297,5296,128518,768,1
325,768,296,5278,128037,768,1
326,768,315,5482,128611,768,1
327,768,296,5315,128260,768,1
328,768,315,5278,128167,768,1
329,768,296,5315,128149,768,1
330,768,297,5407,128685,768,1
331,768,296,5333,128908,768,1
332,768,296,5352,129000,768,1
333,768,296,5333,128982,768,1
334,768,296,5352,128630,768,1
335,768,296,5389,129019,768,1
336,768,297,5518,128926,768,1
337,768,296,5333,128556,768,1
338,768,296,5352,130370,768,1
339,768,296,5370,128759,768,1
340,768,296,5333,128704,768,1
341,768,296,5370,128519,768,1
342,768,296,5315,129074,768,1
343,768,296,5315,128630,768,1
344,768,297,5389,128611,768,1
345,768,315,5314,128723,768,1
346,768,297,5333,129092,768,1
347,768,296,5444,128685,768,1
348,768,315,5315,128777,768,1
349,768,296,5352,128185,768,1
350,768,297,5333,128889,768,1
351,768,296,5334,128315,768,1
352,768,296,5500,128518,768,1
353,768,315,5314,127945,768,1
354,768,296,5333,128204,768,1
355,768,296,5315,128722,768,1
356,768,296,5370,129259,768,1
357,768,296,5315,128037,768,1
358,768,296,5259,128407,768,1
359,768,297,5296,128407,768,1
360,768,297,5277,128222,768,1
361,768,296,5278,128371,768,1
362,768,314,5315,128611,768,1
363,768,296,5315,128129,768,1
364,768,296,5278,128778,768,1
365,768,296,5297,128296,768,1
366,768,296,5333,128333,768,1
367,768,296,5315,128574,768,1
368,768,296,5500,128963,768,1
369,768,296,5352,128574,768,1
370,768,314,5223,128130,768,1
371,768,296,5296,128445,768,1
372,768,296,5278,128519,768,1
373,768,277,5334,128889,768,1
374,768,297,5296,128129,768,1
375,768,296,5315,128167,768,1
376,768,296,5296,128519,768,1
377,768,297,5352,128278,768,1
378,768,296,5371,128277,768,1
379,768,314,5297,128241,768,1
380,768,296,5297,128352,768,1
381,768,297,5333,128889,768,1
382,768,296,5315,128759,768,1
383,768,296,5296,128241,768,1
384,768,296,5500,129129,768,1
385,768,296,5352,128408,768,1
386,768,296,5296,128500,768,1
387,768,296,5315,128111,768,1
388,768,296,5278,128277,768,1
389,768,296,5334,128648,768,1
390,768,314,5463,128889,768,1
391,768,296,5296,128111,768,1
392,768,296,5278,128000,768,1
393,768,297,5315,128352,768,1
394,768,314,5352,128278,768,1
395,768,296,5296,128519,768,1
396,768,296,5297,128129,768,1
397,768,296,5297,128481,768,1
398,768,296,5296,128315,768,1
399,768,315,5296,129296,768,1
400,768,297,5463,128278,768,1
401,768,297,5315,128907,768,1
402,768,296,5260,128037,768,1
403,768,296,5315,128037,768,1
404,768,296,5278,128074,768,1
405,768,297,5388,128685,768,1
406,768,297,5296,129333,768,1
407,768,296,5333,128834,768,1
408,768,296,5297,128870,768,1
409,768,296,5334,128407,768,1
410,768,278,5408,128426,768,1
411,768,315,5278,128185,768,1
412,768,296,6000,134500,768,1
413,768,315,9259,135260,768,1
414,768,296,6093,129463,768,1
415,768,296,5445,128722,768,1
416,768,296,5556,128925,768,1
417,768,296,5333,127963,768,1
418,768,297,5315,128703,768,1
419,768,296,5333,128296,768,1
420,768,296,5315,128500,768,1
421,768,315,5334,128833,768,1
422,768,315,5296,128463,768,1
423,768,297,5314,128722,768,1
424,768,296,5426,128574,768,1
425,768,296,5371,128481,768,1
426,768,296,5334,128092,768,1
427,768,296,5352,128260,768,1
428,768,278,5389,128167,768,1
429,768,278,5352,128852,768,1
430,768,296,5407,127815,768,1
431,768,296,5296,128111,768,1
432,768,278,5537,128389,768,1
433,768,297,5351,128259,768,1
434,768,296,5352,128186,768,1
435,768,296,5259,128445,768,1
436,768,296,5371,128185,768,1
437,768,296,5334,128740,768,1
438,768,296,5334,128166,768,1
439,768,296,5297,128611,768,1
440,768,296,5482,129018,768,1
441,768,296,5352,128797,768,1
442,768,297,5333,128667,768,1
443,768,297,5314,128241,768,1
444,768,297,5352,128315,768,1
445,768,297,5333,128630,768,1
446,768,297,5370,128370,768,1
447,768,296,5315,128611,768,1
448,768,297,5574,128704,768,1
449,768,297,5389,128241,768,1
450,768,296,5352,128611,768,1
451,768,297,5296,128185,768,1
452,768,297,5370,128537,768,1
453,768,296,5315,127926,768,1
454,768,315,5537,128574,768,1
455,768,296,5352,128241,768,1
456,768,296,5445,128630,768,1
457,768,296,5352,128667,768,1
458,768,296,5426,128445,768,1
459,768,296,5370,128482,768,1
460,768,278,5352,128297,768,1
461,768,297,5314,128093,768,1
462,768,315,5333,128815,768,1
463,768,297,5352,128259,768,1
464,768,297,5500,128223,768,1
465,768,297,5352,128093,768,1
466,768,296,5333,128333,768,1
467,768,315,5278,128259,768,1
468,768,296,5334,128148,768,1
469,768,297,5333,129056,768,1
470,768,315,5333,128815,768,1
471,768,296,5426,128629,768,1
472,768,296,5296,128556,768,1
473,768,297,5351,128333,768,1
474,768,296,5408,130130,768,1
475,768,296,5370,128556,768,1
476,768,314,5352,128630,768,1
477,768,296,5407,128482,768,1
478,768,297,5352,128222,768,1
479,768,315,5370,128130,768,1
480,768,315,5463,128371,768,1
481,768,297,5333,128185,768,1
482,768,296,5315,128185,768,1
483,768,296,5297,128055,768,1
484,768,296,5315,128389,768,1
485,768,296,5296,128574,768,1
486,768,296,5315,129223,768,1
487,768,297,5315,128407,768,1
488,768,296,5444,128593,768,1
489,768,296,5333,128352,768,1
490,768,296,5315,128482,768,1
491,768,297,5315,128259,768,1
492,768,277,5371,128388,768,1
493,768,296,5315,128407,768,1
494,768,315,5277,128704,768,1
495,768,297,5389,127944,768,1
496,768,296,5463,128482,768,1
497,768,296,5297,128425,768,1
498,768,296,5296,128167,768,1
499,768,296,5297,128389,768,1
500,768,296,5296,127926,768,1
501,768,296,5278,128407,768,1
502,768,296,7093,130186,768,1
503,768,297,5296,128759,768,1
504,768,296,5278,127963,768,1
505,768,296,5333,127833,768,1
506,768,297,5370,128611,768,1
507,768,296,5296,128704,768,1
508,768,296,5370,128019,768,1
509,768,297,5296,128167,768,1
510,768,297,5333,128759,768,1
511,768,296,5315,128166,768,1
512,768,296,5463,128444,768,1
513,768,296,5333,127834,768,1
514,768,297,5314,128167,768,1
515,768,278,5277,128315,768,1
516,768,296,5333,128297,768,1
517,768,297,5278,128556,768,1
518,768,315,5500,128907,768,1
519,768,296,5352,128130,768,1
520,768,297,5315,129074,768,1
521,768,296,5408,128871,768,1
522,768,297,5370,128611,768,1
523,768,297,5333,128296,768,1
524,768,296,5352,128444,768,1
525,768,297,5333,128296,768,1
526,768,297,5370,128000,768,1
527,768,296,5315,128093,768,1
528,768,296,5482,128481,768,1
529,768,296,5315,128426,768,1
530,768,296,5297,128685,768,1
531,768,314,5334,128259,768,1
532,768,296,5315,130092,768,1
533,768,315,5370,128425,768,1
534,768,296,5352,128278,768,1
535,768,297,5296,128537,768,1
536,768,296,5260,128259,768,1
537,768,314,5389,129852,768,1
538,768,297,5407,128537,768,1
539,768,314,5389,128204,768,1
540,768,296,5315,128259,768,1
541,768,296,5315,128111,768,1
542,768,296,5296,128371,768,1
543,768,278,5333,128555,768,1
544,768,296,5482,128574,768,1
545,768,297,5315,128148,768,1
546,768,296,5315,128278,768,1
547,768,296,5296,128222,768,1
548,768,315,5833,133389,768,1
549,768,315,9463,135277,768,1
550,768,297,6111,129000,768,1
551,768,296,5426,129314,768,1
552,768,296,5333,128926,768,1
553,768,296,5334,128259,768,1
554,768,296,5352,129463,768,1
555,768,296,5370,128519,768,1
556,768,296,5352,128611,768,1
557,768,296,5315,128296,768,1
558,768,315,5315,128296,768,1
559,768,296,5370,128648,768,1
560,768,296,5612,128740,768,1
561,768,296,5296,128074,768,1
562,768,296,5352,129074,768,1
563,768,297,5574,128759,768,1
564,768,296,5278,128481,768,1
565,768,296,5278,127537,768,1
566,768,296,5260,128296,768,1
567,768,296,5259,128074,768,1
568,768,296,5315,128222,768,1
569,768,296,5278,128074,768,1
570,768,297,5296,128093,768,1
571,768,296,5334,128741,768,1
572,768,297,5315,128407,768,1
573,768,296,5445,128611,768,1
574,768,296,5296,127945,768,1
575,768,297,5370,128537,768,1
576,768,296,5500,128222,768,1
577,768,296,5296,128185,768,1
578,768,296,5259,128314,768,1
579,768,297,5333,128778,768,1
580,768,296,5296,128371,768,1
581,768,297,5278,128574,768,1
582,768,315,5852,130130,768,1
583,768,296,5815,129741,768,1
584,768,315,6019,128889,768,1
585,768,296,5445,128259,768,1
586,768,296,5296,128556,768,1
587,768,278,5334,128297,768,1
588,768,296,5315,128537,768,1
589,768,296,5352,127982,768,1
590,768,296,5444,128519,768,1
591,768,278,5352,128963,768,1
592,768,296,5815,136037,768,1
593,768,314,5612,137871,768,1
594,768,315,6130,131074,768,1
595,768,297,5463,129111,768,1
596,768,296,5352,128741,768,1
597,768,297,5296,128537,768,1
598,768,296,5334,128074,768,1
599,768,296,5426,128333,768,1
600,768,296,5315,127871,768,1
601,768,297,5370,128055,768,1
602,768,277,5334,128500,768,1
603,768,315,5333,127723,768,1
604,768,297,5296,128389,768,1
605,768,296,5315,131611,768,1
606,768,296,5518,128630,768,1
607,768,297,5389,128722,768,1
608,768,277,5519,128741,768,1
609,768,296,5370,128722,768,1
610,768,296,5241,128963,768,1
611,768,297,5277,128259,768,1
612,768,296,5296,128260,768,1
613,768,315,5241,128500,768,1
614,768,297,5277,128463,768,1
615,768,296,5259,128185,768,1
616,768,296,5352,128111,768,1
617,768,296,5241,128370,768,1
618,768,296,5352,128278,768,1
619,768,296,5315,128185,768,1
620,768,297,5240,128333,768,1
621,768,296,5259,128186,768,1
622,768,297,5277,129092,768,1
623,768,297,5277,129111,768,1
624,768,314,5426,128834,768,1
625,768,296,5389,128352,768,1
626,768,297,5240,127833,768,1
627,768,296,5278,127982,768,1
628,768,297,5277,128685,768,1
629,768,296,5278,128408,768,1
630,768,296,5278,128259,768,1
631,768,296,5260,128296,768,1
632,768,296,5259,129185,768,1
633,768,296,5241,127963,768,1
634,768,297,5240,128111,768,1
635,768,296,5259,128148,768,1
636,768,297,5277,128870,768,1
637,768,297,5277,127815,768,1
638,768,297,5259,128537,768,1
639,768,297,5314,128981,768,1
640,768,296,5426,129241,768,1
641,768,296,5407,128593,768,1
642,768,296,5278,128463,768,1
643,768,296,5296,128186,768,1
644,768,297,5277,132055,768,1
645,768,278,5333,136241,768,1
646,768,315,5852,136833,768,1
647,768,333,10759,140130,768,1
648,768,315,9796,139944,768,1
649,768,315,10500,142259,768,1
650,768,315,10129,139851,768,1
651,768,315,10240,135871,768,1
652,768,296,5963,129019,768,1
653,768,296,5537,128315,768,1
654,768,297,5463,130259,768,1
655,768,296,6000,129666,768,1
656,768,297,5648,131296,768,1
657,768,296,5426,128574,768,1
658,768,296,5315,195129,768,1
659,768,333,14074,145241,768,1
660,768,296,6204,130519,768,1
661,768,297,5518,128907,768,1
662,768,296,5408,128277,768,1
663,768,297,5314,129203,768,1
664,768,296,5352,128315,768,1
665,768,297,5426,128704,768,1
666,768,296,5334,128371,768,1
667,768,296,5352,128315,768,1
668,768,296,5334,128389,768,1
669,768,296,5408,128204,768,1
670,768,297,5352,128630,768,1
671,768,297,5352,128907,768,1
672,768,296,6074,129482,768,1
673,768,297,5352,130667,768,1
674,768,426,5352,128297,768,1
675,768,315,5315,128481,768,1
676,768,297,5333,128333,768,1
677,768,297,5333,128481,768,1
678,768,315,5296,128129,768,1
679,768,296,5297,128815,768,1
680,768,297,5259,128018,768,1
681,768,296,5315,128629,768,1
682,768,296,5278,128482,768,1
683,768,297,5351,128370,768,1
684,768,297,5278,127963,768,1
685,768,315,11000,139296,768,1
686,768,334,9592,135056,768,1
687,768,296,5871,128925,768,1
688,768,296,5722,128334,768,1
689,768,296,5352,175444,768,1
690,768,315,14389,154297,768,1
691,768,315,17166,163260,768,1
692,768,333,10759,137445,768,1
693,768,296,5982,129944,768,1
694,768,296,5445,128963,768,1
695,768,297,5333,128408,768,1
696,768,297,5333,128370,768,1
697,768,296,5352,128592,768,1
698,768,296,5371,128611,768,1
699,768,315,5333,129056,768,1
700,768,296,5352,129055,768,1
701,768,296,5407,128556,768,1
702,768,315,5315,128630,768,1
703,768,296,5352,128408,768,1
704,768,296,5666,129056,768,1
705,768,296,5334,130982,768,1
706,768,296,5333,136926,768,1
707,768,296,5630,451240,768,1
708,768,334,16074,144963,768,1
709,768,296,6222,130223,768,1
710,768,296,5463,128796,768,1
711,768,296,5445,130703,768,1
712,768,297,5722,129481,768,1
713,768,296,5371,128518,768,1
714,768,296,5333,128704,768,1
715,768,297,5426,129259,768,1
716,768,297,5315,128463,768,1
717,768,297,5277,128500,768,1
718,768,296,5352,128259,768,1
719,768,296,5463,129037,768,1
720,768,315,5463,128685,768,1
721,768,296,5352,128574,768,1
722,768,296,5259,128204,768,1
723,768,297,5240,128852,768,1
724,768,296,5278,129296,768,1
725,768,297,5296,128944,768,1
726,768,278,5315,128167,768,1
727,768,315,5278,128370,768,1
728,768,296,5259,128148,768,1
729,768,296,5204,128796,768,1
730,768,296,5259,129426,768,1
731,768,297,5203,128926,768,1
732,768,296,5278,128685,768,1
733,768,278,5278,128519,768,1
734,768,296,5278,128370,768,1
735,768,296,5296,128482,768,1
736,768,296,5426,128851,768,1
737,768,296,5278,128889,768,1
738,768,297,5240,128241,768,1
739,768,296,5278,128871,768,1
740,768,278,5241,128592,768,1
741,768,278,5278,130630,768,1
742,768,296,5278,128741,768,1
743,768,296,5334,128537,768,1
744,768,296,5278,128334,768,1
745,768,296,5260,128203,768,1
746,768,296,5259,128481,768,1
747,768,296,5241,127889,768,1
748,768,297,5241,128574,768,1
749,768,297,5259,128370,768,1
750,768,296,5241,128351,768,1
751,768,296,5222,128667,768,1
752,768,296,5389,128204,768,1
753,768,297,5296,128426,768,1
754,768,315,5204,127963,768,1
755,768,297,5222,128611,768,1
756,768,296,5315,128815,768,1
757,768,297,5240,128500,768,1
758,768,314,5223,129519,768,1
759,768,296,5259,128852,768,1
760,768,296,5241,128259,768,1
761,768,296,5222,128463,768,1
762,768,297,5259,129500,768,1
763,768,297,5259,128426,768,1
764,768,296,5241,162814,768,1
765,768,314,5908,129852,768,1
766,768,297,5370,128555,768,1
767,768,297,5314,128574,768,1
768,768,296,5519,128926,768,1
769,768,297,5277,128518,768,1
770,768,296,5297,128574,768,1
771,768,296,5260,128555,768,1
772,768,297,5444,128759,768,1
773,768,296,5259,128981,768,1
774,768,297,5277,128092,768,1
775,768,296,5185,128482,768,1
776,768,296,5185,127778,768,1
777,768,296,5185,127574,768,1
778,768,296,5222,127593,768,1
779,768,296,5259,127648,768,1
780,768,296,5167,128222,768,1
781,768,296,5186,127408,768,1
782,768,297,5240,127778,768,1
783,768,297,5241,128019,768,1
784,768,297,5388,127574,768,1
785,768,278,5037,127222,768,1
786,768,278,4981,126629,768,1
787,768,277,5260,127463,768,1
788,768,260,4925,127185,768,1
789,768,277,5019,126834,768,1
790,768,278,5019,127333,768,1
791,768,278,4945,126871,768,1
792,768,278,5000,127907,768,1
793,768,278,5037,127018,768,1
794,768,278,5018,127185,768,1
795,768,278,6482,127222,768,1
796,768,296,5222,127833,768,1
797,768,278,5037,126611,768,1
798,768,278,5000,127167,768,1
799,768,278,4963,126741,768,1
800,768,278,5166,127389,768,1
801,768,278,5093,126963,768,1
802,768,277,5000,127000,768,1
803,768,278,4963,126593,768,1
804,768,278,5000,129445,768,1
805,768,296,5444,128185,768,1
806,768,296,5185,127851,768,1
807,768,278,5074,128000,768,1
808,768,278,5111,128000,768,1
809,768,277,5111,129685,768,1
810,768,278,5129,127796,768,1
811,768,278,5129,128203,768,1
812,768,278,5111,128129,768,1
813,768,278,5148,127815,768,1
814,768,278,5111,128371,768,1
815,768,277,5130,127889,768,1
816,768,277,5278,127926,768,1
817,768,278,5204,128000,768,1
818,768,278,5111,127944,768,1
819,768,278,5111,127981,768,1
820,768,278,5111,127703,768,1
821,768,296,5944,133408,768,1
822,768,296,8834,133259,768,1
823,768,278,5556,128389,768,1
824,768,278,5129,127888,768,1
825,768,278,5148,128370,768,1
826,768,278,5130,128852,768,1
827,768,278,5111,127908,768,1
828,768,277,5111,128370,768,1
829,768,278,5093,127852,768,1
830,768,278,5130,127889,768,1
831,768,278,5111,127889,768,1
832,768,259,5260,128185,768,1
833,768,278,5092,127833,768,1
834,768,277,5093,127445,768,1
835,768,278,5056,128371,768,1
836,768,278,5445,127833,768,1
837,768,278,5092,127963,768,1
838,768,278,5093,127796,768,1
839,768,277,5204,128240,768,1
840,768,278,5056,127685,768,1
841,768,278,5074,128129,768,1
842,768,278,5111,127685,768,1
843,768,278,5037,128556,768,1
844,768,278,5185,128556,768,1
845,768,277,5074,128000,768,1
846,768,297,5111,127907,768,1
847,768,278,5148,127630,768,1
848,768,278,5222,127926,768,1
849,768,278,5111,127963,768,1
850,768,278,5074,127722,768,1
851,768,277,5056,128240,768,1
852,768,278,5148,127945,768,1
853,768,260,5074,127982,768,1
854,768,277,5093,127815,768,1
855,768,259,5092,127796,768,1
856,768,277,5075,127981,768,1
857,768,278,5204,127796,768,1
858,768,259,5093,127685,768,1
859,768,278,5074,128019,768,1
860,768,278,5092,128852,768,1
861,768,277,5149,128648,768,1
862,768,278,5092,127944,768,1
863,768,278,5074,127629,768,1
864,768,277,5241,127908,768,1
865,768,278,5074,127889,768,1
866,768,278,5129,127704,768,1
867,768,278,5167,127612,768,1
868,768,278,5129,127982,768,1
869,768,278,5055,128370,768,1
870,768,278,5092,128074,768,1
871,768,296,5056,127537,768,1
872,768,278,5056,127444,768,1
873,768,278,5037,127426,768,1
874,768,278,5092,127556,768,1
875,768,278,5037,127630,768,1
876,768,278,5074,127611,768,1
877,768,278,5055,129185,768,1
878,768,278,5111,128129,768,1
879,768,278,5129,127871,768,1
880,768,259,5186,127741,768,1
881,768,278,5074,127592,768,1
882,768,278,5055,127889,768,1
883,768,296,5185,127537,768,1
884,768,278,5056,127723,768,1
885,768,278,5055,128056,768,1
886,768,278,5074,127888,768,1
887,768,278,5074,127796,768,1
888,768,278,5056,127592,768,1
889,768,277,5111,127908,768,1
890,768,277,5093,127797,768,1
891,768,278,5037,127704,768,1
892,768,277,5038,127463,768,1
893,768,278,5074,127852,768,1
894,768,278,5056,128519,768,1
895,768,278,5074,128074,768,1
896,768,278,5278,128259,768,1
897,768,278,5111,128018,768,1
898,768,296,5167,127278,768,1
899,768,278,5037,126797,768,1
900,768,278,5130,127278,768,1
901,768,278,5019,126815,768,1
902,768,296,4982,127278,768,1
903,768,278,5018,126908,768,1
904,768,277,5019,127204,768,1
905,768,278,4982,126778,768,1
906,768,278,4982,126612,768,1
907,768,278,4982,126704,768,1
908,768,277,5019,127111,768,1
909,768,278,5000,126981,768,1
910,768,277,5038,127648,768,1
911,768,278,5000,128019,768,1
912,768,278,5167,127370,768,1
913,768,278,5093,126630,768,1
914,768,278,5000,126593,768,1
915,768,278,5092,126833,768,1
916,768,278,5018,126981,768,1
917,768,278,5018,126871,768,1
918,768,278,5000,127185,768,1
919,768,278,4981,126963,768,1
920,768,259,5037,127351,768,1
921,768,277,5000,126833,768,1
922,768,278,5019,126629,768,1
923,768,296,5000,127092,768,1
924,768,278,5018,126907,768,1
925,768,277,5000,127185,768,1
926,768,278,5074,127500,768,1
927,768,278,5018,127222,768,1
928,768,277,5204,133000,768,1
929,768,278,5500,128871,768,1
930,768,277,5093,127852,768,1
931,768,277,5056,127500,768,1
932,768,278,5111,128074,768,1
933,768,278,5074,127741,768,1
934,768,278,5074,127833,768,1
935,768,278,5092,127574,768,1
936,768,277,5186,128334,768,1
937,768,278,5074,127500,768,1
938,768,278,5074,127889,768,1
939,768,277,5074,127908,768,1
940,768,278,5056,128074,768,1
941,768,278,5055,127852,768,1
942,768,296,5093,127593,768,1
943,768,277,5111,128019,768,1
944,768,278,5222,127741,768,1
945,768,278,5093,129222,768,1
946,768,278,5203,128444,768,1
947,768,278,5092,127703,768,1
948,768,297,5092,127889,768,1
949,768,278,5055,127685,768,1
950,768,296,5093,127777,768,1
951,768,277,5167,127926,768,1
952,768,278,5074,127889,768,1
953,768,278,5111,127815,768,1
954,768,278,5129,127926,768,1
955,768,277,5093,127741,768,1
956,768,296,5074,128074,768,1
957,768,296,5074,127463,768,1
958,768,278,5815,133092,768,1
959,768,296,8667,134186,768,1
960,768,278,6185,128351,768,1
961,768,278,5241,127407,768,1
962,768,278,5055,127593,768,1
963,768,296,5038,127685,768,1
964,768,277,5204,126889,768,1
965,768,278,5056,126926,768,1
966,768,278,5019,127018,768,1
967,768,277,5000,127000,768,1
968,768,278,5037,126963,768,1
969,768,296,4963,127093,768,1
970,768,278,5019,126667,768,1
971,768,278,5000,126760,768,1
972,768,278,5019,127037,768,1
973,768,278,4981,126870,768,1
974,768,277,5000,126815,768,1
975,768,278,5037,127240,768,1
976,768,277,5186,127685,768,1
977,768,278,5037,126685,768,1
978,768,278,5037,127240,768,1
979,768,278,5037,127277,768,1
980,768,278,5055,127425,768,1
981,768,296,5093,127166,768,1
982,768,277,5037,127167,768,1
983,768,278,5000,127241,768,1
984,768,278,5019,126815,768,1
985,768,278,5000,126888,768,1
986,768,277,4982,126667,768,1
987,768,296,5000,126981,768,1
988,768,277,5000,126982,768,1
989,768,278,4981,126815,768,1
990,768,278,4963,127482,768,1
991,768,297,5463,127463,768,1
992,768,278,5222,127370,768,1
993,768,278,4981,126759,768,1
994,768,278,5000,126851,768,1
995,768,277,4982,127111,768,1
996,768,278,4981,127296,768,1
997,768,277,5037,127482,768,1
998,768,278,5037,126759,768,1
999,768,259,5019,127204,768,1
1000,768,278,4981,127074,768,1
1001,768,278,5018,127037,768,1
1002,768,278,4981,126815,768,1
1003,768,278,5000,126723,768,1
1004,768,278,5000,127037,768,1
1005,768,278,5037,126777,768,1
1006,768,277,5037,126982,768,1
1007,768,278,5019,126982,768,1
1008,768,278,5278,127000,768,1
1009,768,278,5056,127055,768,1
1010,768,296,5000,126963,768,1
1011,768,278,5000,126630,768,1
1012,768,278,4945,126537,768,1
1013,768,277,4982,129092,768,1
1014,768,278,5148,127000,768,1
1015,768,277,5000,126648,768,1
1016,768,277,5019,127315,768,1
1017,768,277,5000,126963,768,1
1018,768,278,4981,127112,768,1
1019,768,296,5019,126889,768,1
1020,768,278,4981,126778,768,1
1021,768,278,4982,127112,768,1
1022,768,278,5056,129259,768,1
1023,768,278,5426,128445,768,1
1024,768,278,5278,127870,768,1
1025,768,277,5093,127555,768,1
1026,768,278,5074,128000,768,1
1027,768,278,5056,127537,768,1
1028,768,278,5259,127740,768,1
1029,768,278,5074,127648,768,1
1030,768,296,5055,128630,768,1
1031,768,278,5092,127703,768,1
1032,768,278,5093,128130,768,1
1033,768,278,5092,127278,768,1
1034,768,278,5074,127334,768,1
1035,768,296,5148,127463,768,1
1036,768,278,5055,127648,768,1
1037,768,278,5055,127740,768,1
1038,768,277,5130,128537,768,1
1039,768,278,5074,127593,768,1
1040,768,278,5222,128204,768,1
1041,768,278,5111,127741,768,1
1042,768,278,5037,127741,768,1
1043,768,278,5204,127537,768,1
1044,768,296,5093,127666,768,1
1045,768,277,5074,127463,768,1
1046,768,278,5037,127518,768,1
1047,768,277,5037,128259,768,1
1048,768,259,5185,127518,768,1
1049,768,278,5056,127796,768,1
1050,768,277,5056,127537,768,1
1051,768,278,5056,127500,768,1
1052,768,278,5055,127463,768,1
1053,768,278,5055,127537,768,1
1054,768,278,5093,127611,768,1
1055,768,278,5074,127889,768,1
1056,768,278,5296,128056,768,1
1057,768,277,5111,128352,768,1
1058,768,278,5093,127463,768,1
1059,768,278,5111,127574,768,1
1060,768,278,5129,127630,768,1
1061,768,278,5130,127703,768,1
1062,768,296,5074,127500,768,1
1063,768,278,5074,127907,768,1
1064,768,278,5111,128629,768,1
1065,768,277,5223,128352,768,1
1066,768,278,5111,127666,768,1
1067,768,277,5112,127871,768,1
1068,768,278,5111,127889,768,1
1069,768,259,5111,127907,768,1
1070,768,296,5111,127667,768,1
1071,768,278,5111,127463,768,1
1072,768,278,5259,127982,768,1
1073,768,278,5129,127870,768,1
1074,768,278,5074,127740,768,1
1075,768,277,5149,127482,768,1
1076,768,297,5055,127648,768,1
1077,768,278,5074,127352,768,1
1078,768,278,5055,128129,768,1
1079,768,278,5056,127426,768,1
1080,768,277,5037,128000,768,1
1081,768,278,5092,128759,768,1
1082,768,278,5111,127852,768,1
1083,768,277,5130,127852,768,1
1084,768,278,5074,127611,768,1
1085,768,277,5148,127908,768,1
1086,768,278,5055,127463,768,1
1087,768,278,5055,127778,768,1
1088,768,278,5222,128388,768,1
1089,768,277,5112,127889,768,1
1090,768,278,5074,127963,768,1
1091,768,296,5778,131982,768,1
1092,768,297,8685,133685,768,1
1093,768,278,5833,128407,768,1
1094,768,277,5186,127852,768,1
1095,768,278,5129,127759,768,1
1096,768,278,5130,127537,768,1
1097,768,278,5111,127592,768,1
1098,768,278,5092,128148,768,1
1099,768,278,5259,128722,768,1
1100,768,278,5148,127944,768,1
1101,768,277,5130,128093,768,1
1102,768,278,5092,127963,768,1
1103,768,278,5111,127574,768,1
1104,768,278,5241,127777,768,1
1105,768,278,5130,127500,768,1
1106,768,278,5055,128056,768,1
1107,768,278,5074,127908,768,1
1108,768,278,5074,127314,768,1
1109,768,259,5092,127611,768,1
1110,768,278,5129,127592,768,1
1111,768,278,5093,127537,768,1
1112,768,278,5093,128074,768,1
1113,768,278,5092,127851,768,1
1114,768,277,5056,127796,768,1
1115,768,277,5093,128704,768,1
1116,768,277,5241,127463,768,1
1117,768,278,5074,127241,768,1
1118,768,278,5018,127186,768,1
1119,768,278,5056,126852,768,1
1120,768,259,5204,127278,768,1
1121,768,278,5037,126518,768,1
1122,768,278,5018,127371,768,1
1123,768,278,5074,126926,768,1
1124,768,278,5074,126722,768,1
1125,768,278,5092,126870,768,1
1126,768,278,5055,126722,768,1
1127,768,277,5037,126777,768,1
1128,768,278,5037,127037,768,1
1129,768,278,5093,126870,768,1
1130,768,278,5037,127018,768,1
1131,768,278,5074,127092,768,1
1132,768,278,5074,127519,768,1
1133,768,278,5093,126926,768,1
1134,768,277,5056,127074,768,1
1135,768,278,5074,126852,768,1
1136,768,278,5222,126814,768,1
1137,768,277,5056,126926,768,1
1138,768,278,5037,127074,768,1
1139,768,278,5055,127277,768,1
1140,768,278,5093,126889,768,1
1141,768,278,5074,127204,768,1
1142,768,278,5000,126648,768,1
1143,768,278,5037,126944,768,1
1144,768,278,5056,127055,768,1
1145,768,277,5037,126593,768,1
1146,768,278,5000,127944,768,1
1147,768,296,5407,128556,768,1
1148,768,277,5111,127796,768,1
1149,768,277,5130,129019,768,1
1150,768,278,5111,128167,768,1
1151,768,278,5130,127796,768,1
1152,768,278,5241,127981,768,1
1153,768,277,5075,127556,768,1
1154,768,277,5019,127500,768,1
1155,768,278,5055,127852,768,1
1156,768,278,5222,127981,768,1
1157,768,277,5112,127593,768,1
1158,768,277,5056,128000,768,1
1159,768,278,5037,127352,768,1
1160,768,278,5037,128093,768,1
1161,768,278,5056,127537,768,1
1162,768,278,5129,127537,768,1
1163,768,297,5092,128037,768,1
1164,768,278,5074,127389,768,1
1165,768,278,5074,127630,768,1
1166,768,278,5148,128797,768,1
1167,768,297,5092,128241,768,1
1168,768,278,5222,127741,768,1
1169,768,278,5092,127722,768,1
1170,768,278,5037,127760,768,1
1171,768,278,5056,127834,768,1
1172,768,278,5074,128167,768,1
1173,768,278,5074,127797,768,1
1174,768,278,5056,127630,768,1
1175,768,278,5037,127518,768,1
1176,768,278,5018,127629,768,1
1177,768,278,5056,127537,768,1
1178,768,278,5111,127555,768,1
1179,768,259,5056,127796,768,1
1180,768,277,5093,127537,768,1
1181,768,278,5093,127370,768,1
1182,768,278,5055,127629,768,1
1183,768,278,5055,128074,768,1
1184,768,278,5222,127797,768,1
1185,768,278,5092,128093,768,1
1186,768,278,5056,127500,768,1
1187,768,277,5019,127426,768,1
1188,768,277,5056,127685,768,1
1189,768,278,5074,127481,768,1
1190,768,296,5037,127575,768,1
1191,768,278,5056,127611,768,1
1192,768,277,5037,127704,768,1
1193,768,278,5074,127833,768,1
1194,768,278,5037,127426,768,1
1195,768,278,5056,127722,768,1
1196,768,278,5037,127648,768,1
1197,768,296,5074,127667,768,1
1198,768,277,5056,127630,768,1
1199,768,278,5074,127574,768,1
1200,768,278,5222,128444,768,1
1201,768,277,5149,127519,768,1
1202,768,278,5074,127981,768,1
1203,768,296,5037,127852,768,1
1204,768,278,5074,128149,768,1
1205,768,278,5185,127574,768,1
1206,768,278,5037,127685,768,1
1207,768,259,5056,127463,768,1
1208,768,278,5204,128037,768,1
1209,768,277,5112,127648,768,1
1210,768,278,5055,127481,768,1
1211,768,278,5056,127500,768,1
1212,768,277,5056,127963,768,1
1213,768,278,5056,127278,768,1
1214,768,278,5056,127574,768,1
1215,768,278,5037,127482,768,1
1216,768,278,5241,127537,768,1
1217,768,278,5056,129592,768,1
1218,768,278,5074,128092,768,1
1219,768,277,5093,127463,768,1
1220,768,278,5185,128130,768,1
1221,768,259,5093,127556,768,1
1222,768,278,5019,127556,768,1
1223,768,296,5759,132834,768,1
1224,768,296,8556,133537,768,1
1225,768,296,5760,128426,768,1
1226,768,278,5167,127741,768,1
1227,768,278,5129,127630,768,1
1228,768,278,5093,128333,768,1
1229,768,278,5111,127148,768,1
1230,768,278,5093,127370,768,1
1231,768,278,5130,127648,768,1
1232,768,278,5296,127944,768,1
1233,768,277,5186,127833,768,1
1234,768,277,5075,128648,768,1
1235,768,278,5092,127740,768,1
1236,768,277,5037,127963,768,1
1237,768,260,5111,127926,768,1
1238,768,277,5056,127648,768,1
1239,768,278,5056,127833,768,1
1240,768,278,6407,128389,768,1
1241,768,259,5130,127315,768,1
1242,768,278,5055,127111,768,1
1243,768,277,4982,127203,768,1
1244,768,277,5000,127111,768,1
1245,768,259,5019,127074,768,1
1246,768,278,5000,126426,768,1
1247,768,278,4981,126556,768,1
1248,768,278,5148,127130,768,1
1249,768,277,5037,126537,768,1
1250,768,278,4981,126778,768,1
1251,768,278,5019,128148,768,1
1252,768,278,5037,127130,768,1
1253,768,278,5000,126574,768,1
1254,768,277,5019,126648,768,1
1255,768,278,5000,126667,768,1
1256,768,278,5000,127000,768,1
1257,768,277,4982,126778,768,1
1258,768,277,5000,126945,768,1
1259,768,278,5000,126852,768,1
1260,768,278,4981,126797,768,1
1261,768,278,5018,127129,768,1
1262,768,278,5018,126426,768,1
1263,768,278,5018,127333,768,1
1264,768,277,5130,126704,768,1
1265,768,277,5037,126963,768,1
1266,768,278,4981,126722,768,1
1267,768,278,4981,126852,768,1
1268,768,278,5019,127759,768,1
1269,768,278,4981,127222,768,1
1270,768,278,5000,132908,768,1
1271,768,278,5500,129129,768,1
1272,768,278,5166,127445,768,1
1273,768,278,5093,127685,768,1
1274,768,278,5092,127444,768,1
1275,768,296,5074,127649,768,1
1276,768,278,5037,127371,768,1
1277,768,278,5056,127852,768,1
1278,768,296,5074,127148,768,1
1279,768,278,5074,127445,768,1
1280,768,278,5315,127981,768,1
1281,768,297,5074,127426,768,1
1282,768,278,5055,127630,768,1
1283,768,278,5018,127500,768,1
1284,768,260,5222,127352,768,1
1285,768,278,5056,129000,768,1
1286,768,278,5093,127759,768,1
1287,768,296,5093,127611,768,1
1288,768,278,5092,127574,768,1
1289,768,278,5055,127037,768,1
1290,768,277,5075,127111,768,1
1291,768,277,5056,127555,768,1
1292,768,278,5037,127167,768,1
1293,768,278,5037,127518,768,1
1294,768,277,5074,127388,768,1
1295,768,277,5130,127778,768,1
1296,768,278,5222,127408,768,1
1297,768,259,5074,127296,768,1
1298,768,278,5037,127166,768,1
1299,768,278,5056,127315,768,1
1300,768,278,5056,127500,768,1
1301,768,278,5055,127371,768,1
1302,768,278,5037,128186,768,1
1303,768,278,5130,127315,768,1
1304,768,278,5092,127722,768,1
1305,768,278,5129,127444,768,1
1306,768,278,5074,127537,768,1
1307,768,278,5074,127722,768,1
1308,768,278,5055,127092,768,1
1309,768,278,5056,127537,768,1
1310,768,277,5056,127741,768,1
1311,768,278,5074,127722,768,1
1312,768,278,5241,127981,768,1
1313,768,278,5092,127204,768,1
1314,768,278,5074,127611,768,1
1315,768,278,5056,127352,768,1
1316,768,278,5037,127315,768,1
1317,768,278,5037,127778,768,1
1318,768,259,5056,127963,768,1
1319,768,278,5111,127944,768,1
1320,768,260,5092,127519,768,1
1321,768,278,5074,127648,768,1
1322,768,277,5074,127296,768,1
1323,768,277,5075,127574,768,1
1324,768,278,5074,127574,768,1
1325,768,278,5074,127593,768,1
1326,768,278,5111,127889,768,1
1327,768,278,5111,127426,768,1
1328,768,277,5223,128185,768,1
1329,768,278,5037,127796,768,1
1330,768,259,5037,127204,768,1
1331,768,278,5055,126907,768,1
1332,768,260,5037,127389,768,1
1333,768,278,5037,127537,768,1
1334,768,278,5111,127796,768,1
1335,768,278,5074,127870,768,1
1336,768,277,5056,127982,768,1
1337,768,278,5037,127778,768,1
1338,768,260,5074,127352,768,1
1339,768,278,5074,127556,768,1
1340,768,278,5130,127444,768,1
1341,768,278,5056,127167,768,1
1342,768,278,5056,127556,768,1
1343,768,278,5092,127371,768,1
1344,768,260,5222,127575,768,1
1345,768,278,5018,127593,768,1
1346,768,278,5037,127852,768,1
1347,768,278,5056,127389,768,1
1348,768,278,5185,127111,768,1
1349,768,278,5056,127296,768,1
1350,768,315,5037,127148,768,1
1351,768,278,5055,127129,768,1
1352,768,296,5037,127241,768,1
1353,768,297,5037,128166,768,1
1354,768,296,5056,127593,768,1
1355,768,297,5703,132315,768,1
1356,768,296,9389,133889,768,1
1357,768,296,5797,128278,768,1
1358,768,278,5185,127389,768,1
1359,768,278,5092,128018,768,1
1360,768,278,5278,128129,768,1
1361,768,278,5130,127500,768,1
1362,768,278,5074,127018,768,1
1363,768,278,5074,127500,768,1
1364,768,277,5111,127703,768,1
1365,768,296,5334,127814,768,1
1366,768,296,5112,127445,768,1
1367,768,296,5056,128037,768,1
1368,768,277,5112,127148,768,1
1369,768,278,5092,127537,768,1
1370,768,278,5111,128519,768,1
1371,768,259,5186,127685,768,1
1372,768,277,5093,127704,768,1
1373,768,278,5093,127166,768,1
1374,768,278,5074,127352,768,1
1375,768,278,5055,127445,768,1
1376,768,278,5241,127740,768,1
1377,768,278,5092,127500,768,1
1378,768,278,5092,127834,768,1
1379,768,278,5055,127093,768,1
1380,768,278,5037,127481,768,1
1381,768,259,5037,127204,768,1
1382,768,278,5074,127481,768,1
1383,768,278,5093,127852,768,1
1384,768,259,5130,127241,768,1
1385,768,278,5074,127037,768,1
1386,768,278,5093,127222,768,1
1387,768,278,5056,127871,768,1
1388,768,278,5111,127537,768,1
1389,768,277,5130,127481,768,1
1390,768,278,5111,127407,768,1
1391,768,277,5223,127759,768,1
1392,768,277,5315,127889,768,1
1393,768,278,5111,127426,768,1
1394,768,278,5092,127166,768,1
1395,768,278,5093,127611,768,1
1396,768,278,5130,127574,768,1
1397,768,277,5093,127574,768,1
1398,768,278,5074,127463,768,1
1399,768,260,5055,127797,768,1
1400,768,278,5129,127389,768,1
1401,768,277,5074,127537,768,1
1402,768,278,5056,127667,768,1
1403,768,278,5074,127519,768,1
1404,768,278,5055,128240,768,1
1405,768,259,5092,127296,768,1
1406,768,278,5055,127518,768,1
1407,768,296,5037,127575,768,1
1408,768,278,5222,128278,768,1
1409,768,278,5074,127611,768,1
1410,768,277,5038,127166,768,1
1411,768,259,5055,127148,768,1
1412,768,278,5315,127759,768,1
1413,768,278,5111,127111,768,1
1414,768,278,5111,128167,768,1
1415,768,278,5092,127260,768,1
1416,768,278,5055,127593,768,1
1417,768,278,5166,127555,768,1
1418,768,277,5093,127222,768,1
1419,768,278,5074,127555,768,1
1420,768,278,5056,127370,768,1
1421,768,277,5093,128574,768,1
1422,768,278,5111,127760,768,1
1423,768,278,5074,127352,768,1
1424,768,278,5352,127814,768,1
1425,768,296,5093,127297,768,1
1426,768,278,5055,127463,768,1
1427,768,278,5241,127704,768,1
1428,768,278,5055,127425,768,1
1429,768,277,5075,127185,768,1
1430,768,277,5037,127593,768,1
1431,768,278,5037,127333,768,1
1432,768,259,5056,127574,768,1
1433,768,278,5148,127463,768,1
1434,768,278,5074,127426,768,1
1435,768,278,5055,127260,768,1
1436,768,278,5037,127352,768,1
1437,768,278,5074,127537,768,1
1438,768,278,5019,127704,768,1
1439,768,278,5055,127556,768,1
1440,768,296,5204,127778,768,1
1441,768,278,5092,127389,768,1
1442,768,278,5019,127204,768,1
1443,768,259,5056,127185,768,1
1444,768,278,5056,127018,768,1
1445,768,277,5037,127482,768,1
1446,768,278,5074,127500,768,1
1447,768,277,5075,127519,768,1
1448,768,278,5074,127870,768,1
1449,768,278,5074,127148,768,1
1450,768,278,5074,127129,768,1
1451,768,278,5074,127407,768,1
1452,768,277,5074,127185,768,1
1453,768,277,5074,126982,768,1
1454,768,278,5074,127500,768,1
1455,768,278,5111,127907,768,1
1456,768,278,5333,127611,768,1
1457,768,278,5130,128241,768,1
1458,768,278,5111,127426,768,1
1459,768,278,5037,127037,768,1
1460,768,278,5092,127259,768,1
1461,768,278,5037,127037,768,1
1462,768,278,5037,127482,768,1
1463,768,278,5093,127167,768,1
1464,768,278,5074,127334,768,1
1465,768,278,5055,127611,768,1
1466,768,278,5055,127167,768,1
1467,768,278,5056,127278,768,1
1468,768,278,5055,127389,768,1
1469,768,277,5056,126963,768,1
1470,768,278,5055,127185,768,1
1471,768,277,5056,127260,768,1
1472,768,278,5296,128463,768,1
1473,768,259,5241,127704,768,1
1474,768,278,5074,127314,768,1
1475,768,278,5037,126833,768,1
1476,768,277,5241,127371,768,1
1477,768,278,5093,127186,768,1
1478,768,278,5055,127297,768,1
1479,768,278,5074,127092,768,1
1480,768,277,5093,127222,768,1
1481,768,278,5037,127778,768,1
1482,768,278,5037,127426,768,1
1483,768,278,5056,127112,768,1
1484,768,278,5055,127297,768,1
1485,768,278,5055,127075,768,1
1486,768,278,5037,127518,768,1
1487,768,277,5056,196259,768,1
1488,768,315,13685,142111,768,1
1489,768,314,9204,135519,768,1
1490,768,278,5778,129000,768,1
1491,768,278,5241,127741,768,1
1492,768,278,5166,127723,768,1
1493,768,278,5148,127667,768,1
1494,768,278,5148,127408,768,1
1495,768,277,5130,127630,768,1
1496,768,278,5130,127630,768,1
1497,768,278,5092,127834,768,1
1498,768,278,5111,127685,768,1
1499,768,278,5093,128019,768,1
1500,768,277,5075,127371,768,1
1501,768,278,5092,127723,768,1
1502,768,278,5111,127371,768,1
1503,768,278,5074,127259,768,1
1504,768,278,5278,127870,768,1
1505,768,277,5112,127704,768,1
1506,768,278,5111,129796,768,1
1507,768,278,5111,127629,768,1
1508,768,277,5111,127778,768,1
1509,768,296,5055,127130,768,1
1510,768,278,5092,127037,768,1
1511,768,297,5055,126981,768,1
1512,768,277,5074,127370,768,1
1513,768,277,5093,127611,768,1
1514,768,278,5092,127500,768,1
1515,768,259,5056,127889,768,1
1516,768,277,5111,127667,768,1
1517,768,278,5111,127296,768,1
1518,768,277,5111,127481,768,1
1519,768,296,5111,127482,768,1
1520,768,259,5352,127537,768,1
1521,768,278,5111,127611,768,1
1522,768,277,5093,127556,768,1
1523,768,278,5092,128296,768,1
1524,768,277,5111,127371,768,1
1525,768,278,5111,127371,768,1
1526,768,278,5092,127741,768,1
1527,768,278,5093,127500,768,1
1528,768,278,5111,127333,768,1
1529,768,278,5092,127611,768,1
1530,768,278,5130,127463,768,1
1531,768,278,5111,127426,768,1
1532,768,277,5093,127222,768,1
1533,768,278,5092,127166,768,1
1534,768,260,5074,127388,768,1
1535,768,277,5093,127463,768,1
1536,768,259,5296,127481,768,1
1537,768,277,5074,127204,768,1
1538,768,278,5055,127148,768,1
1539,768,278,5129,127518,768,1
1540,768,278,5296,128408,768,1
1541,768,278,5130,127296,768,1
1542,768,278,5092,127222,768,1
1543,768,297,5074,127537,768,1
1544,768,278,5129,127500,768,1
1545,768,277,5093,127388,768,1
1546,768,277,5093,137334,768,1
1547,768,278,5593,128222,768,1
1548,768,278,5222,127500,768,1
1549,768,278,5074,127518,768,1
1550,768,278,5092,127612,768,1
1551,768,278,5222,127185,768,1
1552,768,278,5222,127444,768,1
1553,768,277,5130,127389,768,1
1554,768,278,5111,127926,768,1
1555,768,278,5259,127612,768,1
1556,768,296,5074,127167,768,1
1557,768,278,5093,127759,768,1
1558,768,278,5093,127871,768,1
1559,768,278,5203,127445,768,1
1560,768,278,5092,127037,768,1
1561,768,278,5111,127315,768,1
1562,768,278,5074,127463,768,1
1563,768,278,5111,127407,768,1
1564,768,278,5074,127574,768,1
1565,768,278,5185,127574,768,1
1566,768,277,5093,127296,768,1
1567,768,277,5149,127408,768,1
1568,768,278,5240,127482,768,1
1569,768,278,5111,127407,768,1
1570,768,260,5129,127778,768,1
1571,768,278,5148,127796,768,1
1572,768,278,5111,127222,768,1
1573,768,278,5111,127426,768,1
1574,768,296,5093,128722,768,1
1575,768,278,5166,127444,768,1
1576,768,278,5093,127167,768,1
1577,768,277,5149,127297,768,1
1578,768,296,5056,127185,768,1
1579,768,277,5093,127037,768,1
1580,768,277,5056,127148,768,1
1581,768,260,5092,127815,768,1
1582,768,277,5148,127500,768,1
1583,768,278,5093,127186,768,1
1584,768,278,5241,127500,768,1
1585,768,278,5111,127074,768,1
1586,768,278,5074,127500,768,1
1587,768,277,5056,127389,768,1
1588,768,278,5074,127185,768,1
1589,768,278,5093,127055,768,1
1590,768,278,5074,127685,768,1
1591,768,278,5092,127815,768,1
1592,768,278,5074,127611,768,1
1593,768,278,5074,127463,768,1
1594,768,259,5093,127240,768,1
1595,768,277,5075,127352,768,1
1596,768,278,5093,127518,768,1
1597,768,278,5092,127203,768,1
1598,768,277,5130,127388,768,1
1599,768,278,5093,127278,768,1
1600,768,278,5241,127519,768,1
1601,768,278,5129,127703,768,1
1602,768,278,5092,127481,768,1
1603,768,278,5074,127463,768,1
1604,768,278,5297,127500,768,1
1605,768,278,5093,127278,768,1
1606,768,297,5055,127204,768,1
1607,768,278,5092,127389,768,1
1608,768,278,5074,127686,768,1
1609,768,278,5074,127037,768,1
1610,768,278,5093,127518,768,1
1611,768,278,5074,127666,768,1
1612,768,278,5037,128074,768,1
1613,768,278,5148,127500,768,1
1614,768,278,5074,127481,768,1
1615,768,260,5111,127148,768,1
1616,768,277,5260,127500,768,1
1617,768,278,5074,127388,768,1
1618,768,277,5093,127167,768,1
1619,768,278,5055,127426,768,1
1620,768,297,5703,133018,768,1
1621,768,296,9093,133852,768,1
1622,768,277,5834,128389,768,1
1623,768,278,5204,127055,768,1
1624,768,278,5093,127648,768,1
1625,768,278,5148,128240,768,1
1626,768,277,5223,127685,768,1
1627,768,277,5149,128000,768,1
1628,768,278,5203,127482,768,1
1629,768,277,5186,127241,768,1
1630,768,259,5112,127519,768,1
1631,768,278,5092,127278,768,1
1632,768,278,5315,127740,768,1
1633,768,297,5111,127611,768,1
1634,768,278,5093,127481,768,1
1635,768,278,5055,127982,768,1
1636,768,278,5129,127315,768,1
1637,768,278,5092,127277,768,1
1638,768,277,5111,127185,768,1
1639,768,278,5093,127611,768,1
1640,768,278,5074,127445,768,1
1641,768,278,5111,127148,768,1
1642,768,278,5074,128500,768,1
1643,768,278,5129,128629,768,1
1644,768,277,5260,127982,768,1
1645,768,278,5148,127833,768,1
1646,768,278,5167,127648,768,1
1647,768,278,5092,127703,768,1
1648,768,278,5240,127407,768,1
1649,768,277,5093,127519,768,1
1650,768,278,5074,127666,768,1
1651,768,278,5074,127352,768,1
1652,768,277,5074,127907,768,1
1653,768,277,5093,127463,768,1
1654,768,278,5037,127556,768,1
1655,768,278,5092,127500,768,1
1656,768,277,5093,127555,768,1
1657,768,278,5074,126778,768,1
1658,768,278,5074,127500,768,1
1659,768,259,5112,127685,768,1
1660,768,278,5092,127814,768,1
1661,768,277,5112,127740,768,1
1662,768,277,5093,127630,768,1
1663,768,259,5074,127204,768,1
1664,768,278,5241,127518,768,1
1665,768,297,5092,127537,768,1
1666,768,296,5075,127444,768,1
1667,768,278,5056,127389,768,1
1668,768,277,5297,128074,768,1
1669,768,297,5111,127315,768,1
1670,768,278,5111,127407,768,1
1671,768,277,5130,127445,768,1
1672,768,278,5074,127630,768,1
1673,768,260,5129,127741,768,1
1674,768,260,5111,128352,768,1
1675,768,278,5130,127296,768,1
1676,768,278,5093,128741,768,1
1677,768,278,5111,127574,768,1
1678,768,278,5111,127537,768,1
1679,768,277,5075,127500,768,1
1680,768,278,5259,127371,768,1
1681,768,278,5111,127740,768,1
1682,768,278,5074,127444,768,1
1683,768,278,5056,127389,768,1
1684,768,260,5055,128315,768,1
1685,768,277,5093,127815,768,1
1686,768,278,5018,127203,768,1
1687,768,277,5037,127167,768,1
1688,768,277,5056,127278,768,1
1689,768,278,5148,127389,768,1
1690,768,278,5056,127666,768,1
1691,768,277,5075,127760,768,1
1692,768,278,5055,127148,768,1
1693,768,277,5075,127945,768,1
1694,768,278,5074,127593,768,1
1695,768,278,5056,127463,768,1
1696,768,278,5259,127555,768,1
1697,768,278,5093,127630,768,1
1698,768,278,5074,127463,768,1
1699,768,278,5092,127444,768,1
1700,768,278,5074,127166,768,1
1701,768,277,5075,128000,768,1
1702,768,297,5055,127833,768,1
1703,768,278,5074,127148,768,1
1704,768,278,5074,127148,768,1
1705,768,278,5055,127315,768,1
1706,768,277,5074,127315,768,1
1707,768,278,5148,127555,768,1
1708,768,278,5056,127408,768,1
1709,768,277,5056,127759,768,1
1710,768,278,5111,128203,768,1
1711,768,277,5074,127593,768,1
1712,768,278,5259,127592,768,1
1713,768,278,5074,128055,768,1
1714,768,277,5130,127760,768,1
1715,768,278,5037,127426,768,1
1716,768,278,5000,127389,768,1
1717,768,277,5074,127648,768,1
1718,768,277,5130,127963,768,1
1719,768,278,5074,127685,768,1
1720,768,278,5037,127685,768,1
1721,768,259,5112,127352,768,1
1722,768,278,5074,127222,768,1
1723,768,278,5056,127500,768,1
1724,768,278,5055,127777,768,1
1725,768,277,5075,127796,768,1
1726,768,278,5074,127185,768,1
1727,768,278,5074,127722,768,1
1728,768,278,5259,127944,768,1
1729,768,278,5093,127463,768,1
1730,768,277,5037,127537,768,1
1731,768,260,5055,127778,768,1
1732,768,278,5408,127629,768,1
1733,768,278,5056,127593,768,1
1734,768,278,5056,127407,768,1
1735,768,260,5037,127593,768,1
1736,768,278,5019,127537,768,1
1737,768,277,5019,127944,768,1
1738,768,278,5130,127129,768,1
1739,768,296,5056,127629,768,1
1740,768,277,5056,127519,768,1
1741,768,278,5055,127482,768,1
1742,768,277,5019,127648,768,1
1743,768,278,5092,128018,768,1
1744,768,278,5204,127667,768,1
1745,768,278,5185,127629,768,1
1746,768,277,5037,127444,768,1
1747,768,278,5056,127500,768,1
1748,768,278,5055,127648,768,1
1749,768,278,5148,127296,768,1
1750,768,278,5074,127778,768,1
1751,768,278,5055,127685,768,1
1752,768,278,5944,132760,768,1
1753,768,296,8648,133167,768,1
1754,768,278,5815,128426,768,1
1755,768,278,5204,127648,768,1
1756,768,278,5148,127444,768,1
1757,768,277,5149,127630,768,1
1758,768,278,5111,128129,768,1
1759,768,277,5111,127593,768,1
1760,768,278,5333,127667,768,1
1761,768,278,5130,128000,768,1
1762,768,278,5111,127703,768,1
1763,768,277,5149,127814,768,1
1764,768,277,5093,127389,768,1
1765,768,278,5074,127648,768,1
1766,768,296,5167,128130,768,1
1767,768,278,5093,127315,768,1
1768,768,278,5111,127666,768,1
1769,768,296,5223,127333,768,1
1770,768,278,5130,127574,768,1
1771,768,278,5111,127555,768,1
1772,768,260,5111,126962,768,1
1773,768,277,5112,127315,768,1
1774,768,278,5093,127574,768,1
1775,768,278,5111,127333,768,1
1776,768,278,5259,131592,768,1
1777,768,297,7685,131481,768,1
1778,768,278,5593,129722,768,1
1779,768,277,5297,128259,768,1
1780,768,278,5148,127426,768,1
1781,768,278,5111,127463,768,1
1782,768,259,5111,127796,768,1
1783,768,296,5130,127463,768,1
1784,768,278,5130,127574,768,1
1785,768,278,5148,127704,768,1
1786,768,278,5240,127297,768,1
1787,768,278,5111,127315,768,1
1788,768,278,5092,127334,768,1
1789,768,278,5111,127333,768,1
1790,768,259,5148,127648,768,1
1791,768,278,5166,127537,768,1
1792,768,278,5296,127500,768,1
1793,768,277,5112,127204,768,1
1794,768,277,5074,127426,768,1
1795,768,278,5111,127963,768,1
1796,768,259,5278,127611,768,1
1797,768,278,5111,127760,768,1
1798,768,278,5055,127240,768,1
1799,768,260,5240,127944,768,1
1800,768,259,5260,127685,768,1
1801,768,277,5112,127704,768,1
1802,768,277,5130,127611,768,1
1803,768,277,5148,127482,768,1
1804,768,278,5092,127463,768,1
1805,768,277,5074,127352,768,1
1806,768,278,5111,127129,768,1
1807,768,277,5111,127666,768,1
1808,768,278,5278,127482,768,1
1809,768,278,5111,127593,768,1
1810,768,278,5074,127444,768,1
1811,768,278,5074,127352,768,1
1812,768,278,5074,127741,768,1
1813,768,278,5093,127556,768,1
1814,768,278,5093,128037,768,1
1815,768,277,5093,127500,768,1
1816,768,278,5093,127500,768,1
1817,768,278,5093,127648,768,1
1818,768,277,5093,127482,768,1
1819,768,278,5092,127463,768,1
1820,768,277,5074,127593,768,1
1821,768,259,5093,127185,768,1
1822,768,278,5092,127297,768,1
1823,768,278,5093,128018,768,1
1824,768,277,5297,127908,768,1
1825,768,278,5074,127500,768,1
1826,768,277,5093,127926,768,1
1827,768,278,5093,127074,768,1
1828,768,296,5093,127648,768,1
1829,768,278,5074,128296,768,1
1830,768,278,5111,128000,768,1
1831,768,278,5185,127926,768,1
1832,768,277,5130,127259,768,1
1833,768,277,5112,127482,768,1
1834,768,278,5074,127667,768,1
1835,768,278,5111,127481,768,1
1836,768,277,5074,127111,768,1
1837,768,278,5056,127630,768,1
1838,768,278,5074,127315,768,1
1839,768,278,5074,127722,768,1
1840,768,278,5315,127574,768,1
1841,768,278,5129,127241,768,1
1842,768,278,5055,127186,768,1
1843,768,278,5185,127723,768,1
1844,768,278,5074,127223,768,1
1845,768,278,5074,127463,768,1
1846,768,278,5111,128630,768,1
1847,768,278,5129,128111,768,1
1848,768,278,5148,127907,768,1
1849,768,278,5074,127778,768,1
1850,768,278,5055,127018,768,1
1851,768,278,5074,127334,768,1
1852,768,297,5055,127315,768,1
1853,768,297,5055,127519,768,1
1854,768,278,5074,128074,768,1
1855,768,278,5092,127407,768,1
1856,768,278,5241,128166,768,1
1857,768,278,5093,127260,768,1
1858,768,278,5092,127482,768,1
1859,768,278,5092,127388,768,1
1860,768,277,5260,127611,768,1
1861,768,277,5093,127408,768,1
1862,768,278,5148,127463,768,1
1863,768,278,5074,127907,768,1
1864,768,278,5185,128000,768,1
1865,768,278,5111,127426,768,1
1866,768,277,5112,127741,768,1
1867,768,278,5148,127445,768,1
1868,768,278,5092,127352,768,1
1869,768,278,5092,127314,768,1
1870,768,277,5093,127666,768,1
1871,768,278,5185,127500,768,1
1872,768,278,5315,128426,768,1
1873,768,278,5148,127426,768,1
1874,768,277,5075,127537,768,1
1875,768,278,5111,127611,768,1
1876,768,278,5203,127500,768,1
1877,768,278,5148,127777,768,1
1878,768,259,5130,127722,768,1
1879,768,259,5112,127537,768,1
1880,768,278,5130,128963,768,1
1881,768,278,5222,127833,768,1
1882,768,278,5130,128185,768,1
1883,768,278,5111,127685,768,1
1884,768,296,5722,132982,768,1
1885,768,296,8834,133704,768,1
1886,768,278,5611,128389,768,1
1887,768,278,5241,127815,768,1
1888,768,278,5334,128815,768,1
1889,768,277,5130,127667,768,1
1890,768,278,5111,128055,768,1
1891,768,278,5111,127667,768,1
1892,768,278,5130,128092,768,1
1893,768,278,5278,127870,768,1
1894,768,278,5203,127760,768,1
1895,768,278,5092,127333,768,1
1896,768,278,5111,127741,768,1
1897,768,278,5148,128019,768,1
1898,768,278,5315,127870,768,1
1899,768,278,5092,127445,768,1
1900,768,278,5129,127537,768,1
1901,768,278,5111,127389,768,1
1902,768,278,5111,127092,768,1
1903,768,278,5111,127352,768,1
1904,768,278,5222,128111,768,1
1905,768,296,5111,127463,768,1
1906,768,277,5093,127408,768,1
1907,768,278,5093,127537,768,1
1908,768,296,5092,127333,768,1
1909,768,277,5093,127648,768,1
1910,768,278,5092,127555,768,1
1911,768,278,5074,127851,768,1
1912,768,278,5185,127333,768,1
1913,768,297,5074,127203,768,1
1914,768,277,5112,128500,768,1
1915,768,278,5222,127648,768,1
1916,768,260,5148,127519,768,1
1917,768,259,5075,127537,768,1
1918,768,278,5111,127851,768,1
1919,768,277,5074,127037,768,1
1920,768,278,5259,127593,768,1
1921,768,278,5092,127871,768,1
1922,768,278,5056,127556,768,1
1923,768,277,5056,127778,768,1
1924,768,278,5352,127926,768,1
1925,768,278,5111,127333,768,1
1926,768,278,5092,127574,768,1
1927,768,278,5092,127037,768,1
1928,768,277,5112,127389,768,1
1929,768,278,5074,127463,768,1
1930,768,278,5185,128074,768,1
1931,768,278,5111,128389,768,1
1932,768,278,5148,127778,768,1
1933,768,278,5148,127296,768,1
1934,768,278,5129,127333,768,1
1935,768,277,5093,127537,768,1
1936,768,278,5241,127352,768,1
1937,768,277,5112,127574,768,1
1938,768,278,5111,127407,768,1
1939,768,277,5074,127815,768,1
1940,768,277,5093,127611,768,1
1941,768,277,5111,127111,768,1
1942,768,278,5093,126888,768,1
1943,768,278,5111,127555,768,1
1944,768,278,5111,127204,768,1
1945,768,278,5129,127704,768,1
1946,768,296,5074,127445,768,1
1947,768,278,5074,127296,768,1
1948,768,277,5093,127852,768,1
1949,768,278,5093,127407,768,1
1950,768,278,5129,127778,768,1
1951,768,260,5129,127629,768,1
1952,768,278,5333,127611,768,1
1953,768,278,5166,127852,768,1
1954,768,278,5111,128260,768,1
1955,768,278,5148,127593,768,1
1956,768,278,5092,127166,768,1
1957,768,277,5093,127537,768,1
1958,768,278,5074,127796,768,1
1959,768,277,5074,127685,768,1
1960,768,278,5092,127166,768,1
1961,768,278,5074,127370,768,1
1962,768,278,5074,127648,768,1
1963,768,278,5056,127407,768,1
1964,768,278,5074,127314,768,1
1965,768,278,5018,127981,768,1
1966,768,278,5074,127130,768,1
1967,768,278,5092,127241,768,1
1968,768,278,5222,127667,768,1
1969,768,278,5130,127445,768,1
1970,768,259,5185,128037,768,1
1971,768,278,5074,127611,768,1
1972,768,277,5093,127444,768,1
1973,768,278,5056,127167,768,1
1974,768,278,5093,127185,768,1
1975,768,277,5038,127297,768,1
1976,768,278,5092,127223,768,1
1977,768,278,5111,127296,768,1
1978,768,278,5074,127593,768,1
1979,768,277,5075,127426,768,1
1980,768,278,5092,127149,768,1
1981,768,278,5056,127148,768,1
1982,768,259,5075,128722,768,1
1983,768,277,5093,127482,768,1
1984,768,278,5277,127630,768,1
1985,768,278,5111,127297,768,1
1986,768,278,6833,129667,768,1
1987,768,278,5240,127537,768,1
1988,768,277,5260,127556,768,1
1989,768,278,5092,127500,768,1
1990,768,278,5056,127555,768,1
1991,768,277,5093,126963,768,1
1992,768,278,5074,127370,768,1
1993,768,278,5111,127037,768,1
1994,768,278,5092,127778,768,1
1995,768,278,5130,127593,768,1
1996,768,278,5092,127241,768,1
1997,768,278,5092,127445,768,1
1998,768,278,5074,127055,768,1
1999,768,278,5130,128000,768,1
2000,768,278,5389,127759,768,1
2001,768,278,5130,127833,768,1
2002,768,278,5093,127444,768,1
2003,768,278,5074,127148,768,1
2004,768,278,5092,127408,768,1
2005,768,278,5092,127648,768,1
2006,768,259,5074,127463,768,1
2007,768,277,5075,127519,768,1
2008,768,278,5074,127277,768,1
2009,768,278,5055,127463,768,1
2010,768,278,5093,127426,768,1
2011,768,278,5055,127500,768,1
2012,768,278,5092,127556,768,1
2013,768,278,5055,127463,768,1
2014,768,278,5074,127334,768,1
2015,768,278,5111,127537,768,1
2016,768,278,5870,140463,768,1
2017,768,296,8815,133574,768,1
2018,768,278,5648,128926,768,1
2019,768,278,5222,127575,768,1
2020,768,278,5130,127389,768,1
2021,768,278,5130,127370,768,1
2022,768,277,5130,127519,768,1
2023,768,278,5092,127204,768,1
2024,768,278,5074,127167,768,1
2025,768,278,5074,127259,768,1
2026,768,278,5111,128167,768,1
2027,768,278,5093,127352,768,1
2028,768,278,5074,127388,768,1
2029,768,278,5093,127167,768,1
2030,768,278,5092,127296,768,1
2031,768,278,5111,127444,768,1
2032,768,278,5259,128000,768,1
2033,768,296,5112,128185,768,1
2034,768,277,5093,127389,768,1
2035,768,278,5092,127871,768,1
2036,768,278,5092,127278,768,1
2037,768,278,5092,127518,768,1
2038,768,278,5111,127333,768,1
2039,768,278,5129,127445,768,1
2040,768,278,5130,127574,768,1
2041,768,278,5056,127426,768,1
2042,768,278,5093,127278,768,1
2043,768,278,5074,127963,768,1
2044,768,278,5111,127574,768,1
2045,768,278,5093,127574,768,1
2046,768,278,5111,127518,768,1
2047,768,296,5093,127388,768,1
2048,768,278,11074,133111,768,1
2049,768,278,5315,127741,768,1
2050,768,277,5112,128555,768,1
2051,768,278,5129,128370,768,1
2052,768,296,5278,127685,768,1
2053,768,277,5111,127000,768,1
2054,768,278,5111,127630,768,1
2055,768,278,5056,127537,768,1
2056,768,278,5055,127648,768,1
2057,768,278,5055,127444,768,1
2058,768,278,5055,127611,768,1
2059,768,278,5037,127240,768,1
2060,768,277,5074,127611,768,1
2061,768,278,5056,127222,768,1
2062,768,278,5037,127481,768,1
2063,768,278,5074,127444,768,1
2064,768,278,5259,127723,768,1
2065,768,278,5111,127167,768,1
2066,768,278,5037,127500,768,1
2067,768,278,5055,128296,768,1
2068,768,277,5056,127222,768,1
2069,768,259,5093,127667,768,1
2070,768,277,5056,127556,768,1
2071,768,278,5074,127222,768,1
2072,768,278,5037,127482,768,1
2073,768,277,5056,127463,768,1
2074,768,278,5037,127278,768,1
2075,768,278,5056,127130,768,1
2076,768,278,5074,127592,768,1
2077,768,278,5093,127296,768,1
2078,768,278,5056,127407,768,1
2079,768,278,5074,127649,768,1
2080,768,278,5315,127537,768,1
2081,768,277,5149,127241,768,1
2082,768,278,5055,127092,768,1
2083,768,277,5111,127167,768,1
2084,768,278,5074,128166,768,1
2085,768,278,5204,127593,768,1
2086,768,278,5074,127426,768,1
2087,768,278,5092,127166,768,1
2088,768,278,5093,127296,768,1
2089,768,278,5074,127296,768,1
2090,768,277,5093,127482,768,1
2091,768,278,5074,127463,768,1
2092,768,278,5074,127463,768,1
2093,768,259,5111,127352,768,1
2094,768,278,5111,127907,768,1
2095,768,259,5092,127129,768,1
2096,768,278,5204,127723,768,1
2097,768,278,5111,127519,768,1
2098,768,277,5056,127315,768,1
2099,768,278,5092,127371,768,1
2100,768,278,5055,128000,768,1
2101,768,277,5130,127389,768,1
2102,768,278,5092,127723,768,1
2103,768,278,5092,127278,768,1
2104,768,278,5074,127149,768,1
2105,768,278,5074,127167,768,1
2106,768,277,5056,127260,768,1
2107,768,278,5093,127500,768,1
2108,768,278,5093,127426,768,1
2109,768,277,5093,127389,768,1
2110,768,278,5074,127426,768,1
2111,768,277,5130,127926,768,1
2112,768,278,5222,127574,768,1
2113,768,277,5111,127703,768,1
2114,768,259,5055,127129,768,1
2115,768,278,5074,127389,768,1
2116,768,277,5223,127555,768,1
2117,768,278,5130,127186,768,1
2118,768,278,5037,128352,768,1
2119,768,278,5074,127315,768,1
2120,768,278,5092,127482,768,1
2121,768,278,5166,127518,768,1
2122,768,278,5055,127259,768,1
2123,768,278,5074,127389,768,1
2124,768,278,5037,127574,768,1
2125,768,278,5037,127851,768,1
2126,768,277,5075,127389,768,1
2127,768,260,5111,127186,768,1
2128,768,278,5222,127667,768,1
2129,768,278,5074,126908,768,1
2130,768,278,5055,127352,768,1
2131,768,277,5074,127370,768,1
2132,768,277,5056,127389,768,1
2133,768,259,5037,127444,768,1
2134,768,277,5037,127333,768,1
2135,768,277,5074,128074,768,1
2136,768,278,5074,127203,768,1
2137,768,278,5111,127851,768,1
2138,768,277,5019,127037,768,1
2139,768,278,5111,127259,768,1
2140,768,278,5037,127296,768,1
2141,768,278,5074,127537,768,1
2142,768,260,5129,127593,768,1
2143,768,278,5111,127834,768,1
2144,768,278,5259,127519,768,1
2145,768,278,5092,127277,768,1
2146,768,277,5037,127277,768,1
2147,768,277,5038,127334,768,1
2148,768,297,5981,132389,768,1
2149,768,296,9315,134630,768,1
2150,768,296,5797,128314,768,1
2151,768,277,5186,128056,768,1
2152,768,278,5148,128185,768,1
2153,768,278,5111,127592,768,1
2154,768,278,5129,127593,768,1
2155,768,278,5055,127408,768,1
2156,768,278,5074,127075,768,1
2157,768,278,5055,127833,768,1
2158,768,260,5092,127482,768,1
2159,768,277,5019,127111,768,1
2160,768,277,5278,127815,768,1
2161,768,278,5074,127333,768,1
2162,768,260,5055,127408,768,1
2163,768,278,5055,127351,768,1
2164,768,277,5019,127426,768,1
2165,768,278,5037,127482,768,1
2166,768,278,5111,127444,768,1
2167,768,278,5074,127296,768,1
2168,768,278,5037,127408,768,1
2169,768,278,5074,127963,768,1
2170,768,278,5111,127704,768,1
2171,768,278,5092,127445,768,1
2172,768,260,5037,127314,768,1
2173,768,278,5296,127629,768,1
2174,768,278,5111,127315,768,1
2175,768,278,5092,127296,768,1
2176,768,278,5222,127555,768,1
2177,768,278,5111,127556,768,1
2178,768,278,5074,127482,768,1
2179,768,278,5074,127481,768,1
2180,768,278,5351,127963,768,1
2181,768,277,5111,127389,768,1
2182,768,278,5037,127574,768,1
2183,768,277,5037,127370,768,1
2184,768,278,5056,127537,768,1
2185,768,296,5055,127852,768,1
2186,768,278,5056,128555,768,1
2187,768,278,5129,127222,768,1
2188,768,278,5148,127463,768,1
2189,768,278,5056,127389,768,1
2190,768,278,5074,127500,768,1
2191,768,278,5093,127592,768,1
2192,768,278,5259,128259,768,1
2193,768,278,5074,127092,768,1
2194,768,277,5167,127389,768,1
2195,768,296,5075,127518,768,1
2196,768,278,5074,127481,768,1
2197,768,278,5056,127203,768,1
2198,768,277,5075,127889,768,1
2199,768,278,5019,127074,768,1
2200,768,259,5075,127500,768,1
2201,768,278,5074,127315,768,1
2202,768,278,5074,127426,768,1
2203,768,278,5092,127852,768,1
2204,768,278,5111,127630,768,1
2205,768,278,5092,127186,768,1
2206,768,278,5055,127760,768,1
2207,768,278,5074,127463,768,1
2208,768,277,5241,127482,768,1
2209,768,278,5092,127463,768,1
2210,768,277,5019,127518,768,1
2211,768,278,5037,127167,768,1
2212,768,278,5167,127148,768,1
2213,768,278,5056,127352,768,1
2214,768,278,5055,127389,768,1
2215,768,278,5055,127463,768,1
2216,768,278,5018,127537,768,1
2217,768,278,5037,126759,768,1
2218,768,277,5056,127315,768,1
2219,768,277,5056,127408,768,1
2220,768,278,5037,127834,768,1
2221,768,278,5055,127277,768,1
2222,768,277,5056,127315,768,1
2223,768,278,5037,127667,768,1
2224,768,277,5223,127389,768,1
2225,768,277,5075,127278,768,1
2226,768,278,5037,127704,768,1
2227,768,278,5037,127370,768,1
2228,768,278,5056,127630,768,1
2229,768,278,5055,127149,768,1
2230,768,278,5055,127519,768,1
2231,768,278,5055,127333,768,1
2232,768,277,5186,127408,768,1
2233,768,278,5074,127519,768,1
2234,768,278,5055,127685,768,1
2235,768,277,5111,126889,768,1
2236,768,260,5037,127167,768,1
2237,768,259,5056,128000,768,1
2238,768,278,5055,127296,768,1
2239,768,278,5074,127703,768,1
2240,768,277,5204,127241,768,1
2241,768,278,5074,127166,768,1
2242,768,278,5055,127037,768,1
2243,768,278,5037,127074,768,1
2244,768,278,5167,127241,768,1
2245,768,278,5037,127111,768,1
2246,768,278,5037,127074,768,1
2247,768,297,5055,127630,768,1
2248,768,278,5055,126889,768,1
2249,768,278,5166,127037,768,1
2250,768,296,5037,127148,768,1
2251,768,278,5037,127055,768,1
2252,768,278,5037,127148,768,1
2253,768,278,5055,127093,768,1
2254,768,278,5055,128148,768,1
2255,768,277,5056,154019,768,1
2256,768,315,9000,133926,768,1
2257,768,277,5519,128185,768,1
2258,768,277,5130,127685,768,1
2259,768,278,5092,127555,768,1
2260,768,278,5111,127426,768,1
2261,768,277,5111,127815,768,1
2262,768,277,5074,127871,768,1
2263,768,278,5074,128055,768,1
2264,768,277,5260,128222,768,1
2265,768,277,5130,128000,768,1
2266,768,278,5222,127000,768,1
2267,768,278,5092,127371,768,1
2268,768,278,5037,127112,768,1
2269,768,278,5055,126852,768,1
2270,768,278,5000,126593,768,1
2271,768,278,5129,127685,768,1
2272,768,277,5260,127111,768,1
2273,768,277,4945,126741,768,1
2274,768,278,5000,126889,768,1
2275,768,278,5019,126815,768,1
2276,768,278,4981,127223,768,1
2277,768,278,5000,126463,768,1
2278,768,277,4982,127166,768,1
2279,768,278,4944,126592,768,1
2280,768,296,5852,133223,768,1
2281,768,315,8870,133852,768,1
2282,768,278,5908,128741,768,1
2283,768,278,5278,127666,768,1
2284,768,278,5185,128166,768,1
2285,768,278,5148,127407,768,1
2286,768,278,5148,127389,768,1
2287,768,278,5129,127722,768,1
2288,768,260,5370,128778,768,1
2289,768,278,5314,128037,768,1
2290,768,278,5222,127518,768,1
2291,768,278,5111,127593,768,1
2292,768,278,5111,127667,768,1
2293,768,278,5148,127426,768,1
2294,768,278,5148,127740,768,1
2295,768,277,5111,127759,768,1
2296,768,277,5167,128611,768,1
2297,768,278,5296,127778,768,1
2298,768,278,5185,127889,768,1
2299,768,278,5167,127518,768,1
2300,768,278,5259,127889,768,1
2301,768,278,5148,127370,768,1
2302,768,278,5185,127407,768,1
2303,768,278,5185,127685,768,1
2304,768,278,5315,128574,768,1
2305,768,278,5241,128166,768,1
2306,768,277,5204,127871,768,1
2307,768,278,5148,127167,768,1
2308,768,278,5425,127945,768,1
2309,768,278,5148,127444,768,1
2310,768,278,5148,127666,768,1
2311,768,277,5130,127704,768,1
2312,768,278,5148,127944,768,1
2313,768,260,5148,127741,768,1
2314,768,278,5148,127815,768,1
2315,768,278,5185,128130,768,1
2316,768,278,5166,127871,768,1
2317,768,278,5148,127444,768,1
2318,768,278,5167,127685,768,1
2319,768,278,5204,128055,768,1
2320,768,260,5370,128074,768,1
2321,768,278,5148,127611,768,1
2322,768,277,5130,128556,768,1
2323,768,278,5204,128185,768,1
2324,768,277,5185,127889,768,1
2325,768,278,5167,127981,768,1
2326,768,278,5093,127963,768,1
2327,768,278,5167,128222,768,1
2328,768,277,5167,131074,768,1
2329,768,277,5334,128130,768,1
2330,768,278,5371,128203,768,1
2331,768,278,5074,127481,768,1
2332,768,277,5112,128315,768,1
2333,768,278,5056,127556,768,1
2334,768,277,5111,128222,768,1
2335,768,259,5111,127704,768,1
2336,768,278,5241,127740,768,1
2337,768,296,5092,127371,768,1
2338,768,260,5074,127741,768,1
2339,768,278,5074,128611,768,1
2340,768,277,5075,127945,768,1
2341,768,278,5074,127371,768,1
2342,768,278,5074,127759,768,1
2343,768,278,5185,127629,768,1
2344,768,278,5074,127593,768,1
2345,768,278,5092,127778,768,1
2346,768,278,5093,127648,768,1
2347,768,278,5074,127518,768,1
2348,768,277,5056,127444,768,1
2349,768,278,5056,127778,768,1
2350,768,278,5055,127389,768,1
2351,768,277,5111,127722,768,1
2352,768,277,5223,128093,768,1
2353,768,278,5129,127889,768,1
2354,768,277,5111,127815,768,1
2355,768,278,5055,127426,768,1
2356,768,297,5074,128055,768,1
2357,768,277,5093,127667,768,1
2358,768,277,5074,128389,768,1
2359,768,278,5241,127074,768,1
2360,768,278,5055,126907,768,1
2361,768,278,5019,126926,768,1
2362,768,278,5037,127296,768,1
2363,768,296,5000,126648,768,1
2364,768,278,5018,126926,768,1
2365,768,277,5000,126593,768,1
2366,768,278,5018,126611,768,1
2367,768,278,5037,126389,768,1
2368,768,277,5185,127148,768,1
2369,768,278,5037,126852,768,1
2370,768,278,5018,127037,768,1
2371,768,278,5018,126741,768,1
2372,768,278,5167,127241,768,1
2373,768,278,5037,127222,768,1
2374,768,278,5037,126778,768,1
2375,768,278,5018,126630,768,1
2376,768,277,5000,126889,768,1
2377,768,278,4981,127186,768,1
2378,768,278,5000,126704,768,1
2379,768,278,5000,126871,768,1
2380,768,260,5055,126630,768,1
2381,768,278,4963,126463,768,1
2382,768,278,4982,126797,768,1
2383,768,278,5000,126815,768,1
2384,768,277,5148,126703,768,1
2385,768,278,5055,126592,768,1
2386,768,278,5018,126463,768,1
2387,768,259,5000,126444,768,1
2388,768,278,5000,126389,768,1
2389,768,278,4982,126833,768,1
2390,768,278,5018,129592,768,1
2391,768,278,5648,128778,768,1
2392,768,278,5129,127388,768,1
2393,768,277,5056,127593,768,1
2394,768,278,5074,127851,768,1
2395,768,277,5075,127629,768,1
2396,768,278,5018,127777,768,1
2397,768,277,5037,127722,768,1
2398,768,296,5111,127537,768,1
2399,768,278,5093,127741,768,1
2400,768,278,5222,127703,768,1
2401,768,278,5093,127426,768,1
2402,768,278,5093,128241,768,1
2403,768,278,5093,127852,768,1
2404,768,278,5074,127981,768,1
2405,768,277,5074,127074,768,1
2406,768,278,5037,127593,768,1
2407,768,278,5055,128426,768,1
2408,768,278,5055,127630,768,1
2409,768,278,5093,127870,768,1
2410,768,278,5093,128130,768,1
2411,768,278,5074,127852,768,1
2412,768,296,5574,132686,768,1
2413,768,334,8555,133574,768,1
2414,768,278,5870,128796,768,1
2415,768,278,5203,127982,768,1
2416,768,277,5241,127797,768,1
2417,768,278,5093,127926,768,1
2418,768,278,5093,128037,768,1
2419,768,278,5093,128000,768,1
2420,768,278,5092,127759,768,1
2421,768,278,5092,127814,768,1
2422,768,277,5241,127056,768,1
2423,768,277,5037,126482,768,1
2424,768,278,5037,127463,768,1
2425,768,296,5037,127037,768,1
2426,768,278,5037,127037,768,1
2427,768,278,5018,126833,768,1
2428,768,277,5056,126852,768,1
2429,768,277,5000,127093,768,1
2430,768,277,5000,127130,768,1
2431,768,260,5018,126389,768,1
2432,768,259,5167,127148,768,1
2433,768,278,5000,126851,768,1
2434,768,278,5018,127037,768,1
2435,768,278,5019,126833,768,1
2436,768,278,5222,127019,768,1
2437,768,278,5019,126611,768,1
2438,768,277,4982,126815,768,1
2439,768,278,4963,126352,768,1
2440,768,278,4982,126908,768,1
2441,768,278,4982,127315,768,1
2442,768,278,5000,126759,768,1
2443,768,278,5037,127129,768,1
2444,768,278,5018,127037,768,1
2445,768,278,4981,126555,768,1
2446,768,278,5055,127149,768,1
2447,768,278,5019,126444,768,1
2448,768,278,5148,127185,768,1
2449,768,278,5019,126630,768,1
2450,768,278,5019,127278,768,1
2451,768,278,4981,127204,768,1
2452,768,278,4963,129019,768,1
2453,768,278,6037,128593,768,1
2454,768,277,5167,127129,768,1
2455,768,278,5111,127518,768,1
2456,768,278,5111,127537,768,1
2457,768,278,5111,127555,768,1
2458,768,278,5148,128907,768,1
2459,768,296,5093,127870,768,1
2460,768,278,5167,127500,768,1
2461,768,278,5111,127500,768,1
2462,768,278,5148,127667,768,1
2463,768,277,5074,127630,768,1
2464,768,277,5297,127296,768,1
2465,768,277,5074,127296,768,1
2466,768,278,5074,127370,768,1
2467,768,278,5055,127723,768,1
2468,768,278,5055,127371,768,1
2469,768,278,5037,127481,768,1
2470,768,278,5074,126926,768,1
2471,768,278,5074,127334,768,1
2472,768,278,5204,127296,768,1
2473,768,259,5055,127185,768,1
2474,768,278,5056,127630,768,1
2475,768,278,5092,128426,768,1
2476,768,277,5074,127426,768,1
2477,768,278,5074,127278,768,1
2478,768,278,5093,127186,768,1
2479,768,278,5111,127574,768,1
2480,768,277,5241,127778,768,1
2481,768,278,5111,127629,768,1
2482,768,296,5074,127055,768,1
2483,768,278,5166,127630,768,1
2484,768,278,5167,127241,768,1
2485,768,278,5056,127463,768,1
2486,768,278,5056,127463,768,1
2487,768,278,5111,127555,768,1
2488,768,277,5111,127222,768,1
2489,768,277,5130,127666,768,1
2490,768,278,5037,127408,768,1
2491,768,277,5149,127259,768,1
2492,768,278,5074,128611,768,1
2493,768,278,5129,127333,768,1
2494,768,277,5093,126889,768,1
2495,768,278,5111,127574,768,1
2496,768,278,5259,127611,768,1
2497,768,278,5093,127444,768,1
2498,768,278,5093,127240,768,1
2499,768,259,5074,127055,768,1
2500,768,278,5240,127851,768,1
2501,768,277,5074,127333,768,1
2502,768,277,5056,127203,768,1
2503,768,278,5074,127185,768,1
2504,768,277,5093,127204,768,1
2505,768,278,5055,127148,768,1
2506,768,278,5055,127241,768,1
2507,768,278,5093,127074,768,1
2508,768,278,5074,127704,768,1
2509,768,278,5074,127870,768,1
2510,768,278,5074,127463,768,1
2511,768,277,5112,127444,768,1
2512,768,296,5259,128130,768,1
2513,768,296,5074,127241,768,1
2514,768,277,5093,128167,768,1
2515,768,278,5204,127518,768,1
2516,768,278,5092,127463,768,1
2517,768,278,5055,127370,768,1
2518,768,278,5074,127593,768,1
2519,768,277,5093,126963,768,1
2520,768,278,5130,127296,768,1
2521,768,260,5111,127297,768,1
2522,768,278,5056,127130,768,1
2523,768,260,5092,127630,768,1
2524,768,259,5093,127537,768,1
2525,768,278,5074,126870,768,1
2526,768,278,5055,128055,768,1
2527,768,278,5129,127555,768,1
2528,768,278,5296,127537,768,1
2529,768,278,5129,127518,768,1
2530,768,278,5056,127148,768,1
2531,768,278,5093,127000,768,1
2532,768,278,5092,127314,768,1
2533,768,278,5055,127611,768,1
2534,768,277,5093,127482,768,1
2535,768,278,5093,127778,768,1
2536,768,278,5074,127630,768,1
2537,768,277,5093,126741,768,1
2538,768,277,5075,127334,768,1
2539,768,278,5074,127426,768,1
2540,768,278,5074,127130,768,1
2541,768,278,5074,127889,768,1
2542,768,277,5093,127333,768,1
2543,768,277,5093,128426,768,1
2544,768,278,5241,127778,768,1
2545,768,278,5759,134352,768,1
2546,768,297,8925,133648,768,1
2547,768,278,5759,128481,768,1
2548,768,277,5241,127667,768,1
2549,768,277,5111,128333,768,1
2550,768,277,5130,127241,768,1
2551,768,278,5130,127370,768,1
2552,768,278,5203,127852,768,1
2553,768,278,5093,127630,768,1
2554,768,278,5129,127871,768,1
2555,768,278,5129,127555,768,1
2556,768,278,5148,127241,768,1
2557,768,278,5185,127593,768,1
2558,768,278,5148,127500,768,1
2559,768,277,5130,127296,768,1
2560,768,278,5370,128740,768,1
2561,768,278,5148,127518,768,1
2562,768,278,5093,127500,768,1
2563,768,278,5074,127148,768,1
2564,768,278,5407,127796,768,1
2565,768,278,5092,127759,768,1
2566,768,278,5130,127778,768,1
2567,768,278,5074,127093,768,1
2568,768,278,5037,127556,768,1
2569,768,278,5055,127407,768,1
2570,768,259,5112,127630,768,1
2571,768,278,5092,127371,768,1
2572,768,278,5092,127667,768,1
2573,768,278,5185,127611,768,1
2574,768,278,5092,127370,768,1
2575,768,278,5093,127408,768,1
2576,768,278,5222,127722,768,1
2577,768,278,13018,135981,768,1
2578,768,297,5333,128000,768,1
2579,768,278,5148,127796,768,1
2580,768,259,5092,127537,768,1
2581,768,278,5111,127537,768,1
2582,768,278,5074,127500,768,1
2583,768,278,5037,127111,768,1
2584,768,278,5056,127241,768,1
2585,768,278,5092,127963,768,1
2586,768,278,5093,127871,768,1
2587,768,278,5111,127223,768,1
2588,768,278,5055,127167,768,1
2589,768,278,5093,127666,768,1
2590,768,277,5075,127093,768,1
2591,768,259,5130,127500,768,1
2592,768,278,5240,127629,768,1
2593,768,277,5075,127093,768,1
2594,768,278,5055,128630,768,1
2595,768,278,5111,127537,768,1
2596,768,278,5093,127907,768,1
2597,768,278,5092,127149,768,1
2598,768,278,5074,127667,768,1
2599,768,278,5129,127148,768,1
2600,768,278,5204,127555,768,1
2601,768,277,5111,127463,768,1
2602,768,278,5092,127648,768,1
2603,768,278,5055,127111,768,1
2604,768,277,5093,127593,768,1
2605,768,278,5111,127166,768,1
2606,768,278,5111,127852,768,1
2607,768,277,5056,127278,768,1
2608,768,278,5222,127703,768,1
2609,768,277,5186,127389,768,1
2610,768,278,5129,127722,768,1
2611,768,278,5092,127630,768,1
2612,768,278,5074,127315,768,1
2613,768,278,5092,127112,768,1
2614,768,278,5093,127463,768,1
2615,768,277,5074,127315,768,1
2616,768,277,5056,127574,768,1
2617,768,278,5129,127314,768,1
2618,768,278,5037,127426,768,1
2619,768,278,5093,127500,768,1
2620,768,278,5074,127222,768,1
2621,768,278,5074,127056,768,1
2622,768,278,5055,127500,768,1
2623,768,278,5055,127148,768,1
2624,768,278,5260,127426,768,1
2625,768,278,5056,127259,768,1
2626,768,278,5056,127148,768,1
2627,768,277,5037,127352,768,1
2628,768,277,5186,128666,768,1
2629,768,278,5185,127370,768,1
2630,768,278,5074,127648,768,1
2631,768,277,5093,127297,768,1
2632,768,278,5074,127760,768,1
2633,768,278,5074,127463,768,1
2634,768,278,5092,127574,768,1
2635,768,278,5055,127370,768,1
2636,768,278,5037,127389,768,1
2637,768,277,5037,127482,768,1
2638,768,278,5055,127500,768,1
2639,768,278,5111,128185,768,1
2640,768,278,5296,127852,768,1
2641,768,260,5092,127223,768,1
2642,768,259,5111,127444,768,1
2643,768,278,5074,127037,768,1
2644,768,278,5037,127426,768,1
2645,768,278,5148,128722,768,1
2646,768,278,5056,127611,768,1
2647,768,278,5074,127649,768,1
2648,768,278,5055,127259,768,1
2649,768,278,5092,127315,768,1
2650,768,278,5037,127259,768,1
2651,768,278,5092,127500,768,1
2652,768,277,5037,127278,768,1
2653,768,277,5056,126815,768,1
2654,768,278,5055,127389,768,1
2655,768,278,5074,127778,768,1
2656,768,278,5240,127519,768,1
2657,768,278,5166,127907,768,1
2658,768,278,5055,127537,768,1
2659,768,278,5093,127259,768,1
2660,768,278,5037,127667,768,1
2661,768,277,5074,127759,768,1
2662,768,296,5075,128426,768,1
2663,768,278,5111,128056,768,1
2664,768,277,5075,127297,768,1
2665,768,278,5056,127500,768,1
2666,768,259,5111,127685,768,1
2667,768,278,5056,127370,768,1
2668,768,277,5037,127704,768,1
2669,768,277,5074,127463,768,1
2670,768,278,5092,127741,768,1
2671,768,278,5167,127723,768,1
2672,768,278,5296,127722,768,1
2673,768,278,5111,127426,768,1
2674,768,278,5074,127667,768,1
2675,768,278,5074,127815,768,1
2676,768,278,5129,127407,768,1
2677,768,278,5777,132055,768,1
2678,768,296,9093,133889,768,1
2679,768,278,5796,129371,768,1
2680,768,278,5352,127815,768,1
2681,768,277,5130,127315,768,1
2682,768,278,5111,127574,768,1
2683,768,278,5129,127296,768,1
2684,768,278,5074,127741,768,1
2685,768,278,5204,127777,768,1
2686,768,277,5093,127537,768,1
2687,768,278,5130,127815,768,1
2688,768,296,5297,127666,768,1
2689,768,278,5129,127277,768,1
2690,768,277,5093,127388,768,1
2691,768,277,5093,127389,768,1
2692,768,278,5259,127722,768,1
2693,768,297,5055,127555,768,1
2694,768,259,5056,127426,768,1
2695,768,278,5130,127389,768,1
2696,768,278,5092,128203,768,1
2697,768,277,5111,127667,768,1
2698,768,278,5129,127852,768,1
2699,768,278,5185,127574,768,1
2700,768,278,5111,127611,768,1
2701,768,278,5129,127593,768,1
2702,768,296,5222,128056,768,1
2703,768,278,5148,127851,768,1
2704,768,278,5259,128148,768,1
2705,768,278,5148,127740,768,1
2706,768,277,5130,127871,768,1
2707,768,278,5092,127370,768,1
2708,768,278,5074,127611,768,1
2709,768,278,5111,127518,768,1
2710,768,277,5074,127500,768,1
2711,768,260,5111,127574,768,1
2712,768,277,5093,127945,768,1
2713,768,278,5111,128037,768,1
2714,768,278,5093,127722,768,1
2715,768,278,5074,127945,768,1
2716,768,278,5074,127685,768,1
2717,768,278,5093,126926,768,1
2718,768,278,5092,127630,768,1
2719,768,259,5130,127463,768,1
2720,768,296,5222,128167,768,1
2721,768,277,5093,127741,768,1
2722,768,278,5093,127611,768,1
2723,768,277,5093,127685,768,1
2724,768,277,5074,127148,768,1
2725,768,278,5056,127463,768,1
2726,768,259,5093,127482,768,1
2727,768,278,5074,127926,768,1
2728,768,277,5093,127703,768,1
2729,768,277,5074,127537,768,1
2730,768,278,5074,128926,768,1
2731,768,278,5167,127519,768,1
2732,768,278,5111,128019,768,1
2733,768,277,6149,128574,768,1
2734,768,277,5204,127703,768,1
2735,768,277,5093,127222,768,1
2736,768,278,5185,128037,768,1
2737,768,296,5074,127445,768,1
2738,768,278,5111,127926,768,1
2739,768,278,5111,127389,768,1
2740,768,278,5167,127389,768,1
2741,768,278,5074,127407,768,1
2742,768,278,5111,127371,768,1
2743,768,297,5074,127444,768,1
2744,768,277,5056,127740,768,1
2745,768,277,5111,127167,768,1
2746,768,296,5092,127630,768,1
2747,768,278,5092,128426,768,1
2748,768,277,5112,127445,768,1
2749,768,278,5055,127426,768,1
2750,768,277,5111,127445,768,1
2751,768,278,5092,127037,768,1
2752,768,278,5241,127444,768,1
2753,768,278,5111,127482,768,1
2754,768,278,5074,127351,768,1
2755,768,277,5112,127482,768,1
2756,768,278,5297,127926,768,1
2757,768,277,5112,126963,768,1
2758,768,278,5093,127426,768,1
2759,768,259,5111,127222,768,1
2760,768,296,5055,127167,768,1
2761,768,278,5056,127482,768,1
2762,768,278,5092,127241,768,1
2763,768,278,5130,128185,768,1
2764,768,278,5129,127852,768,1
2765,768,278,5093,127370,768,1
2766,768,277,5074,127278,768,1
2767,768,278,5092,127129,768,1
2768,768,278,5297,127870,768,1
2769,768,259,5130,127296,768,1
2770,768,278,5074,127129,768,1
2771,768,296,5037,127259,768,1
2772,768,278,5037,127333,768,1
2773,768,277,5075,127500,768,1
2774,768,278,5093,127667,768,1
2775,768,278,5092,127038,768,1
2776,768,278,5092,127260,768,1
2777,768,278,5074,127908,768,1
2778,768,278,5092,127629,768,1
2779,768,278,5130,127611,768,1
2780,768,278,5111,127722,768,1
2781,768,278,5074,127518,768,1
2782,768,277,5093,127426,768,1
2783,768,278,5148,127426,768,1
2784,768,278,5240,127574,768,1
2785,768,278,5129,127815,768,1
2786,768,278,5074,127649,768,1
2787,768,278,5111,126926,768,1
2788,768,277,5056,127611,768,1
2789,768,278,5092,127482,768,1
2790,768,278,5074,127519,768,1
2791,768,278,5074,127185,768,1
2792,768,278,5092,127149,768,1
2793,768,278,5093,127056,768,1
2794,768,278,5074,128907,768,1
2795,768,278,5222,127630,768,1
2796,768,278,5074,127407,768,1
2797,768,278,5093,127185,768,1
2798,768,278,5037,128612,768,1
2799,768,278,5092,127315,768,1
2800,768,278,5333,127537,768,1
2801,768,278,5093,127537,768,1
2802,768,259,5056,127556,768,1
2803,768,296,5074,127537,768,1
2804,768,277,5037,126982,768,1
2805,768,278,5074,127389,768,1
2806,768,278,5074,127204,768,1
2807,768,278,5074,127296,768,1
2808,768,277,5056,127148,768,1
2809,768,278,5722,132852,768,1
2810,768,297,10407,135685,768,1
2811,768,278,5834,128037,768,1
2812,768,278,5185,127315,768,1
2813,768,278,5093,127241,768,1
2814,768,278,5111,127296,768,1
2815,768,278,5093,128426,768,1
2816,768,277,5408,127741,768,1
2817,768,278,5093,127204,768,1
2818,768,277,5037,127519,768,1
2819,768,278,5185,127574,768,1
2820,768,278,5259,127555,768,1
2821,768,277,5093,127815,768,1
2822,768,278,5185,127148,768,1
2823,768,278,5055,127333,768,1
2824,768,278,5167,127629,768,1
2825,768,277,5093,128241,768,1
2826,768,278,5241,128259,768,1
2827,768,278,5093,126926,768,1
2828,768,278,5111,127445,768,1
2829,768,278,5074,127408,768,1
2830,768,278,5092,127463,768,1
2831,768,277,5093,127556,768,1
2832,768,278,5259,128148,768,1
2833,768,278,5167,127370,768,1
2834,768,278,5074,127871,768,1
2835,768,278,5074,127222,768,1
2836,768,278,5092,127426,768,1
2837,768,259,5074,127407,768,1
2838,768,278,5037,127149,768,1
2839,768,278,5018,127000,768,1
2840,768,278,5092,127500,768,1
2841,768,278,5093,127574,768,1
2842,768,278,5037,127945,768,1
2843,768,278,5111,127593,768,1
2844,768,278,5055,127629,768,1
2845,768,277,5130,127037,768,1
2846,768,277,5093,127482,768,1
2847,768,278,5055,127296,768,1
2848,768,278,5240,127611,768,1
2849,768,278,5111,128371,768,1
2850,768,297,5074,127833,768,1
2851,768,278,5056,126963,768,1
2852,768,277,5056,127407,768,1
2853,768,278,5093,127149,768,1
2854,768,278,5055,127223,768,1
2855,768,278,5074,127241,768,1
2856,768,278,5055,127037,768,1
2857,768,277,13963,127648,768,1
2858,768,277,5704,127926,768,1
2859,768,278,5129,127833,768,1
2860,768,278,5111,127462,768,1
2861,768,277,5056,127371,768,1
2862,768,278,5092,127463,768,1
2863,768,277,5130,127278,768,1
2864,768,296,5241,127389,768,1
2865,768,278,5111,127463,768,1
2866,768,278,5074,128537,768,1
2867,768,278,5148,128000,768,1
2868,768,278,5130,127833,768,1
2869,768,278,5111,126981,768,1
2870,768,278,5074,127500,768,1
2871,768,278,5111,127482,768,1
2872,768,278,5074,127574,768,1
2873,768,278,5056,127130,768,1
2874,768,278,5130,127592,768,1
2875,768,277,5111,127648,768,1
2876,768,296,5093,127092,768,1
2877,768,278,5111,127111,768,1
2878,768,278,5111,127315,768,1
2879,768,278,5093,127241,768,1
2880,768,278,5278,127704,768,1
2881,768,278,5129,127186,768,1
2882,768,278,5111,127407,768,1
2883,768,278,5129,128112,768,1
2884,768,278,5277,127537,768,1
2885,768,278,5093,127926,768,1
2886,768,278,5074,127592,768,1
2887,768,278,5111,127259,768,1
2888,768,278,5111,127592,768,1
2889,768,278,5130,127277,768,1
2890,768,277,5075,127222,768,1
2891,768,259,5111,127926,768,1
2892,768,278,5092,127537,768,1
2893,768,277,5093,127500,768,1
2894,768,278,5093,127278,768,1
2895,768,278,5111,127259,768,1
2896,768,296,5315,127611,768,1
2897,768,278,5111,127907,768,1
2898,768,259,5055,127629,768,1
2899,768,278,5074,126926,768,1
2900,768,278,5074,128222,768,1
2901,768,277,5093,127315,768,1
2902,768,278,5074,127555,768,1
2903,768,278,5074,127407,768,1
2904,768,277,5112,127574,768,1
2905,768,277,5093,127370,768,1
2906,768,278,5074,127555,768,1
2907,768,278,5074,127556,768,1
2908,768,278,5111,127963,768,1
2909,768,259,5092,127518,768,1
2910,768,278,5092,127519,768,1
2911,768,278,5111,127389,768,1
2912,768,278,5240,127463,768,1
2913,768,278,5092,127537,768,1
2914,768,278,5055,127481,768,1
2915,768,277,5111,127667,768,1
2916,768,277,5074,127519,768,1
2917,768,278,5092,127981,768,1
2918,768,277,5111,127648,768,1
2919,768,277,5093,127611,768,1
2920,768,278,5148,127575,768,1
2921,768,278,5148,127389,768,1
2922,768,278,5074,127371,768,1
2923,768,296,5074,127352,768,1
2924,768,278,5093,127907,768,1
2925,768,278,5074,127704,768,1
2926,768,278,5074,127648,768,1
2927,768,277,5112,127685,768,1
2928,768,278,5222,127334,768,1
2929,768,278,5092,127463,768,1
2930,768,277,5074,127148,768,1
2931,768,260,5055,127297,768,1
2932,768,278,5093,127426,768,1
2933,768,278,5093,127352,768,1
2934,768,278,5111,128352,768,1
2935,768,278,5093,127575,768,1
2936,768,278,5129,127537,768,1
2937,768,277,5093,127926,768,1
2938,768,278,5074,127537,768,1
2939,768,277,5093,127389,768,1
2940,768,278,5074,127556,768,1
2941,768,278,5722,132407,768,1
2942,768,296,8482,133334,768,1
2943,768,277,5723,128297,768,1
2944,768,278,5445,127741,768,1
2945,768,278,5148,127426,768,1
2946,768,277,5130,127666,768,1
2947,768,278,5074,127296,768,1
2948,768,277,5297,128407,768,1
2949,768,278,5185,127185,768,1
2950,768,278,5093,127759,768,1
2951,768,277,5241,128593,768,1
2952,768,278,5204,128185,768,1
2953,768,277,5093,127370,768,1
2954,768,278,5111,127259,768,1
2955,768,278,5167,127592,768,1
2956,768,277,5111,127500,768,1
2957,768,278,5148,127667,768,1
2958,768,278,5093,127315,768,1
2959,768,278,5148,127445,768,1
2960,768,277,5260,127852,768,1
2961,768,278,5093,127703,768,1
2962,768,277,5056,127240,768,1
2963,768,277,5056,127315,768,1
2964,768,278,5111,127278,768,1
2965,768,278,5111,127889,768,1
2966,768,278,5056,127056,768,1
2967,768,259,5148,127278,768,1
2968,768,278,5111,128019,768,1
2969,768,278,5185,128129,768,1
2970,768,277,5111,127241,768,1
2971,768,278,5111,127537,768,1
2972,768,278,5093,127259,768,1
2973,768,278,5074,127444,768,1
2974,768,278,5130,127500,768,1
2975,768,278,5093,127352,768,1
2976,768,278,5259,127463,768,1
2977,768,278,5111,127445,768,1
2978,768,297,5092,127519,768,1
2979,768,259,5074,127426,768,1
2980,768,278,5074,127777,768,1
2981,768,277,5074,127889,768,1
2982,768,277,5149,127315,768,1
2983,768,296,5093,127260,768,1
2984,768,278,5074,127389,768,1
2985,768,278,5093,128037,768,1
2986,768,277,5093,127778,768,1
2987,768,278,5056,127241,768,1
2988,768,278,5092,127334,768,1
2989,768,278,5129,127741,768,1
2990,768,278,5130,127518,768,1
2991,768,277,5130,127334,768,1
2992,768,278,5240,127482,768,1
2993,768,278,5148,127463,768,1
2994,768,278,5148,127018,768,1
2995,768,277,5074,127630,768,1
2996,768,278,5092,127314,768,1
2997,768,277,5111,127741,768,1
2998,768,277,5093,127537,768,1
2999,768,296,5093,127574,768,1
3000,768,259,5111,127259,768,1
3001,768,278,5148,127518,768,1
3002,768,277,5130,128815,768,1
3003,768,278,5092,127852,768,1
3004,768,278,5278,127444,768,1
3005,768,278,5111,127314,768,1
3006,768,277,5093,127537,768,1
3007,768,278,5111,127444,768,1
3008,768,277,5260,127555,768,1
3009,768,278,5204,127463,768,1
3010,768,278,5074,127259,768,1
3011,768,278,5056,127463,768,1
3012,768,278,5222,127889,768,1
3013,768,278,5148,127259,768,1
3014,768,278,5074,127740,768,1
3015,768,278,5111,127537,768,1
3016,768,278,5074,127908,768,1
3017,768,278,5092,127129,768,1
3018,768,296,5074,127463,768,1
3019,768,278,5074,127889,768,1
3020,768,278,5092,127408,768,1
3021,768,259,5074,127722,768,1
3022,768,277,5056,127945,768,1
3023,768,278,5074,127315,768,1
3024,768,278,5259,127685,768,1
3025,768,278,5074,127426,768,1
3026,768,259,5074,127222,768,1
3027,768,277,5000,127204,768,1
3028,768,278,5074,127241,768,1
3029,768,278,5111,127130,768,1
3030,768,278,5037,127537,768,1
3031,768,277,5056,127297,768,1
3032,768,278,5056,127166,768,1
3033,768,277,5112,127260,768,1
3034,768,278,5074,127241,768,1
3035,768,278,5000,127408,768,1
3036,768,278,5037,127518,768,1
3037,768,278,5074,127500,768,1
3038,768,278,5056,127777,768,1
3039,768,277,5074,127241,768,1
3040,768,278,5241,127981,768,1
3041,768,278,5148,127556,768,1
3042,768,278,5037,126981,768,1
3043,768,278,5056,127722,768,1
3044,768,278,5092,209186,768,1
3045,768,296,13167,138908,768,1
3046,768,278,5648,129389,768,1
3047,768,278,5204,127407,768,1
3048,768,278,5074,128037,768,1
3049,768,278,5093,127778,768,1
3050,768,278,5093,127963,768,1
3051,768,278,5055,127852,768,1
3052,768,278,5000,127370,768,1
3053,768,297,5037,128704,768,1
3054,768,278,5167,128555,768,1
3055,768,278,5111,128222,768,1
3056,768,278,5203,127852,768,1
3057,768,278,5093,127649,768,1
3058,768,278,5074,127889,768,1
3059,768,278,5055,127796,768,1
3060,768,278,5037,127629,768,1
3061,768,259,5037,127907,768,1
3062,768,277,5037,128056,768,1
3063,768,277,5056,127963,768,1
3064,768,278,5056,127648,768,1
3065,768,277,5038,127741,768,1
3066,768,278,5037,127796,768,1
3067,768,278,5055,127796,768,1
3068,768,278,5037,127352,768,1
3069,768,259,5074,127555,768,1
3070,768,278,5148,129426,768,1
3071,768,278,5111,128018,768,1
3072,768,278,5259,128148,768,1
3073,768,278,5852,133000,768,1
3074,768,315,8815,134019,768,1
3075,768,260,5907,129223,768,1
3076,768,278,5500,128556,768,1
3077,768,278,5185,127778,768,1
3078,768,278,5167,129370,768,1
3079,768,278,5167,128241,768,1
3080,768,277,5260,128074,768,1
3081,768,278,5130,127463,768,1
3082,768,278,5241,127815,768,1
3083,768,278,5203,128186,768,1
3084,768,278,5129,127315,768,1
3085,768,278,5129,127426,768,1
3086,768,278,5092,128000,768,1
3087,768,278,5185,134130,768,1
3088,768,278,5444,128778,768,1
3089,768,278,5148,127963,768,1
3090,768,277,5093,127722,768,1
3091,768,277,5223,127556,768,1
3092,768,278,5166,127333,768,1
3093,768,278,5111,128352,768,1
3094,768,278,5093,127666,768,1
3095,768,277,5130,127834,768,1
3096,768,278,5240,127852,768,1
3097,768,278,5056,127686,768,1
3098,768,278,5092,127667,768,1
3099,768,278,5092,127723,768,1
3100,768,278,5129,127760,768,1
3101,768,278,5092,127778,768,1
3102,768,278,5111,127593,768,1
3103,768,278,5130,127666,768,1
3104,768,277,5352,129019,768,1
3105,768,278,5203,128277,768,1
3106,768,278,5315,127963,768,1
3107,768,278,5111,128204,768,1
3108,768,278,5111,127759,768,1
3109,768,278,5130,127667,768,1
3110,768,278,5074,127445,768,1
3111,768,278,5111,135222,768,1
3112,768,278,5592,128240,768,1
3113,768,277,5186,127704,768,1
3114,768,278,5092,127648,768,1
3115,768,278,5111,127315,768,1
3116,768,278,5074,127222,768,1
3117,768,277,5223,127722,768,1
3118,768,277,5074,127500,768,1
3119,768,278,5166,127945,768,1
3120,768,278,5259,127629,768,1
3121,768,278,5130,128315,768,1
3122,768,278,5185,127704,768,1
3123,768,259,5111,127315,768,1
3124,768,278,5092,127648,768,1
3125,768,278,5111,127462,768,1
3126,768,277,5093,127482,768,1
3127,768,278,5092,127759,768,1
3128,768,278,5185,127426,768,1
3129,768,277,5112,127685,768,1
3130,768,259,5130,127333,768,1
3131,768,278,5093,127722,768,1
3132,768,277,5075,126945,768,1
3133,768,278,5148,127167,768,1
3134,768,278,5055,127334,768,1
3135,768,278,5092,127555,768,1
3136,768,278,5278,127759,768,1
3137,768,278,5148,127482,768,1
3138,768,278,5037,128704,768,1
3139,768,278,5204,127740,768,1
3140,768,278,5537,127740,768,1
3141,768,277,5074,127129,768,1
3142,768,259,5074,127148,768,1
3143,768,278,5074,127778,768,1
3144,768,278,5074,127537,768,1
3145,768,278,5093,127278,768,1
3146,768,278,5129,127537,768,1
3147,768,277,5130,127463,768,1
3148,768,278,5111,127889,768,1
3149,768,278,5074,127537,768,1
3150,768,278,5093,127611,768,1
3151,768,260,5129,127982,768,1
3152,768,278,5259,127537,768,1
3153,768,278,5148,127167,768,1
3154,768,278,5055,127389,768,1
3155,768,278,5055,128241,768,1
3156,768,278,5074,127352,768,1
3157,768,278,5166,127888,768,1
3158,768,278,5074,127260,768,1
3159,768,278,5074,127352,768,1
3160,768,278,5074,127648,768,1
3161,768,278,5074,127352,768,1
3162,768,278,5092,127149,768,1
3163,768,278,5129,127519,768,1
3164,768,277,5112,127204,768,1
3165,768,278,5074,127222,768,1
3166,768,278,5092,126981,768,1
3167,768,278,5074,128185,768,1
3168,768,278,5277,127649,768,1
3169,768,278,5111,127204,768,1
3170,768,278,5092,127278,768,1
3171,768,260,5092,127334,768,1
3172,768,278,5092,128075,768,1
3173,768,278,5074,127685,768,1
3174,768,277,5075,127093,768,1
3175,768,278,5167,127444,768,1
3176,768,278,5111,127907,768,1
3177,768,278,5074,127222,768,1
3178,768,260,5111,127129,768,1
3179,768,278,5055,127297,768,1
3180,768,278,5092,127778,768,1
3181,768,278,5092,126907,768,1
3182,768,277,5130,127741,768,1
3183,768,277,5093,127408,768,1
3184,768,278,5240,127982,768,1
3185,768,278,5092,127481,768,1
3186,768,278,5093,127259,768,1
3187,768,278,5056,126759,768,1
3188,768,278,5148,127612,768,1
3189,768,259,5093,127685,768,1
3190,768,278,5093,127537,768,1
3191,768,278,5092,127518,768,1
3192,768,278,5093,127963,768,1
3193,768,278,5111,127426,768,1
3194,768,278,5093,127352,768,1
3195,768,278,5167,127611,768,1
3196,768,278,5148,127333,768,1
3197,768,278,5092,127334,768,1
3198,768,278,5111,127593,768,1
3199,768,278,5148,127463,768,1
3200,768,278,5259,127870,768,1
3201,768,278,5111,127760,768,1
3202,768,278,5055,127389,768,1
3203,768,278,5092,127278,768,1
3204,768,278,5260,127370,768,1
3205,768,277,5852,132814,768,1
3206,768,333,9407,135667,768,1
3207,768,278,6037,128907,768,1
3208,768,277,5241,128408,768,1
3209,768,278,5111,127315,768,1
3210,768,278,5240,127741,768,1
3211,768,296,5130,127112,768,1
3212,768,278,5129,127315,768,1
3213,768,278,5111,127222,768,1
3214,768,259,5185,128074,768,1
3215,768,278,5148,127592,768,1
3216,768,277,5297,127852,768,1
3217,768,278,5111,127537,768,1
3218,768,277,5093,127074,768,1
3219,768,296,5111,127149,768,1
3220,768,278,5074,127611,768,1
3221,768,277,5112,127666,768,1
3222,768,277,5074,127278,768,1
3223,768,278,5111,127759,768,1
3224,768,278,5130,127426,768,1
3225,768,278,5203,128130,768,1
3226,768,278,5074,127519,768,1
3227,768,278,5074,127055,768,1
3228,768,260,5055,127556,768,1
3229,768,278,5055,127815,768,1
3230,768,278,5222,127407,768,1
3231,768,259,5074,127277,768,1
3232,768,277,5223,127463,768,1
3233,768,278,5055,127704,768,1
3234,768,278,5055,127315,768,1
3235,768,278,5037,127204,768,1
3236,768,278,5018,127204,768,1
3237,768,278,5037,127241,768,1
3238,768,278,5000,127111,768,1
3239,768,260,5055,127241,768,1
3240,768,278,5019,127574,768,1
3241,768,278,5055,127444,768,1
3242,768,278,5037,127297,768,1
3243,768,278,5037,127222,768,1
3244,768,278,5019,127426,768,1
3245,768,278,5074,127445,768,1
3246,768,278,5037,127129,768,1
3247,768,277,5075,126945,768,1
3248,768,278,5203,127445,768,1
3249,768,278,5055,127629,768,1
3250,768,278,5037,127185,768,1
3251,768,296,5019,127148,768,1
3252,768,259,5037,127537,768,1
3253,768,278,5037,127426,768,1
3254,768,278,5056,127055,768,1
3255,768,277,5038,127148,768,1
3256,768,259,5037,127370,768,1
3257,768,278,5074,128537,768,1
3258,768,278,5111,127222,768,1
3259,768,278,5037,127537,768,1
3260,768,278,5037,127278,768,1
3261,768,278,5129,127778,768,1
3262,768,278,5092,127462,768,1
3263,768,278,5074,127907,768,1
3264,768,278,5167,127704,768,1
3265,768,278,5092,127667,768,1
3266,768,278,5000,127815,768,1
3267,768,278,5037,127575,768,1
3268,768,278,5203,127371,768,1
3269,768,278,5092,127241,768,1
3270,768,296,5056,127500,768,1
3271,768,277,5056,127241,768,1
3272,768,278,5056,127555,768,1
3273,768,277,5074,127352,768,1
3274,768,278,5074,128740,768,1
3275,768,259,5130,127685,768,1
3276,768,259,5074,127296,768,1
3277,768,277,5056,127500,768,1
3278,768,260,5148,127538,768,1
3279,768,278,5092,127352,768,1
3280,768,296,5259,127649,768,1
3281,768,278,5055,127482,768,1
3282,768,277,5074,128148,768,1
3283,768,278,5074,127500,768,1
3284,768,278,5037,127352,768,1
3285,768,278,5056,127518,768,1
3286,768,277,5149,127648,768,1
3287,768,277,5056,127648,768,1
3288,768,259,5093,127685,768,1
3289,768,278,5092,127889,768,1
3290,768,277,5056,127814,768,1
3291,768,277,5093,129148,768,1
3292,768,277,5149,127833,768,1
3293,768,277,5093,127333,768,1
3294,768,278,5093,127185,768,1
3295,768,278,5092,127519,768,1
3296,768,259,5260,127926,768,1
3297,768,278,5093,127685,768,1
3298,768,278,5148,127722,768,1
3299,768,278,5093,127352,768,1
3300,768,278,5037,127407,768,1
3301,768,278,5055,127740,768,1
3302,768,278,5037,127370,768,1
3303,768,259,5056,127352,768,1
3304,768,278,5056,127555,768,1
3305,768,277,5037,127203,768,1
3306,768,277,5056,127685,768,1
3307,768,259,5037,127629,768,1
3308,768,278,5130,128537,768,1
3309,768,259,5075,127500,768,1
3310,768,277,5167,127778,768,1
3311,768,277,5056,127056,768,1
3312,768,278,5185,127815,768,1
3313,768,278,5074,127592,768,1
3314,768,278,5056,127537,768,1
3315,768,278,5055,127981,768,1
3316,768,278,5037,127630,768,1
3317,768,297,5037,127722,768,1
3318,768,278,5055,127389,768,1
3319,768,278,5037,127371,768,1
3320,768,259,5056,127519,768,1
3321,768,278,5074,127389,768,1
3322,768,278,5018,128685,768,1
3323,768,296,5185,128000,768,1
3324,768,278,5055,127537,768,1
3325,768,278,5055,128037,768,1
3326,768,278,5074,127833,768,1
3327,768,278,5037,127445,768,1
3328,768,278,5222,127796,768,1
3329,768,277,5075,133408,768,1
3330,768,278,5074,128167,768,1
3331,768,278,5167,128389,768,1
3332,768,278,5241,127981,768,1
3333,768,278,5185,127685,768,1
3334,768,277,5056,127778,768,1
3335,768,278,5018,127537,768,1
3336,768,278,5037,126851,768,1
3337,768,297,5833,132852,768,1
3338,768,315,9240,133797,768,1
3339,768,277,5815,129500,768,1
3340,768,278,5166,127852,768,1
3341,768,278,5148,127537,768,1
3342,768,278,5148,129759,768,1
3343,768,278,5278,127926,768,1
3344,768,278,5370,127963,768,1
3345,768,278,5148,127871,768,1
3346,768,260,5111,127667,768,1
3347,768,278,5111,128241,768,1
3348,768,278,5111,127537,768,1
3349,768,277,5056,127315,768,1
3350,768,278,5111,127723,768,1
3351,768,278,5093,127333,768,1
3352,768,278,5092,127408,768,1
3353,768,278,5092,128240,768,1
3354,768,277,5241,127666,768,1
3355,768,278,5129,128037,768,1
3356,768,278,5074,127574,768,1
3357,768,277,5112,127111,768,1
3358,768,277,5111,127500,768,1
3359,768,259,5130,128592,768,1
3360,768,278,5259,127666,768,1
3361,768,277,5111,127500,768,1
3362,768,278,5055,127352,768,1
3363,768,277,5093,128148,768,1
3364,768,278,5074,127463,768,1
3365,768,277,5075,127722,768,1
3366,768,277,5075,127482,768,1
3367,768,278,5092,128000,768,1
3368,768,277,5093,127315,768,1
3369,768,278,5093,127852,768,1
3370,768,278,5018,127463,768,1
3371,768,277,5130,128074,768,1
3372,768,278,5092,127370,768,1
3373,768,277,5093,127426,768,1
3374,768,278,5111,127630,768,1
3375,768,278,5130,127797,768,1
3376,768,296,5222,128371,768,1
3377,768,278,5130,128000,768,1
3378,768,278,5185,128037,768,1
3379,768,277,5148,127593,768,1
3380,768,278,5093,127907,768,1
3381,768,278,5148,127870,768,1
3382,768,278,5111,128111,768,1
3383,768,278,5130,127759,768,1
3384,768,278,5130,128203,768,1
3385,768,277,5149,127778,768,1
3386,768,278,5130,127500,768,1
3387,768,278,5074,127425,768,1
3388,768,278,5093,127611,768,1
3389,768,278,5111,127389,768,1
3390,768,278,5093,127500,768,1
3391,768,278,5074,127500,768,1
3392,768,278,5240,127592,768,1
3393,768,278,5130,128222,768,1
3394,768,277,5112,127852,768,1
3395,768,278,5129,127611,768,1
3396,768,278,5241,128092,768,1
3397,768,278,5130,127630,768,1
3398,768,296,5074,127408,768,1
3399,768,278,5092,127814,768,1
3400,768,277,5075,127259,768,1
3401,768,277,5056,127444,768,1
3402,768,278,5111,127463,768,1
3403,768,278,5111,127852,768,1
3404,768,278,5093,128334,768,1
3405,768,278,5130,128018,768,1
3406,768,277,5112,127463,768,1
3407,768,278,5130,127722,768,1
3408,768,278,5241,127759,768,1
3409,768,278,5093,127759,768,1
3410,768,278,5074,128722,768,1
3411,768,278,5148,127241,768,1
3412,768,260,5148,127888,768,1
3413,768,277,5112,127537,768,1
3414,768,278,5148,127556,768,1
3415,768,297,5111,127463,768,1
3416,768,278,13389,134277,768,1
3417,768,296,5593,128296,768,1
3418,768,259,5149,127611,768,1
3419,768,278,5148,127389,768,1
3420,768,278,5111,127852,768,1
3421,768,278,5166,127686,768,1
3422,768,278,5148,127630,768,1
3423,768,278,5185,127593,768,1
3424,768,278,5259,127907,768,1
3425,768,278,5130,127481,768,1
3426,768,278,5037,127722,768,1
3427,768,277,5148,128111,768,1
3428,768,278,5222,127796,768,1
3429,768,277,5130,127704,768,1
3430,768,278,5092,127759,768,1
3431,768,277,5204,127611,768,1
3432,768,278,5111,127370,768,1
3433,768,277,5111,127704,768,1
3434,768,278,5129,127870,768,1
3435,768,277,5186,128148,768,1
3436,768,278,5130,127592,768,1
3437,768,278,5167,128204,768,1
3438,768,259,5148,127815,768,1
3439,768,278,5185,127796,768,1
3440,768,278,5389,127703,768,1
3441,768,277,5149,128019,768,1
3442,768,278,5148,127833,768,1
3443,768,278,5111,127685,768,1
3444,768,278,5148,128149,768,1
3445,768,278,5185,128519,768,1
3446,768,278,5111,127889,768,1
3447,768,278,5111,127759,768,1
3448,768,278,5167,127592,768,1
3449,768,259,5204,127704,768,1
3450,768,278,5111,127370,768,1
3451,768,278,5148,127667,768,1
3452,768,278,5111,127185,768,1
3453,768,259,5111,128000,768,1
3454,768,278,5074,127648,768,1
3455,768,278,5111,127593,768,1
3456,768,278,5241,127815,768,1
3457,768,278,5074,127519,768,1
3458,768,278,5055,127259,768,1
3459,768,277,5075,127611,768,1
3460,768,278,5222,127907,768,1
3461,768,278,5093,128963,768,1
3462,768,278,5111,127741,768,1
3463,768,259,5111,127130,768,1
3464,768,278,5092,127519,768,1
3465,768,278,5093,127574,768,1
3466,768,278,5056,127519,768,1
3467,768,259,5056,127648,768,1
3468,768,278,5074,127611,768,1
3469,768,278,5759,132963,768,1
3470,768,296,8593,133500,768,1
3471,768,278,5741,128426,768,1
3472,768,278,5334,127481,768,1
3473,768,278,5148,128000,768,1
3474,768,278,5093,127777,768,1
3475,768,278,5092,127537,768,1
3476,768,278,5129,127574,768,1
3477,768,278,5130,127759,768,1
3478,768,259,6537,130278,768,1
3479,768,278,5370,128000,768,1
3480,768,277,5167,127834,768,1
3481,768,278,5240,127741,768,1
3482,768,278,5092,127593,768,1
3483,768,277,5093,127222,768,1
3484,768,277,5074,127537,768,1
3485,768,259,5056,127870,768,1
3486,768,278,5092,127259,768,1
3487,768,277,5093,127611,768,1
3488,768,278,5259,127722,768,1
3489,768,278,5129,127352,768,1
3490,768,277,5074,127685,768,1
3491,768,277,5056,127574,768,1
3492,768,278,5130,127463,768,1
3493,768,278,5074,127871,768,1
3494,768,278,5037,127389,768,1
3495,768,278,5074,127760,768,1
3496,768,278,5092,127649,768,1
3497,768,278,5074,127611,768,1
3498,768,278,5074,127666,768,1
3499,768,278,5093,127463,768,1
3500,768,278,5092,127315,768,1
3501,768,278,5092,127129,768,1
3502,768,278,5074,127852,768,1
3503,768,278,5111,127648,768,1
3504,768,278,5278,127833,768,1
3505,768,277,5111,127944,768,1
3506,768,278,5074,127074,768,1
3507,768,278,5074,127685,768,1
3508,768,278,5092,127426,768,1
3509,768,278,5074,127870,768,1
3510,768,259,5148,127778,768,1
3511,768,278,5092,127796,768,1
3512,768,278,5092,128166,768,1
3513,768,277,5093,127648,768,1
3514,768,278,5074,127315,768,1
3515,768,278,5055,127685,768,1
3516,768,259,5074,127481,768,1
3517,768,277,5112,127482,768,1
3518,768,259,5093,128222,768,1
3519,768,278,5056,127463,768,1
3520,768,278,5204,127908,768,1
3521,768,278,5111,127593,768,1
3522,768,277,5038,127611,768,1
3523,768,278,5092,127092,768,1
3524,768,278,5241,127630,768,1
3525,768,278,5111,127445,768,1
3526,768,278,5055,127963,768,1
3527,768,278,5056,127759,768,1
3528,768,278,5074,127537,768,1
3529,768,277,5074,127685,768,1
3530,768,277,5093,127407,768,1
3531,768,278,5111,127611,768,1
3532,768,278,5148,127574,768,1
3533,768,297,5148,127907,768,1
3534,768,278,5185,127963,768,1
3535,768,278,5148,127223,768,1
3536,768,278,5314,127833,768,1
3537,768,278,5222,127778,768,1
3538,768,259,5055,127481,768,1
3539,768,278,5055,127482,768,1
3540,768,277,5074,127685,768,1
3541,768,278,5148,127574,768,1
3542,768,278,5148,128037,768,1
3543,768,277,5056,127537,768,1
3544,768,278,5092,127611,768,1
3545,768,278,5111,127870,768,1
3546,768,278,5074,127926,768,1
3547,768,277,5112,127426,768,1
3548,768,278,5111,127574,768,1
3549,768,277,5149,127463,768,1
3550,768,278,5074,127741,768,1
3551,768,278,5111,127444,768,1
3552,768,277,5260,127852,768,1
3553,768,278,5093,127537,768,1
3554,768,278,5018,127481,768,1
3555,768,278,5167,127815,768,1
3556,768,278,5056,127408,768,1
3557,768,277,5056,126815,768,1
3558,768,278,5093,127426,768,1
3559,768,278,5056,127648,768,1
3560,768,278,5093,127759,768,1
3561,768,278,5092,127426,768,1
3562,768,277,5093,127611,768,1
3563,768,278,5092,128371,768,1
3564,768,278,5092,127703,768,1
3565,768,277,5130,127445,768,1
3566,768,278,5074,127241,768,1
3567,768,278,5130,127833,768,1
3568,768,278,5222,127944,768,1
3569,768,278,5130,127666,768,1
3570,768,278,5037,127518,768,1
3571,768,278,5074,127592,768,1
3572,768,278,5130,127481,768,1
3573,768,278,5074,127612,768,1
3574,768,278,5018,127204,768,1
3575,768,278,5111,127907,768,1
3576,768,278,5092,127500,768,1
3577,768,278,5129,127667,768,1
3578,768,278,5074,127389,768,1
3579,768,278,5074,127630,768,1
3580,768,278,5074,128000,768,1
3581,768,277,5111,128111,768,1
3582,768,296,5056,127556,768,1
3583,768,260,5092,127704,768,1
3584,768,278,5315,127574,768,1
3585,768,277,5093,127482,768,1
3586,768,278,5055,127093,768,1
3587,768,296,5112,127481,768,1
3588,768,278,5222,127500,768,1
3589,768,278,5185,127592,768,1
3590,768,277,5056,127889,768,1
3591,768,278,5074,127296,768,1
3592,768,278,5074,127092,768,1
3593,768,277,5093,127537,768,1
3594,768,278,5055,127611,768,1
3595,768,278,5074,127371,768,1
3596,768,278,5037,127314,768,1
3597,768,277,5093,128445,768,1
3598,768,278,5055,127593,768,1
3599,768,277,5112,127519,768,1
3600,768,278,5241,127778,768,1
3601,768,296,5648,132686,768,1
3602,768,296,8871,134093,768,1
3603,768,278,5963,129129,768,1
3604,768,296,5259,128371,768,1
3605,768,278,5130,127852,768,1
3606,768,278,5055,127666,768,1
3607,768,296,5093,127389,768,1
3608,768,277,5093,128130,768,1
3609,768,278,5166,127852,768,1
3610,768,277,5074,127240,768,1
3611,768,277,5093,127537,768,1
3612,768,278,5018,127445,768,1
3613,768,278,5055,127703,768,1
3614,768,259,5074,128704,768,1
3615,768,278,5111,127666,768,1
3616,768,278,5315,128000,768,1
3617,768,278,5092,127556,768,1
3618,768,278,5037,127537,768,1
3619,768,278,5129,127629,768,1
3620,768,278,5056,127500,768,1
3621,768,278,5037,127389,768,1
3622,768,278,5037,127444,768,1
3623,768,277,5056,127741,768,1
3624,768,278,5055,127592,768,1
3625,768,278,5055,127537,768,1
3626,768,278,5037,127315,768,1
3627,768,278,5037,127389,768,1
3628,768,278,5056,127333,768,1
3629,768,277,5056,127463,768,1
3630,768,278,5055,127278,768,1
3631,768,278,5056,128518,768,1
3632,768,277,5223,128574,768,1
3633,768,278,5111,127759,768,1
3634,768,277,5167,127630,768,1
3635,768,278,5074,127741,768,1
3636,768,278,5074,127463,768,1
3637,768,278,5056,127703,768,1
3638,768,296,5037,127241,768,1
3639,768,278,5093,127426,768,1
3640,768,278,5074,127963,768,1
3641,768,277,5056,127555,768,1
3642,768,278,5056,127407,768,1
3643,768,278,5056,127945,768,1
3644,768,260,5037,127445,768,1
3645,768,277,5056,127703,768,1
3646,768,277,5037,128019,768,1
3647,768,278,5056,127704,768,1
3648,768,278,5222,128500,768,1
3649,768,278,5093,127629,768,1
3650,768,277,5037,127426,768,1
3651,768,278,5037,127426,768,1
3652,768,278,5241,127666,768,1
3653,768,278,5129,127574,768,1
3654,768,278,5074,127908,768,1
3655,768,278,5055,127481,768,1
3656,768,278,5037,127630,768,1
3657,768,278,5055,128111,768,1
3658,768,277,5074,127741,768,1
3659,768,278,5055,127611,768,1
3660,768,278,5056,127241,768,1
3661,768,278,5185,127389,768,1
3662,768,296,5019,127240,768,1
3663,768,277,5074,127204,768,1
3664,768,277,5260,127963,768,1
3665,768,278,5185,128185,768,1
3666,768,259,5037,126518,768,1
3667,768,278,5018,127055,768,1
3668,768,278,5019,127000,768,1
3669,768,277,5093,127074,768,1
3670,768,278,4982,126722,768,1
3671,768,278,5000,126888,768,1
3672,768,296,4982,126685,768,1
3673,768,277,4963,127093,768,1
3674,768,278,4982,126352,768,1
3675,768,277,5000,126889,768,1
3676,768,278,5000,126741,768,1
3677,768,277,4982,126759,768,1
3678,768,278,4963,126592,768,1
3679,768,278,5000,126889,768,1
3680,768,277,5149,126704,768,1
3681,768,259,5037,127278,768,1
3682,768,278,5000,127408,768,1
3683,768,278,4982,126685,768,1
3684,768,278,4982,126500,768,1
3685,768,277,4982,126722,768,1
3686,768,278,5000,126833,768,1
3687,768,277,5037,126741,768,1
3688,768,277,4982,126611,768,1
3689,768,297,4981,127130,768,1
3690,768,278,4963,126278,768,1
3691,768,278,5000,126352,768,1
3692,768,278,4981,126815,768,1
3693,768,278,5000,126796,768,1
3694,768,278,4981,126926,768,1
3695,768,278,5019,145000,768,1
3696,768,315,5981,129426,768,1
3697,768,278,5278,128037,768,1
3698,768,278,5204,127704,768,1
3699,768,278,5111,128593,768,1
3700,768,278,5092,127592,768,1
3701,768,260,5111,127722,768,1
3702,768,278,5037,127351,768,1
3703,768,277,5130,127685,768,1
3704,768,277,5186,127982,768,1
3705,768,296,5185,127760,768,1
3706,768,278,5074,127963,768,1
3707,768,296,5055,127389,768,1
3708,768,278,5111,127704,768,1
3709,768,278,5111,127815,768,1
3710,768,278,5111,127611,768,1
3711,768,277,5149,127722,768,1
3712,768,277,5278,127926,768,1
3713,768,278,5111,127556,768,1
3714,768,278,5111,127797,768,1
3715,768,278,5074,127556,768,1
3716,768,278,5333,128703,768,1
3717,768,277,5093,128037,768,1
3718,768,278,5055,127723,768,1
3719,768,278,5037,127315,768,1
3720,768,296,5074,127593,768,1
3721,768,278,5074,127593,768,1
3722,768,278,5074,127963,768,1
3723,768,278,5093,127352,768,1
3724,768,278,5092,127703,768,1
3725,768,277,5056,127611,768,1
3726,768,278,5111,128815,768,1
3727,768,278,5278,127851,768,1
3728,768,296,5278,127685,768,1
3729,768,277,5093,127334,768,1
3730,768,278,5074,128074,768,1
3731,768,277,5093,127445,768,1
3732,768,278,5074,127574,768,1
3733,768,278,5074,128037,768,1
3734,768,278,5667,132352,768,1
3735,768,315,9426,134074,768,1
3736,768,278,5814,128278,768,1
3737,768,278,5222,127834,768,1
3738,768,278,5167,128407,768,1
3739,768,277,5112,127796,768,1
3740,768,296,5074,127500,768,1
3741,768,278,5111,127370,768,1
3742,768,259,5074,127759,768,1
3743,768,277,5037,127704,768,1
3744,768,278,5259,127796,768,1
3745,768,278,5111,127574,768,1
3746,768,277,5056,128352,768,1
3747,768,278,5093,127574,768,1
3748,768,278,5055,127592,768,1
3749,768,278,5074,127481,768,1
3750,768,277,5056,128908,768,1
3751,768,278,5111,128130,768,1
3752,768,278,5204,127389,768,1
3753,768,278,5129,127685,768,1
3754,768,278,5111,127833,768,1
3755,768,277,5093,127519,768,1
3756,768,278,5111,127574,768,1
3757,768,278,5111,128203,768,1
3758,768,296,5241,127834,768,1
3759,768,260,5148,127500,768,1
3760,768,278,5278,128277,768,1
3761,768,277,5149,127352,768,1
3762,768,278,5148,127611,768,1
3763,768,277,5130,127685,768,1
3764,768,278,5148,127518,768,1
3765,768,278,5130,127426,768,1
3766,768,278,5129,127351,768,1
3767,768,277,5130,128556,768,1
3768,768,277,5167,127315,768,1
3769,768,277,5130,127759,768,1
3770,768,277,5130,127648,768,1
3771,768,277,5204,128019,768,1
3772,768,278,5148,127500,768,1
3773,768,278,5074,128055,768,1
3774,768,277,5074,127574,768,1
3775,768,278,5074,127518,768,1
3776,768,277,5334,128185,768,1
3777,768,278,5111,128074,768,1
3778,768,278,5129,127463,768,1
3779,768,277,5112,127981,768,1
3780,768,278,5315,127611,768,1
3781,768,278,5129,127593,768,1
3782,768,259,5130,127722,768,1
3783,768,277,5112,127444,768,1
3784,768,278,5111,128222,768,1
3785,768,278,5000,127852,768,1
3786,768,278,5148,127741,768,1
3787,768,278,5129,127759,768,1
3788,768,278,5111,129055,768,1
3789,768,278,5203,127537,768,1
3790,768,278,5148,127815,768,1
3791,768,278,5055,127500,768,1
3792,768,277,5241,127889,768,1
3793,768,278,5093,127537,768,1
3794,768,278,5074,127851,768,1
3795,768,277,5056,127630,768,1
3796,768,277,5074,127667,768,1
3797,768,278,5129,127444,768,1
3798,768,278,5093,127629,768,1
3799,768,278,5074,127685,768,1
3800,768,277,5074,127648,768,1
3801,768,278,5056,127611,768,1
3802,768,278,5056,127630,768,1
3803,768,278,5056,127537,768,1
3804,768,277,5074,127630,768,1
3805,768,278,5092,127704,768,1
3806,768,296,5056,127204,768,1
3807,768,278,5055,127519,768,1
3808,768,278,5204,127611,768,1
3809,768,278,5055,127370,768,1
3810,768,278,5056,127334,768,1
3811,768,278,5074,127518,768,1
3812,768,277,5074,127241,768,1
3813,768,278,5055,127463,768,1
3814,768,278,5055,127092,768,1
3815,768,277,5056,127408,768,1
3816,768,278,5000,127481,768,1
3817,768,278,5055,127500,768,1
3818,768,278,5056,128778,768,1
3819,768,278,5074,127704,768,1
3820,768,278,5111,127963,768,1
3821,768,277,5093,127352,768,1
3822,768,278,5093,127704,768,1
3823,768,278,5093,127778,768,1
3824,768,278,5333,127611,768,1
3825,768,277,5056,127834,768,1
3826,768,278,5092,127574,768,1
3827,768,277,5093,127871,768,1
3828,768,278,5074,128278,768,1
3829,768,278,5130,127222,768,1
3830,768,260,5092,127445,768,1
3831,768,278,5074,127519,768,1
3832,768,278,5055,127686,768,1
3833,768,278,5055,127482,768,1
3834,768,278,5148,127518,768,1
3835,768,278,5167,127963,768,1
3836,768,277,5056,127908,768,1
3837,768,278,5074,127666,768,1
3838,768,277,5075,127315,768,1
3839,768,278,5037,127315,768,1
3840,768,278,5204,127981,768,1
3841,768,278,5055,127518,768,1
3842,768,278,5037,127296,768,1
3843,768,278,5037,127370,768,1
3844,768,278,5222,128055,768,1
3845,768,278,5055,127537,768,1
3846,768,278,5037,127500,768,1
3847,768,278,5037,127296,768,1
3848,768,278,5037,127537,768,1
3849,768,278,5055,127612,768,1
3850,768,278,5055,127445,768,1
3851,768,277,5037,127556,768,1
3852,768,278,5167,128407,768,1
3853,768,277,5074,127574,768,1
3854,768,278,5074,127667,768,1
3855,768,278,5074,127334,768,1
3856,768,278,5222,127797,768,1
3857,768,278,5092,127481,768,1
3858,768,278,5056,127389,768,1
3859,768,278,5056,127259,768,1
3860,768,278,5055,127518,768,1
3861,768,278,5037,127296,768,1
3862,768,278,5037,127741,768,1
3863,768,278,5018,127315,768,1
3864,768,260,5055,126908,768,1
3865,768,278,5037,127463,768,1
3866,768,296,5889,132611,768,1
3867,768,297,9222,134000,768,1
3868,768,278,5740,128871,768,1
3869,768,278,5148,130259,768,1
3870,768,278,5204,127629,768,1
3871,768,278,5111,127833,768,1
3872,768,277,5297,127852,768,1
3873,768,278,5130,127426,768,1
3874,768,278,5074,127352,768,1
3875,768,277,5056,127500,768,1
3876,768,260,5074,127445,768,1
3877,768,278,5111,128092,768,1
3878,768,278,5148,127815,768,1
3879,768,296,5074,127907,768,1
3880,768,278,5111,127315,768,1
3881,768,278,5074,127611,768,1
3882,768,296,5093,127518,768,1
3883,768,278,5259,128204,768,1
3884,768,278,5111,127463,768,1
3885,768,277,5111,127815,768,1
3886,768,278,5241,128481,768,1
3887,768,278,5166,127667,768,1
3888,768,278,5277,128241,768,1
3889,768,278,5130,127926,768,1
3890,768,277,5223,127371,768,1
3891,768,278,5074,127574,768,1
3892,768,259,5093,127722,768,1
3893,768,278,5111,130759,768,1
3894,768,278,5315,128000,768,1
3895,768,278,5389,127815,768,1
3896,768,278,5111,127463,768,1
3897,768,278,5111,127463,768,1
3898,768,277,5130,127667,768,1
3899,768,259,5111,127593,768,1
3900,768,297,5148,127759,768,1
3901,768,278,5130,127871,768,1
3902,768,278,5111,127778,768,1
3903,768,277,5111,128204,768,1
3904,768,407,5371,128277,768,1
3905,768,278,5129,127740,768,1
3906,768,278,5111,127222,768,1
3907,768,259,5093,127426,768,1
3908,768,278,5314,127834,768,1
3909,768,278,5111,128167,768,1
3910,768,278,5093,127667,768,1
3911,768,278,5093,127148,768,1
3912,768,278,5111,127444,768,1
3913,768,278,5074,127852,768,1
3914,768,277,5204,127000,768,1
3915,768,278,5019,126722,768,1
3916,768,278,5019,126944,768,1
3917,768,278,4981,127223,768,1
3918,768,278,5037,126519,768,1
3919,768,277,5112,126685,768,1
3920,768,278,5148,127778,768,1
3921,768,277,5037,126778,768,1
3922,768,277,5075,126834,768,1
3923,768,278,4981,126871,768,1
3924,768,278,4981,126852,768,1
3925,768,278,5000,127000,768,1
3926,768,278,4981,126944,768,1
3927,768,278,5000,126926,768,1
3928,768,278,5018,126814,768,1
3929,768,278,4981,126852,768,1
3930,768,278,5000,126778,768,1
3931,768,278,5000,126704,768,1
3932,768,277,5056,126667,768,1
3933,768,278,5000,126981,768,1
3934,768,278,5037,126778,768,1
3935,768,278,5074,126667,768,1
3936,768,278,5167,127019,768,1
3937,768,277,5056,127685,768,1
3938,768,278,5148,126925,768,1
3939,768,278,5000,126500,768,1
3940,768,278,5000,126889,768,1
3941,768,277,4982,126537,768,1
3942,768,278,4963,126815,768,1
3943,768,278,5000,126741,768,1
3944,768,278,5000,127649,768,1
3945,768,297,5870,128204,768,1
3946,768,296,5148,127426,768,1
3947,768,278,5092,127889,768,1
3948,768,278,5093,126852,768,1
3949,768,296,5056,127593,768,1
3950,768,278,5074,127500,768,1
3951,768,278,5241,127500,768,1
3952,768,278,5370,127593,768,1
3953,768,278,5222,127703,768,1
3954,768,259,5111,127944,768,1
3955,768,278,5093,128778,768,1
3956,768,278,5074,127815,768,1
3957,768,278,5111,127592,768,1
3958,768,278,5074,128148,768,1
3959,768,278,5093,127074,768,1
3960,768,278,5111,127407,768,1
3961,768,278,5093,127870,768,1
3962,768,278,5093,127574,768,1
3963,768,278,5074,128111,768,1
3964,768,278,5074,127333,768,1
3965,768,278,5093,127055,768,1
3966,768,277,5112,127519,768,1
3967,768,278,5074,127500,768,1
3968,768,278,5278,127500,768,1
3969,768,278,5092,127111,768,1
3970,768,278,5111,127500,768,1
3971,768,278,5130,129037,768,1
3972,768,278,5203,126444,768,1
3973,768,277,5186,281259,768,1
3974,768,296,14889,142278,768,1
3975,768,277,5871,128908,768,1
3976,768,278,5259,128259,768,1
3977,768,278,5296,127944,768,1
3978,768,278,5185,127722,768,1
3979,768,278,5204,127759,768,1
3980,768,277,5241,128260,768,1
3981,768,278,5055,127723,768,1
3982,768,278,5203,127315,768,1
3983,768,278,5185,127537,768,1
3984,768,277,5371,127760,768,1
3985,768,278,5185,127852,768,1
3986,768,278,5148,127112,768,1
3987,768,278,5148,127834,768,1
3988,768,278,5129,129278,768,1
3989,768,278,5240,127851,768,1
3990,768,278,5092,128574,768,1
3991,768,278,5129,127444,768,1
3992,768,277,5112,127445,768,1
3993,768,278,5111,127056,768,1
3994,768,278,5074,127519,768,1
3995,768,278,5092,127759,768,1
3996,768,278,5092,127741,768,1
3997,768,278,5111,127481,768,1
3998,768,297,5888,133666,768,1
3999,768,296,9500,134500,768,1
4000,768,278,6519,129203,768,1
4001,768,277,5260,128018,768,1
4002,768,278,5129,128185,768,1
4003,768,278,5074,127593,768,1
4004,768,277,5093,127759,768,1
4005,768,278,5092,129592,768,1
4006,768,297,5278,128667,768,1
4007,768,278,5130,128315,768,1
4008,768,278,5129,127611,768,1
4009,768,278,5074,127852,768,1
4010,768,277,5111,127463,768,1
4011,768,278,5074,127629,768,1
4012,768,277,5093,127870,768,1
4013,768,278,5093,127296,768,1
4014,768,278,5148,128185,768,1
4015,768,278,5111,127870,768,1
4016,768,278,5241,127796,768,1
4017,768,277,5056,127759,768,1
4018,768,277,5093,127518,768,1
4019,768,278,5092,127537,768,1
4020,768,277,5056,127740,768,1
4021,768,277,5112,128371,768,1
4022,768,278,5074,129129,768,1
4023,768,277,5130,127778,768,1
4024,768,278,5111,127945,768,1
4025,768,278,5074,127926,768,1
4026,768,278,5056,127870,768,1
4027,768,278,5093,127981,768,1
4028,768,277,5093,127851,768,1
4029,768,277,5075,127574,768,1
4030,768,277,5056,127945,768,1
4031,768,278,5111,127593,768,1
4032,768,278,5241,128222,768,1
4033,768,296,5055,127556,768,1
4034,768,278,5055,127629,768,1
4035,768,278,5074,127444,768,1
4036,768,277,5223,127797,768,1
4037,768,278,5130,126926,768,1
4038,768,259,4982,127167,768,1
4039,768,278,4944,127555,768,1
4040,768,278,4963,126389,768,1
4041,768,278,4981,126667,768,1
4042,768,278,4981,127037,768,1
4043,768,278,4981,126685,768,1
4044,768,278,5074,126963,768,1
4045,768,278,4981,126722,768,1
4046,768,296,4982,126777,768,1
4047,768,278,4981,127445,768,1
4048,768,278,5167,126889,768,1
4049,768,278,5000,126908,768,1
4050,768,259,5000,126444,768,1
4051,768,278,5111,127055,768,1
4052,768,296,5037,126592,768,1
4053,768,278,4981,126537,768,1
4054,768,277,4982,126463,768,1
4055,768,278,5000,126796,768,1
4056,768,278,5018,127222,768,1
4057,768,278,4981,126482,768,1
4058,768,277,5019,126945,768,1
4059,768,278,5074,126852,768,1
4060,768,278,5000,126777,768,1
4061,768,278,5000,126444,768,1
4062,768,277,4982,126630,768,1
4063,768,277,4982,127185,768,1
4064,768,278,5204,127000,768,1
4065,768,278,5019,126278,768,1
4066,768,278,5000,126982,768,1
4067,768,277,4963,129148,768,1
4068,768,278,6018,128907,768,1
4069,768,278,5130,127852,768,1
4070,768,278,5037,127260,768,1
4071,768,278,5056,128111,768,1
4072,768,260,5092,127648,768,1
4073,768,278,5056,129092,768,1
4074,768,277,5167,127814,768,1
4075,768,277,5112,127463,768,1
4076,768,278,5074,127500,768,1
4077,768,278,5055,127796,768,1
4078,768,278,5056,127741,768,1
4079,768,278,5148,128204,768,1
4080,768,278,5333,127648,768,1
4081,768,277,5056,127185,768,1
4082,768,277,5037,127611,768,1
4083,768,296,5037,127944,768,1
4084,768,278,5018,127704,768,1
4085,768,278,5055,127666,768,1
4086,768,277,5019,127222,768,1
4087,768,278,5074,128407,768,1
4088,768,278,5056,127630,768,1
4089,768,278,5055,127759,768,1
4090,768,278,5074,128296,768,1
4091,768,278,5056,127611,768,1
4092,768,278,5055,127852,768,1
4093,768,278,5222,127833,768,1
4094,768,278,5185,127852,768,1
4095,768,278,5074,127740,768,1
4096,768,277,5204,128593,768,1
4097,768,278,5074,127741,768,1
4098,768,278,5074,128093,768,1
4099,768,278,5296,127759,768,1
4100,768,278,5055,127778,768,1
4101,768,278,5056,127759,768,1
4102,768,259,5074,127741,768,1
4103,768,278,5037,127704,768,1
4104,768,278,5037,127778,768,1
4105,768,278,5055,127685,768,1
4106,768,278,5074,127686,768,1
4107,768,278,5055,127834,768,1
4108,768,278,5037,127908,768,1
4109,768,278,5055,127759,768,1
4110,768,278,5055,127833,768,1
4111,768,278,5092,128000,768,1
4112,768,277,5297,128314,768,1
4113,768,277,5074,127500,768,1
4114,768,278,5074,127537,768,1
4115,768,277,5019,127519,768,1
4116,768,278,5056,127741,768,1
4117,768,297,5055,127519,768,1
4118,768,278,5074,127296,768,1
4119,768,278,5019,127815,768,1
4120,768,278,5019,127815,768,1
4121,768,278,5056,128055,768,1
4122,768,278,5074,127926,768,1
4123,768,278,5037,127648,768,1
4124,768,296,5037,128000,768,1
4125,768,278,5018,127555,768,1
4126,768,278,5056,127963,768,1
4127,768,278,5056,127796,768,1
4128,768,278,5241,128611,768,1
4129,768,278,5056,128278,768,1
4130,768,296,5926,133315,768,1
4131,768,296,9093,133704,768,1
4132,768,277,5778,128796,768,1
4133,768,277,5149,127574,768,1
4134,768,278,5148,128314,768,1
4135,768,278,5111,127148,768,1
4136,768,277,5130,128185,768,1
4137,768,277,5130,127593,768,1
4138,768,278,5074,128130,768,1
4139,768,278,5130,127760,768,1
4140,768,278,5093,127370,768,1
4141,768,277,5056,129333,768,1
4142,768,259,5167,128092,768,1
4143,768,277,5093,127722,768,1
4144,768,278,5389,128704,768,1
4145,768,278,5092,127555,768,1
4146,768,278,5074,127889,768,1
4147,768,278,5055,127611,768,1
4148,768,296,5056,127982,768,1
4149,768,278,5074,127592,768,1
4150,768,277,5111,127629,768,1
4151,768,278,5074,127982,768,1
4152,768,259,5112,128037,768,1
4153,768,278,5093,127722,768,1
4154,768,278,5093,127389,768,1
4155,768,296,5130,127481,768,1
4156,768,278,5130,127852,768,1
4157,768,278,5148,127851,768,1
4158,768,259,5111,128500,768,1
4159,768,278,5166,128056,768,1
4160,768,278,5222,128592,768,1
4161,768,277,5186,127481,768,1
4162,768,278,5000,127055,768,1
4163,768,278,5204,127315,768,1
4164,768,278,5019,127389,768,1
4165,768,278,5000,127074,768,1
4166,768,278,5037,127074,768,1
4167,768,278,5092,126574,768,1
4168,768,278,5019,127074,768,1
4169,768,277,5075,127056,768,1
4170,768,278,5074,127166,768,1
4171,768,278,5018,126982,768,1
4172,768,277,5056,127259,768,1
4173,768,278,5000,126981,768,1
4174,768,278,5018,126889,768,1
4175,768,278,5222,128018,768,1
4176,768,278,5314,127482,768,1
4177,768,278,5037,127481,768,1
4178,768,278,5000,126889,768,1
4179,768,259,4981,126777,768,1
4180,768,278,5000,127018,768,1
4181,768,278,4981,126649,768,1
4182,768,278,4981,126666,768,1
4183,768,278,4926,126685,768,1
4184,768,277,4982,126759,768,1
4185,768,277,4926,127130,768,1
4186,768,278,5019,126815,768,1
4187,768,277,4982,126963,768,1
4188,768,278,5000,126926,768,1
4189,768,278,4981,126500,768,1
4190,768,278,5056,126908,768,1
4191,768,278,5000,127037,768,1
4192,768,278,15148,128926,768,1
4193,768,278,5759,128759,768,1
4194,768,278,5167,127482,768,1
4195,768,278,5129,127481,768,1
4196,768,278,5111,127629,768,1
4197,768,278,5111,127444,768,1
4198,768,277,5204,127722,768,1
4199,768,278,5092,127351,768,1
4200,768,277,5075,127445,768,1
4201,768,278,5074,127593,768,1
4202,768,278,5056,127592,768,1
4203,768,278,5074,127481,768,1
4204,768,278,5074,127334,768,1
4205,768,259,5130,127500,768,1
4206,768,278,5056,127537,768,1
4207,768,278,5092,127296,768,1
4208,768,278,5333,127666,768,1
4209,768,278,5129,128351,768,1
4210,768,277,5037,128056,768,1
4211,768,277,5093,128000,768,1
4212,768,278,5130,127852,768,1
4213,768,260,5111,127870,768,1
4214,768,277,5074,127834,768,1
4215,768,278,5111,127982,768,1
4216,768,277,5093,127759,768,1
4217,768,277,5111,127593,768,1
4218,768,278,5092,128074,768,1
4219,768,278,5222,127945,768,1
4220,768,278,5074,127425,768,1
4221,768,259,5093,127852,768,1
4222,768,278,5055,127537,768,1
4223,768,277,5093,128148,768,1
4224,768,277,6278,129111,768,1
4225,768,278,5148,127944,768,1
4226,768,277,5037,128908,768,1
4227,768,278,5240,127686,768,1
4228,768,278,5111,127944,768,1
4229,768,278,5111,127851,768,1
4230,768,278,5130,127519,768,1
4231,768,278,5111,127426,768,1
4232,768,278,5093,127463,768,1
4233,768,278,5111,127723,768,1
4234,768,278,5037,128000,768,1
4235,768,277,5075,127445,768,1
4236,768,278,5074,127537,768,1
4237,768,277,5075,126871,768,1
4238,768,278,5092,127278,768,1
4239,768,278,5074,127444,768,1
4240,768,277,5223,127685,768,1
4241,768,278,5111,127463,768,1
4242,768,278,5166,128018,768,1
4243,768,277,5130,128259,768,1
4244,768,277,5260,127556,768,1
4245,768,278,5092,127722,768,1
4246,768,278,5074,127481,768,1
4247,768,277,5093,127556,768,1
4248,768,277,5074,127445,768,1
4249,768,278,5092,127518,768,1
4250,768,277,5130,127870,768,1
4251,768,277,5056,127555,768,1
4252,768,278,5074,127407,768,1
4253,768,277,5056,127907,768,1
4254,768,278,5074,127611,768,1
4255,768,278,5148,127185,768,1
4256,768,259,5296,127389,768,1
4257,768,278,5092,127334,768,1
4258,768,278,5074,127648,768,1
4259,768,278,5111,127815,768,1
4260,768,278,5130,128296,768,1
4261,768,277,5056,127148,768,1
4262,768,278,5778,133259,768,1
4263,768,315,11185,135759,768,1
4264,768,278,5870,128815,768,1
4265,768,278,5166,127741,768,1
4266,768,278,5166,127204,768,1
4267,768,278,5129,128018,768,1
4268,768,278,5167,127815,768,1
4269,768,259,5185,127518,768,1
4270,768,296,5167,127648,768,1
4271,768,277,5167,127278,768,1
4272,768,277,5334,127556,768,1
4273,768,278,5148,127593,768,1
4274,768,278,5129,127704,768,1
4275,768,278,5111,127667,768,1
4276,768,278,5129,127815,768,1
4277,768,278,5111,129704,768,1
4278,768,260,5166,127908,768,1
4279,768,278,5166,127870,768,1
4280,768,278,5148,127852,768,1
4281,768,278,5240,127648,768,1
4282,768,259,5167,127500,768,1
4283,768,278,5148,128037,768,1
4284,768,278,5130,127611,768,1
4285,768,278,5111,128203,768,1
4286,768,278,5241,127852,768,1
4287,768,278,5167,127852,768,1
4288,768,278,5259,127704,768,1
4289,768,278,5111,127723,768,1
4290,768,278,5092,127408,768,1
4291,768,278,5315,127926,768,1
4292,768,260,5129,127704,768,1
4293,768,297,5111,127407,768,1
4294,768,278,5092,128166,768,1
4295,768,278,5130,127704,768,1
4296,768,278,5111,127723,768,1
4297,768,278,5092,127371,768,1
4298,768,278,5092,127574,768,1
4299,768,278,5092,127741,768,1
4300,768,260,5092,127556,768,1
4301,768,278,5093,127500,768,1
4302,768,296,5093,127963,768,1
4303,768,278,5148,127611,768,1
4304,768,277,5241,127815,768,1
4305,768,278,5130,127389,768,1
4306,768,278,5111,127389,768,1
4307,768,296,5074,127889,768,1
4308,768,278,5129,127611,768,1
4309,768,277,5186,127722,768,1
4310,768,277,5074,127203,768,1
4311,768,277,5093,127945,768,1
4312,768,278,5111,127723,768,1
4313,768,278,5166,127667,768,1
4314,768,278,5093,127833,768,1
4315,768,259,5185,127259,768,1
4316,768,259,5148,127963,768,1
4317,768,278,5204,127407,768,1
4318,768,296,5074,127297,768,1
4319,768,278,5185,127648,768,1
4320,768,278,5240,128000,768,1
4321,768,278,5130,127148,768,1
4322,768,278,5074,127463,768,1
4323,768,278,5093,127648,768,1
4324,768,278,5074,127722,768,1
4325,768,278,5037,127685,768,1
4326,768,296,5056,127519,768,1
4327,768,260,5166,127388,768,1
4328,768,277,5074,127982,768,1
4329,768,278,5092,127704,768,1
4330,768,278,5056,127778,768,1
4331,768,278,5074,127667,768,1
4332,768,278,5185,128223,768,1
4333,768,278,5074,127612,768,1
4334,768,278,5056,127611,768,1
4335,768,296,5093,127500,768,1
4336,768,278,5240,127723,768,1
4337,768,278,5148,127408,768,1
4338,768,278,5055,127463,768,1
4339,768,260,5111,127537,768,1
4340,768,259,5149,128111,768,1
4341,768,278,5055,127426,768,1
4342,768,278,5055,127723,768,1
4343,768,278,5055,128093,768,1
4344,768,277,5075,127833,768,1
4345,768,278,5093,128481,768,1
4346,768,277,5074,128074,768,1
4347,768,278,5148,128037,768,1
4348,768,277,5149,128222,768,1
4349,768,278,5074,127445,768,1
4350,768,278,5111,127649,768,1
4351,768,260,5111,127426,768,1
4352,768,277,5260,127685,768,1
4353,768,297,5111,127500,768,1
4354,768,278,5092,127611,768,1
4355,768,277,5241,127556,768,1
4356,768,278,5111,127925,768,1
4357,768,277,5075,127630,768,1
4358,768,296,5056,127352,768,1
4359,768,278,5074,127852,768,1
4360,768,278,5092,127204,768,1
4361,768,278,5056,127407,768,1
4362,768,277,5112,128259,768,1
4363,768,277,5093,127408,768,1
4364,768,278,5055,127630,768,1
4365,768,278,5074,127778,768,1
4366,768,259,5093,127574,768,1
4367,768,278,5130,127666,768,1
4368,768,277,5241,127556,768,1
4369,768,296,5111,127629,768,1
4370,768,278,5093,127482,768,1
4371,768,278,5093,127389,768,1
4372,768,278,5130,127686,768,1
4373,768,278,5055,127834,768,1
4374,768,278,5148,127741,768,1
4375,768,278,5167,127481,768,1
4376,768,277,5130,127871,768,1
4377,768,278,5092,127315,768,1
4378,768,278,5185,127981,768,1
4379,768,296,5185,128630,768,1
4380,768,277,5167,127611,768,1
4381,768,278,5111,127777,768,1
4382,768,277,5111,127426,768,1
4383,768,278,5093,127389,768,1
4384,768,278,5259,127889,768,1
4385,768,259,5093,127630,768,1
4386,768,259,5092,127407,768,1
4387,768,278,5000,127296,768,1
4388,768,278,5074,127259,768,1
4389,768,278,5093,127926,768,1
4390,768,277,5204,127814,768,1
4391,768,278,5111,127611,768,1
4392,768,277,5111,127407,768,1
4393,768,277,5186,127778,768,1
4394,768,277,5908,133426,768,1
4395,768,315,10648,135370,768,1
4396,768,278,5981,129537,768,1
4397,768,259,5315,128407,768,1
4398,768,278,5222,127704,768,1
4399,768,278,5093,127426,768,1
4400,768,259,5315,128074,768,1
4401,768,278,5148,127481,768,1
4402,768,278,5166,127204,768,1
4403,768,278,5092,127519,768,1
4404,768,277,5093,127556,768,1
4405,768,278,5092,127796,768,1
4406,768,277,5093,127926,768,1
4407,768,278,5074,127778,768,1
4408,768,278,5092,127315,768,1
4409,768,278,5129,127760,768,1
4410,768,278,5241,127907,768,1
4411,768,277,5111,127630,768,1
4412,768,278,5111,127407,768,1
4413,768,278,5093,129074,768,1
4414,768,278,5259,127778,768,1
4415,768,278,5148,127685,768,1
4416,768,278,5259,127592,768,1
4417,768,278,5093,127481,768,1
4418,768,278,5093,128000,768,1
4419,768,278,5259,127537,768,1
4420,768,278,5111,127815,768,1
4421,768,278,5129,128259,768,1
4422,768,278,5148,127371,768,1
4423,768,278,5092,127629,768,1
4424,768,278,5093,127037,768,1
4425,768,278,5093,127592,768,1
4426,768,277,5111,127185,768,1
4427,768,278,5111,127314,768,1
4428,768,277,5130,127537,768,1
4429,768,278,5074,127593,768,1
4430,768,278,5129,128371,768,1
4431,768,278,5240,127481,768,1
4432,768,278,5259,127703,768,1
4433,768,296,5130,127482,768,1
4434,768,278,5148,127574,768,1
4435,768,278,5093,127704,768,1
4436,768,278,5111,127463,768,1
4437,768,277,5111,127463,768,1
4438,768,278,5074,127815,768,1
4439,768,278,5055,127612,768,1
4440,768,278,5074,128019,768,1
4441,768,277,5148,127056,768,1
4442,768,278,5093,127704,768,1
4443,768,278,5074,127463,768,1
4444,768,277,5093,127574,768,1
4445,768,278,5055,126982,768,1
4446,768,278,5055,127759,768,1
4447,768,277,5075,127704,768,1
4448,768,278,5241,128018,768,1
4449,768,278,5093,127537,768,1
4450,768,278,5055,127463,768,1
4451,768,278,5167,127648,768,1
4452,768,278,5074,127500,768,1
4453,768,278,5093,127203,768,1
4454,768,277,5075,127759,768,1
4455,768,277,5112,127852,768,1
4456,768,278,5111,127389,768,1
4457,768,278,5092,127907,768,1
4458,768,296,5093,127648,768,1
4459,768,278,5074,127296,768,1
4460,768,278,5111,127352,768,1
4461,768,278,5111,127648,768,1
4462,768,277,5093,127889,768,1
4463,768,278,5093,127518,768,1
4464,768,278,5278,128204,768,1
4465,768,278,5148,127777,768,1
4466,768,278,5148,127703,768,1
4467,768,277,5075,127185,768,1
4468,768,277,5074,127408,768,1
4469,768,278,5092,127611,768,1
4470,768,278,5111,127482,768,1
4471,768,278,5092,128612,768,1
4472,768,278,5185,127741,768,1
4473,768,278,5167,127926,768,1
4474,768,278,5129,127907,768,1
4475,768,296,5093,127185,768,1
4476,768,277,5112,127537,768,1
4477,768,278,5130,127519,768,1
4478,768,278,5093,127629,768,1
4479,768,277,5093,127741,768,1
4480,768,278,5296,127777,768,1
4481,768,296,5130,128334,768,1
4482,768,278,5130,127629,768,1
4483,768,277,5260,127630,768,1
4484,768,278,5148,127796,768,1
4485,768,277,5093,127463,768,1
4486,768,278,5074,127797,768,1
4487,768,278,5111,127611,768,1
4488,768,278,5148,127352,768,1
4489,768,277,5223,127482,768,1
4490,768,278,5148,127870,768,1
4491,768,278,5056,127667,768,1
4492,768,278,5074,127186,768,1
4493,768,296,5074,127574,768,1
4494,768,278,5130,127518,768,1
4495,768,278,5074,127389,768,1
4496,768,277,5315,127852,768,1
4497,768,278,5129,127537,768,1
4498,768,278,5092,127685,768,1
4499,768,278,5092,127555,768,1
4500,768,278,5093,127389,768,1
4501,768,259,5093,127685,768,1
4502,768,278,5203,128112,768,1
4503,768,278,5222,128241,768,1
4504,768,260,5148,127445,768,1
4505,768,259,5092,127444,768,1
4506,768,278,5111,127666,768,1
4507,768,277,5093,127352,768,1
4508,768,278,5074,127778,768,1
4509,768,278,5092,127167,768,1
4510,768,278,5130,127593,768,1
4511,768,278,5093,127740,768,1
4512,768,277,5278,127926,768,1
4513,768,278,5111,127519,768,1
4514,768,278,5111,127463,768,1
4515,768,278,5092,127686,768,1
4516,768,278,5092,127630,768,1
4517,768,278,5129,127260,768,1
4518,768,278,5093,127129,768,1
4519,768,277,5093,127537,768,1
4520,768,277,5093,127407,768,1
4521,768,277,5075,127130,768,1
4522,768,278,5111,127481,768,1
4523,768,278,5074,127130,768,1
4524,768,278,5111,127426,768,1
4525,768,297,5092,127426,768,1
4526,768,297,5852,132444,768,1
4527,768,297,10666,135093,768,1
4528,768,278,5963,128056,768,1
4529,768,260,5296,127519,768,1
4530,768,277,5130,127556,768,1
4531,768,278,5092,127574,768,1
4532,768,278,5056,128630,768,1
4533,768,278,5185,128037,768,1
4534,768,278,5204,127889,768,1
4535,768,277,5093,127704,768,1
4536,768,277,5074,127556,768,1
4537,768,278,5074,127333,768,1
4538,768,278,5092,127388,768,1
4539,768,278,5093,127315,768,1
4540,768,278,5093,127333,768,1
4541,768,278,5074,127334,768,1
4542,768,277,5148,127296,768,1
4543,768,277,5075,127481,768,1
4544,768,278,5259,127907,768,1
4545,768,278,5111,127352,768,1
4546,768,278,5074,127352,768,1
4547,768,278,5259,127667,768,1
4548,768,259,5204,127389,768,1
4549,768,277,4982,128500,768,1
4550,768,278,5111,127649,768,1
4551,768,278,5167,127667,768,1
4552,768,259,5148,127944,768,1
4553,768,278,5166,127500,768,1
4554,768,278,5130,127481,768,1
4555,768,277,5056,127222,768,1
4556,768,277,5056,126945,768,1
4557,768,278,5092,127370,768,1
4558,768,278,5129,127648,768,1
4559,768,278,5111,127463,768,1
4560,768,278,5240,127852,768,1
4561,768,278,5092,127223,768,1
4562,768,278,5093,126852,768,1
4563,768,277,5074,127389,768,1
4564,768,278,5092,135074,768,1
4565,768,278,5537,127926,768,1
4566,768,278,5111,127759,768,1
4567,768,278,5074,127351,768,1
4568,768,278,5074,127759,768,1
4569,768,277,5056,127334,768,1
4570,768,278,5056,127241,768,1
4571,768,278,5093,127167,768,1
4572,768,278,5074,127278,768,1
4573,768,278,5056,126963,768,1
4574,768,278,5055,127408,768,1
4575,768,278,5056,126944,768,1
4576,768,278,5241,127926,768,1
4577,768,278,5074,127333,768,1
4578,768,278,5037,127222,768,1
4579,768,278,5037,126963,768,1
4580,768,278,5037,133445,768,1
4581,768,297,8907,133926,768,1
4582,768,278,5741,128463,768,1
4583,768,278,5389,129686,768,1
4584,768,278,5759,129537,768,1
4585,768,278,5500,127907,768,1
4586,768,277,5130,127537,768,1
4587,768,277,5223,127593,768,1
4588,768,278,5092,127408,768,1
4589,768,278,5148,127685,768,1
4590,768,277,5130,127481,768,1
4591,768,278,5093,127611,768,1
4592,768,278,5259,128815,768,1
4593,768,296,5426,134297,768,1
4594,768,278,5445,129833,768,1
4595,768,278,5352,129222,768,1
4596,768,277,5260,127630,768,1
4597,768,278,5111,127333,768,1
4598,768,278,5148,127574,768,1
4599,768,278,5092,133222,768,1
4600,768,297,10592,137852,768,1
4601,768,278,5685,128629,768,1
4602,768,278,5204,128389,768,1
4603,768,278,5148,128185,768,1
4604,768,278,5166,128130,768,1
4605,768,278,5167,128129,768,1
4606,768,277,5074,127629,768,1
4607,768,278,5093,128000,768,1
4608,768,278,5389,128315,768,1
4609,768,278,5129,128260,768,1
4610,768,260,5129,128075,768,1
4611,768,278,5259,128074,768,1
4612,768,277,5074,128833,768,1
4613,768,278,5130,127703,768,1
4614,768,277,5093,127667,768,1
4615,768,278,5130,127574,768,1
4616,768,278,5111,127963,768,1
4617,768,278,5203,129815,768,1
4618,768,278,5389,128352,768,1
4619,768,278,5185,128240,768,1
4620,768,277,5149,127463,768,1
4621,768,278,5111,127907,768,1
4622,768,277,5130,127704,768,1
4623,768,278,5166,127703,768,1
4624,768,278,5297,127667,768,1
4625,768,278,5129,127852,768,1
4626,768,277,5130,128574,768,1
4627,768,278,5148,127926,768,1
4628,768,277,5093,127352,768,1
4629,768,278,5111,128018,768,1
4630,768,277,5056,127352,768,1
4631,768,259,5093,127796,768,1
4632,768,278,5111,127463,768,1
4633,768,278,5037,127907,768,1
4634,768,277,5112,128648,768,1
4635,768,277,5130,128148,768,1
4636,768,278,5074,127592,768,1
4637,768,278,5129,127870,768,1
4638,768,277,5093,127908,768,1
4639,768,278,5130,127778,768,1
4640,768,278,5241,128389,768,1
4641,768,278,5111,127555,768,1
4642,768,278,5111,127704,768,1
4643,768,278,5148,127778,768,1
4644,768,278,5074,127926,768,1
4645,768,277,5093,128945,768,1
4646,768,278,5222,662815,768,1
4647,768,296,17408,148518,768,1
4648,768,278,5944,128667,768,1
4649,768,277,5149,127667,768,1
4650,768,277,5149,127815,768,1
4651,768,278,5129,129907,768,1
4652,768,278,5260,128277,768,1
4653,768,278,5111,128203,768,1
4654,768,277,5519,128333,768,1
4655,768,278,5185,127870,768,1
4656,768,278,5445,127889,768,1
4657,768,278,5037,127833,768,1
4658,768,296,5852,133926,768,1
4659,768,296,8963,133852,768,1
4660,768,278,5815,128444,768,1
4661,768,277,5278,128945,768,1
4662,768,278,5130,128056,768,1
4663,768,278,5296,128241,768,1
4664,768,278,5185,128222,768,1
4665,768,278,5129,127760,768,1
4666,768,278,5129,127871,768,1
4667,768,278,5185,127851,768,1
4668,768,278,5130,128574,768,1
4669,768,278,5278,138666,768,1
4670,768,277,5445,128333,768,1
4671,768,277,5204,127982,768,1
4672,768,278,5426,127944,768,1
4673,768,278,5148,128259,768,1
4674,768,278,5278,128407,768,1
4675,768,297,5092,127981,768,1
4676,768,277,5112,127519,768,1
4677,768,260,5111,128351,768,1
4678,768,278,5111,127611,768,1
4679,768,278,5093,127740,768,1
4680,768,278,5129,127463,768,1
4681,768,278,5092,127333,768,1
4682,768,278,5056,127685,768,1
4683,768,278,5093,128500,768,1
4684,768,277,5148,132408,768,1
4685,768,278,5704,233055,768,1
4686,768,315,14593,146944,768,1
4687,768,296,9815,138426,768,1
4688,768,296,9723,139648,768,1
4689,768,296,9241,134074,768,1
4690,768,277,5686,127945,768,1
4691,768,278,5240,127925,768,1
4692,768,277,5130,128260,768,1
4693,768,259,5167,127963,768,1
4694,768,277,5167,127722,768,1
4695,768,277,5111,127852,768,1
4696,768,278,5093,127574,768,1
4697,768,277,5111,127500,768,1
4698,768,278,5074,127574,768,1
4699,768,277,5149,127722,768,1
4700,768,277,5037,128370,768,1
4701,768,278,5111,127741,768,1
4702,768,278,5148,129259,768,1
4703,768,278,5203,128019,768,1
4704,768,278,5352,128018,768,1
4705,768,259,5148,127481,768,1
4706,768,278,5055,127870,768,1
4707,768,278,5056,127555,768,1
4708,768,277,5056,128833,768,1
4709,768,278,5056,127926,768,1
4710,768,278,5037,127926,768,1
4711,768,277,5037,127778,768,1
4712,768,278,5037,128296,768,1
4713,768,278,5037,127407,768,1
4714,768,278,15685,136334,768,1
4715,768,278,5648,128537,768,1
4716,768,278,5056,128334,768,1
4717,768,278,5055,127962,768,1
4718,768,277,5075,127315,768,1
4719,768,278,5130,128407,768,1
4720,768,278,5222,128741,768,1
4721,768,278,5092,127870,768,1
4722,768,278,5037,128111,768,1
4723,768,278,5129,127851,768,1
4724,768,277,5056,127500,768,1
4725,768,278,5074,128019,768,1
4726,768,278,5111,128463,768,1
4727,768,278,5074,128203,768,1
4728,768,278,5056,127852,768,1
4729,768,278,5055,128111,768,1
4730,768,278,5130,127685,768,1
4731,768,278,5074,128056,768,1
4732,768,259,5056,128241,768,1
4733,768,259,5093,128056,768,1
4734,768,277,5056,127445,768,1
4735,768,278,5055,127685,768,1
4736,768,259,5204,129166,768,1
4737,768,277,5241,128296,768,1
4738,768,277,5241,127963,768,1
4739,768,278,5092,127796,768,1
4740,768,277,5019,127445,768,1
4741,768,278,5074,127926,768,1
4742,768,278,5074,127926,768,1
4743,768,277,5056,127481,768,1
4744,768,278,5056,127907,768,1
4745,768,277,10815,133111,768,1
4746,768,278,5074,126722,768,1
4747,768,260,5000,126352,768,1
4748,768,278,4963,126555,768,1
4749,768,278,5037,126926,768,1
4750,768,259,5055,127000,768,1
4751,768,278,5019,126926,768,1
4752,768,278,5167,126778,768,1
4753,768,297,5037,128815,768,1
4754,768,278,5018,126888,768,1
4755,768,277,5037,126797,768,1
4756,768,277,5019,127019,768,1
4757,768,278,5111,127278,768,1
4758,768,277,5037,127315,768,1
4759,768,278,5037,126981,768,1
4760,768,278,4963,126889,768,1
4761,768,278,5000,126833,768,1
4762,768,259,5019,126519,768,1
4763,768,278,5019,127074,768,1
4764,768,277,4982,126315,768,1
4765,768,277,5000,127000,768,1
4766,768,278,5018,126315,768,1
4767,768,278,5018,127018,768,1
4768,768,278,5166,127111,768,1
4769,768,277,5019,126408,768,1
4770,768,278,4981,127204,768,1
4771,768,278,4981,127260,768,1
4772,768,278,4963,126463,768,1
4773,768,277,4945,126722,768,1
4774,768,278,4981,127388,768,1
4775,768,278,5000,126833,768,1
4776,768,278,4981,128556,768,1
4777,768,296,5352,128314,768,1
4778,768,277,5112,127852,768,1
4779,768,278,5074,127870,768,1
4780,768,278,5093,127963,768,1
4781,768,278,5074,127945,768,1
4782,768,278,5074,128055,768,1
4783,768,278,5111,127815,768,1
4784,768,278,5259,128148,768,1
4785,768,278,5111,127741,768,1
4786,768,278,5093,128055,768,1
4787,768,277,5112,128722,768,1
4788,768,278,5167,128167,768,1
4789,768,278,5130,128074,768,1
4790,768,278,5778,134130,768,1
4791,768,297,8944,134000,768,1
4792,768,278,5741,128722,768,1
4793,768,278,5241,128278,768,1
4794,768,277,5167,127907,768,1
4795,768,296,5112,127963,768,1
4796,768,278,5111,127982,768,1
4797,768,278,5130,127963,768,1
4798,768,278,5130,128130,768,1
4799,768,278,5148,128111,768,1
4800,768,277,5352,127352,768,1
4801,768,278,5333,128167,768,1
4802,768,278,5148,127686,768,1
4803,768,278,5092,127574,768,1
4804,768,277,5111,128074,768,1
4805,768,278,5203,128074,768,1
4806,768,296,5093,128056,768,1
4807,768,278,10907,127907,768,1
4808,768,296,5648,128482,768,1
4809,768,278,5111,127389,768,1
4810,768,278,5130,127926,768,1
4811,768,278,5129,127833,768,1
4812,768,277,5130,127667,768,1
4813,768,277,5112,127871,768,1
4814,768,297,5111,127870,768,1
4815,768,278,5166,127741,768,1
4816,768,278,5259,127871,768,1
4817,768,278,5074,127351,768,1
4818,768,277,5130,128056,768,1
4819,768,296,5111,127814,768,1
4820,768,277,5074,127889,768,1
4821,768,278,5000,129204,768,1
4822,768,278,5167,127963,768,1
4823,768,278,5111,127981,768,1
4824,768,278,5093,127185,768,1
4825,768,278,5111,127592,768,1
4826,768,277,5074,127685,768,1
4827,768,277,5074,127703,768,1
4828,768,278,5056,127611,768,1
4829,768,278,5019,127500,768,1
4830,768,278,5093,127555,768,1
4831,768,278,5074,127704,768,1
4832,768,278,5259,127722,768,1
4833,768,278,5092,127574,768,1
4834,768,278,5111,127482,768,1
4835,768,278,5074,127796,768,1
4836,768,278,5111,127407,768,1
4837,768,278,5074,127389,768,1
4838,768,278,5092,128463,768,1
4839,768,278,5222,128297,768,1
4840,768,278,5111,128037,768,1
4841,768,296,5075,127352,768,1
4842,768,278,5111,127704,768,1
4843,768,278,5093,127648,768,1
4844,768,278,5111,127481,768,1
4845,768,278,5130,127667,768,1
4846,768,278,5092,127685,768,1
4847,768,278,5074,128055,768,1
4848,768,277,5223,127722,768,1
4849,768,277,5074,127704,768,1
4850,768,278,5074,127704,768,1
4851,768,278,5092,127481,768,1
4852,768,278,5056,127481,768,1
4853,768,277,5037,127685,768,1
4854,768,277,5130,127685,768,1
4855,768,277,5093,128333,768,1
4856,768,278,5092,128296,768,1
4857,768,277,5130,127334,768,1
4858,768,278,5074,127834,768,1
4859,768,278,5166,127945,768,1
4860,768,278,5055,127296,768,1
4861,768,278,5056,127778,768,1
4862,768,278,5111,128074,768,1
4863,768,277,5074,127852,768,1
4864,768,277,5223,127797,768,1
4865,768,278,5240,128074,768,1
4866,768,278,5018,127314,768,1
4867,768,277,5056,127722,768,1
4868,768,277,5056,127222,768,1
4869,768,278,5037,127555,768,1
4870,768,296,5092,127037,768,1
4871,768,278,4981,127352,768,1
4872,768,278,5000,127241,768,1
4873,768,278,5019,127333,768,1
4874,768,278,4981,127351,768,1
4875,768,278,4981,126444,768,1
4876,768,278,4981,126834,768,1
4877,768,278,4982,126833,768,1
4878,768,277,4982,126888,768,1
4879,768,278,5000,126926,768,1
4880,768,278,5166,127518,768,1
4881,768,296,5056,126870,768,1
4882,768,278,4981,126370,768,1
4883,768,278,4963,126463,768,1
4884,768,277,4982,126852,768,1
4885,768,277,4982,126704,768,1
4886,768,278,4963,126796,768,1
4887,768,278,4981,126592,768,1
4888,768,278,5000,126963,768,1
4889,768,277,5000,127889,768,1
4890,768,278,5018,126741,768,1
4891,768,278,5000,126407,768,1
4892,768,278,4981,126611,768,1
4893,768,278,5019,126870,768,1
4894,768,278,4982,126759,768,1
4895,768,259,5000,126481,768,1
4896,768,296,5149,127203,768,1
4897,768,278,5018,126518,768,1
4898,768,278,4981,126741,768,1
4899,768,278,4982,126481,768,1
4900,768,278,4963,128463,768,1
4901,768,296,5593,128056,768,1
4902,768,278,5093,127796,768,1
4903,768,278,5056,127759,768,1
4904,768,278,5056,128130,768,1
4905,768,278,5074,127611,768,1
4906,768,278,5037,128019,768,1
4907,768,278,5074,127611,768,1
4908,768,278,5093,127759,768,1
4909,768,278,5092,127649,768,1
4910,768,278,5055,127370,768,1
4911,768,278,5111,127870,768,1
4912,768,277,5241,128093,768,1
4913,768,278,5074,127686,768,1
4914,768,278,5129,127481,768,1
4915,768,277,5074,127630,768,1
4916,768,278,5055,127463,768,1
4917,768,278,5111,127648,768,1
4918,768,278,5185,127740,768,1
4919,768,277,5260,127482,768,1
4920,768,278,5092,127703,768,1
4921,768,278,5037,127296,768,1
4922,768,296,5833,132130,768,1
4923,768,297,8981,134574,768,1
4924,768,259,5741,128593,768,1
4925,768,278,5241,127852,768,1
4926,768,278,5129,128000,768,1
4927,768,277,5130,127926,768,1
4928,768,278,5314,128704,768,1
4929,768,278,5315,127723,768,1
4930,768,278,5055,127592,768,1
4931,768,278,5037,127834,768,1
4932,768,278,5240,127462,768,1
4933,768,278,5037,127315,768,1
4934,768,278,5019,126555,768,1
4935,768,277,4982,126778,768,1
4936,768,278,5018,127000,768,1
4937,768,278,5018,126926,768,1
4938,768,277,5019,126982,768,1
4939,768,278,4981,126815,768,1
4940,768,277,5019,127425,768,1
4941,768,278,5018,126889,768,1
4942,768,278,5000,126907,768,1
4943,768,277,5019,127056,768,1
4944,768,278,5185,127222,768,1
4945,768,278,5000,126963,768,1
4946,768,278,5093,126926,768,1
4947,768,278,4981,126926,768,1
4948,768,277,4982,127037,768,1
4949,768,278,4982,126518,768,1
4950,768,277,5000,126759,768,1
4951,768,278,5000,126815,768,1
4952,768,278,5018,126871,768,1
4953,768,278,4981,127148,768,1
4954,768,278,5000,126908,768,1
4955,768,278,5000,126666,768,1
4956,768,278,4981,127370,768,1
4957,768,277,4982,127704,768,1
4958,768,278,5074,127222,768,1
4959,768,278,5018,127000,768,1
4960,768,278,5185,127185,768,1
4961,768,260,5018,126963,768,1
4962,768,277,4982,128500,768,1
4963,768,296,6648,129500,768,1
4964,768,278,5166,127704,768,1
4965,768,278,5074,127592,768,1
4966,768,278,5074,127444,768,1
4967,768,278,5074,127778,768,1
4968,768,277,5056,127648,768,1
4969,768,278,5056,127870,768,1
4970,768,278,5055,127519,768,1
4971,768,278,5074,127815,768,1
4972,768,277,5037,127611,768,1
4973,768,278,5019,127407,768,1
4974,768,277,5056,128000,768,1
4975,768,278,5148,127945,768,1
4976,768,277,5352,127852,768,1
4977,768,260,5111,128241,768,1
4978,768,278,5055,127500,768,1
4979,768,278,5092,127537,768,1
4980,768,278,5037,127667,768,1
4981,768,278,5037,127556,768,1
4982,768,278,5130,128259,768,1
4983,768,278,5074,127482,768,1
4984,768,278,5111,127907,768,1
4985,768,278,5092,127945,768,1
4986,768,277,5148,127796,768,1
4987,768,278,5130,127592,768,1
4988,768,278,5148,127574,768,1
4989,768,278,5056,127389,768,1
4990,768,278,5037,127556,768,1
4991,768,278,5056,128463,768,1
4992,768,277,5241,128352,768,1
4993,768,278,5352,128519,768,1
4994,768,277,5223,127222,768,1
4995,768,278,5056,127185,768,1
4996,768,278,5000,126740,768,1
4997,768,277,5000,126908,768,1
4998,768,296,4982,126723,768,1
4999,768,278,4963,126778,768,1
5000,768,278,5000,127018,768,1
5001,768,278,5000,126907,768,1
5002,768,278,4982,126870,768,1
5003,768,278,5000,127037,768,1
5004,768,278,4981,126667,768,1
5005,768,278,5000,126889,768,1
5006,768,278,4981,126611,768,1
5007,768,278,5000,127056,768,1
5008,768,259,5186,127630,768,1
5009,768,259,5129,126926,768,1
5010,768,278,5000,127315,768,1
5011,768,278,5037,126889,768,1
5012,768,278,4944,126722,768,1
5013,768,278,5000,126926,768,1
5014,768,278,4962,126834,768,1
5015,768,278,5018,126982,768,1
5016,768,259,5000,127241,768,1
5017,768,277,4982,126796,768,1
5018,768,278,4981,127259,768,1
5019,768,278,5019,126611,768,1
5020,768,278,4981,126981,768,1
5021,768,278,4982,126944,768,1
5022,768,277,5019,126982,768,1
5023,768,260,5000,127149,768,1
5024,768,278,5166,126741,768,1
5025,768,278,5000,125630,768,1
5026,768,278,5555,128760,768,1
5027,768,278,5130,127685,768,1
5028,768,278,5148,127871,768,1
5029,768,278,5111,127907,768,1
5030,768,278,5055,127667,768,1
5031,768,278,5074,127963,768,1
5032,768,278,5074,127870,768,1
5033,768,277,5056,127815,768,1
5034,768,278,5055,128260,768,1
5035,768,278,5093,128037,768,1
5036,768,259,5093,127408,768,1
5037,768,278,5037,127352,768,1
5038,768,277,5204,127500,768,1
5039,768,278,5074,127889,768,1
5040,768,278,5203,127888,768,1
5041,768,278,5111,128166,768,1
5042,768,278,5018,128463,768,1
5043,768,259,5093,128185,768,1
5044,768,259,5074,127555,768,1
5045,768,259,5075,128185,768,1
5046,768,278,5093,127778,768,1
5047,768,278,5092,127704,768,1
5048,768,278,5074,127834,768,1
5049,768,278,5056,127981,768,1
5050,768,277,5093,127963,768,1
5051,768,278,5056,127778,768,1
5052,768,277,5074,127685,768,1
5053,768,278,5111,127703,768,1
5054,768,278,5944,133074,768,1
5055,768,314,8741,140185,768,1
5056,768,297,6370,129444,768,1
5057,768,296,5518,128019,768,1
5058,768,278,5111,127889,768,1
5059,768,278,5111,128722,768,1
5060,768,277,5167,128037,768,1
5061,768,278,5111,128037,768,1
5062,768,296,5241,127611,768,1
5063,768,277,5130,127833,768,1
5064,768,277,5130,127704,768,1
5065,768,259,5093,127685,768,1
5066,768,277,5093,127963,768,1
5067,768,259,5130,128074,768,1
5068,768,278,5130,127963,768,1
5069,768,260,5111,127612,768,1
5070,768,278,5092,127852,768,1
5071,768,296,5074,127463,768,1
5072,768,259,5278,128000,768,1
5073,768,278,5092,127908,768,1
5074,768,278,5167,128222,768,1
5075,768,277,5130,127982,768,1
5076,768,278,5074,128241,768,1
5077,768,278,5129,128260,768,1
5078,768,278,5185,127871,768,1
5079,768,259,5074,127759,768,1
5080,768,296,5074,127814,768,1
5081,768,277,5056,127611,768,1
5082,768,278,5092,127814,768,1
5083,768,277,5093,128371,768,1
5084,768,278,5092,128130,768,1
5085,768,278,5055,127407,768,1
5086,768,278,5092,132834,768,1
5087,768,278,5481,128111,768,1
5088,768,259,5315,127611,768,1
5089,768,259,5112,127834,768,1
5090,768,278,5055,127611,768,1
5091,768,278,5056,127703,768,1
5092,768,259,5112,127797,768,1
5093,768,278,5111,129407,768,1
5094,768,278,5111,127685,768,1
5095,768,278,5074,127926,768,1
5096,768,278,5148,128444,768,1
5097,768,278,5185,127778,768,1
5098,768,278,5074,127241,768,1
5099,768,278,5074,127871,768,1
5100,768,278,5037,127537,768,1
5101,768,259,5074,127481,768,1
5102,768,277,5074,127851,768,1
5103,768,278,5074,127722,768,1
5104,768,278,5259,127611,768,1
5105,768,278,5074,127518,768,1
5106,768,278,5056,127611,768,1
5107,768,277,5075,127574,768,1
5108,768,278,5111,128203,768,1
5109,768,278,5074,127703,768,1
5110,768,278,5204,128704,768,1
5111,768,278,5074,127963,768,1
5112,768,277,5075,127815,768,1
5113,768,259,5093,127648,768,1
5114,768,278,5111,128203,768,1
5115,768,278,5093,127463,768,1
5116,768,278,5074,128018,768,1
5117,768,277,5056,127685,768,1
5118,768,277,5093,127611,768,1
5119,768,278,5333,127426,768,1
5120,768,277,5278,127166,768,1
5121,768,278,5241,127055,768,1
5122,768,278,5037,126797,768,1
5123,768,278,5019,126611,768,1
5124,768,278,5018,127352,768,1
5125,768,278,5037,126630,768,1
5126,768,278,5037,126759,768,1
5127,768,278,5018,127685,768,1
5128,768,278,5185,127074,768,1
5129,768,278,5037,126740,768,1
5130,768,278,5055,127074,768,1
5131,768,278,5019,126686,768,1
5132,768,278,5037,127167,768,1
5133,768,278,5037,127074,768,1
5134,768,278,5092,127333,768,1
5135,768,277,5000,126593,768,1
5136,768,277,5204,127130,768,1
5137,768,278,5056,126907,768,1
5138,768,277,5019,126611,768,1
5139,768,278,5000,126575,768,1
5140,768,278,5018,127260,768,1
5141,768,278,5000,126889,768,1
5142,768,278,5000,127037,768,1
5143,768,277,5056,126667,768,1
5144,768,277,5000,127555,768,1
5145,768,278,5000,126926,768,1
5146,768,277,5037,126685,768,1
5147,768,278,4981,127019,768,1
5148,768,278,5074,126797,768,1
5149,768,278,5000,127833,768,1
5150,768,278,5222,127037,768,1
5151,768,278,5092,127130,768,1
5152,768,277,5186,127130,768,1
5153,768,277,5000,126851,768,1
5154,768,278,4981,126740,768,1
5155,768,278,5000,126703,768,1
5156,768,278,4963,126722,768,1
5157,768,278,4963,127203,768,1
5158,768,278,4981,126537,768,1
5159,768,260,5000,126778,768,1
5160,768,259,5000,126741,768,1
5161,768,278,4981,128019,768,1
5162,768,278,5092,127000,768,1
5163,768,260,5000,126704,768,1
5164,768,278,4981,127111,768,1
5165,768,278,5000,126981,768,1
5166,768,278,4982,126759,768,1
5167,768,278,5018,126945,768,1
5168,768,278,5167,127240,768,1
5169,768,278,5018,126759,768,1
5170,768,277,4982,126945,768,1
5171,768,278,4963,126741,768,1
5172,768,278,4963,126926,768,1
5173,768,278,4982,126834,768,1
5174,768,277,4982,126833,768,1
5175,768,277,4982,126722,768,1
5176,768,277,4963,126833,768,1
5177,768,277,5000,126871,768,1
5178,768,278,4963,127408,768,1
5179,768,278,5019,126926,768,1
5180,768,277,5000,127871,768,1
5181,768,297,5833,129037,768,1
5182,768,277,5130,127685,768,1
5183,768,278,5093,127537,768,1
5184,768,278,5259,127944,768,1
5185,768,278,5278,127685,768,1
5186,768,278,5111,133370,768,1
5187,768,277,5649,133222,768,1
5188,768,297,8759,133963,768,1
5189,768,278,5740,128408,768,1
5190,768,277,5223,127833,768,1
5191,768,259,5259,127740,768,1
5192,768,278,5111,127574,768,1
5193,768,278,5074,127611,768,1
5194,768,278,5148,129129,768,1
5195,768,278,5148,129834,768,1
5196,768,278,5259,128037,768,1
5197,768,278,5111,128389,768,1
5198,768,278,5148,128130,768,1
5199,768,278,5148,127778,768,1
5200,768,278,5408,127834,768,1
5201,768,278,5148,127481,768,1
5202,768,278,5074,127593,768,1
5203,768,277,5093,127667,768,1
5204,768,296,5093,127240,768,1
5205,768,277,5093,127371,768,1
5206,768,278,5093,127963,768,1
5207,768,278,5148,127667,768,1
5208,768,278,5129,127593,768,1
5209,768,278,5129,127889,768,1
5210,768,278,5129,127351,768,1
5211,768,277,5130,127889,768,1
5212,768,278,5314,128556,768,1
5213,768,278,5204,127777,768,1
5214,768,277,5112,128556,768,1
5215,768,278,5111,127315,768,1
5216,768,278,5296,127851,768,1
5217,768,259,5149,127871,768,1
5218,768,278,5074,127556,768,1
5219,768,277,5204,127945,768,1
5220,768,278,5148,127518,768,1
5221,768,277,5112,127611,768,1
5222,768,296,5111,128389,768,1
5223,768,297,5111,127296,768,1
5224,768,278,5111,128426,768,1
5225,768,278,5129,127703,768,1
5226,768,278,5148,127944,768,1
5227,768,277,5130,127704,768,1
5228,768,278,5130,127870,768,1
5229,768,278,5148,129092,768,1
5230,768,277,5130,127871,768,1
5231,768,297,5148,127741,768,1
5232,768,278,5314,127982,768,1
5233,768,259,5204,127926,768,1
5234,768,278,5111,127963,768,1
5235,768,278,5092,127888,768,1
5236,768,277,5075,127722,768,1
5237,768,277,5112,127426,768,1
5238,768,278,5074,128000,768,1
5239,768,277,5093,127741,768,1
5240,768,278,5074,127389,768,1
5241,768,278,5111,127333,768,1
5242,768,278,5111,127815,768,1
5243,768,278,5259,127129,768,1
5244,768,278,5074,126723,768,1
5245,768,278,5056,127000,768,1
5246,768,277,5037,128074,768,1
5247,768,278,5074,126852,768,1
5248,768,278,5204,126982,768,1
5249,768,278,5518,127259,768,1
5250,768,278,5074,127000,768,1
5251,768,278,5037,126574,768,1
5252,768,278,5056,126741,768,1
5253,768,278,5018,126945,768,1
5254,768,277,5000,127000,768,1
5255,768,278,5037,127000,768,1
5256,768,278,5111,127000,768,1
5257,768,278,5000,126723,768,1
5258,768,278,5056,126926,768,1
5259,768,277,5019,126648,768,1
5260,768,278,5019,126704,768,1
5261,768,278,5000,126686,768,1
5262,768,278,5000,126871,768,1
5263,768,278,5019,127389,768,1
5264,768,277,5223,127185,768,1
5265,768,278,5074,126703,768,1
5266,768,278,5019,126815,768,1
5267,768,277,5000,126963,768,1
5268,768,278,5000,126704,768,1
5269,768,278,5037,127241,768,1
5270,768,277,5019,126945,768,1
5271,768,278,5019,126908,768,1
5272,768,259,5000,126907,768,1
5273,768,278,4981,131648,768,1
5274,768,277,5741,128556,768,1
5275,768,278,5241,127185,768,1
5276,768,278,5092,127297,768,1
5277,768,278,5185,127685,768,1
5278,768,278,5111,127407,768,1
5279,768,277,5074,127593,768,1
5280,768,278,5222,128222,768,1
5281,768,278,5092,127277,768,1
5282,768,277,5093,127167,768,1
5283,768,278,5074,127185,768,1
5284,768,278,5093,127130,768,1
5285,768,278,5055,127352,768,1
5286,768,278,5037,127148,768,1
5287,768,278,5130,128148,768,1
5288,768,278,5074,127463,768,1
5289,768,278,5074,127537,768,1
5290,768,278,5092,127297,768,1
5291,768,297,5037,127481,768,1
5292,768,296,5056,127592,768,1
5293,768,278,5093,127278,768,1
5294,768,278,5074,127519,768,1
5295,768,278,5074,127426,768,1
5296,768,278,5297,128130,768,1
5297,768,278,5129,129204,768,1
5298,768,278,5093,128037,768,1
5299,768,277,5167,127315,768,1
5300,768,278,5074,127611,768,1
5301,768,278,5111,127500,768,1
5302,768,278,5037,127445,768,1
5303,768,277,5093,127611,768,1
5304,768,277,5000,127315,768,1
5305,768,277,10112,127556,768,1
5306,768,277,5482,127722,768,1
5307,768,278,5111,127629,768,1
5308,768,260,5074,127462,768,1
5309,768,277,5038,127333,768,1
5310,768,278,5074,127056,768,1
5311,768,277,5074,127241,768,1
5312,768,278,5241,127759,768,1
5313,768,278,5259,127703,768,1
5314,768,277,5093,128056,768,1
5315,768,278,5092,127537,768,1
5316,768,278,5111,127259,768,1
5317,768,278,5037,127463,768,1
5318,768,277,5167,127556,768,1
5319,768,278,5704,133260,768,1
5320,768,297,10296,135426,768,1
5321,768,278,5796,128463,768,1
5322,768,277,5148,127500,768,1
5323,768,278,5111,127444,768,1
5324,768,277,5056,127130,768,1
5325,768,278,5074,127351,768,1
5326,768,277,5111,127352,768,1
5327,768,278,5056,127185,768,1
5328,768,277,5297,127593,768,1
5329,768,278,5129,127259,768,1
5330,768,277,5074,127352,768,1
5331,768,278,5074,128185,768,1
5332,768,278,5296,127778,768,1
5333,768,260,5092,127556,768,1
5334,768,278,5055,127185,768,1
5335,768,277,5074,128740,768,1
5336,768,277,5334,127815,768,1
5337,768,278,5148,128315,768,1
5338,768,278,5037,127093,768,1
5339,768,296,5056,127222,768,1
5340,768,259,5074,127111,768,1
5341,768,278,5111,127278,768,1
5342,768,278,5074,127185,768,1
5343,768,278,5111,127352,768,1
5344,768,277,5223,127815,768,1
5345,768,277,5075,127574,768,1
5346,768,259,5056,126870,768,1
5347,768,277,5056,127204,768,1
5348,768,278,5037,127871,768,1
5349,768,278,5074,127315,768,1
5350,768,278,5055,127241,768,1
5351,768,278,5129,127686,768,1
5352,768,278,5055,127223,768,1
5353,768,278,5074,127445,768,1
5354,768,278,5092,127481,768,1
5355,768,278,5111,127704,768,1
5356,768,278,5055,127574,768,1
5357,768,278,5055,127370,768,1
5358,768,278,5056,126871,768,1
5359,768,278,5129,127351,768,1
5360,768,277,5204,127611,768,1
5361,768,278,5111,127833,768,1
5362,768,259,5074,127592,768,1
5363,768,260,5111,127351,768,1
5364,768,277,5056,126852,768,1
5365,768,278,5056,128981,768,1
5366,768,278,5093,127185,768,1
5367,768,297,5074,127296,768,1
5368,768,277,5130,127555,768,1
5369,768,278,5074,127907,768,1
5370,768,277,5074,127111,768,1
5371,768,278,5111,127463,768,1
5372,768,278,5074,127240,768,1
5373,768,259,5186,128278,768,1
5374,768,278,5074,127555,768,1
5375,768,277,5093,127666,768,1
5376,768,278,5222,127611,768,1
5377,768,260,5296,128112,768,1
5378,768,278,5111,127648,768,1
5379,768,259,5074,127796,768,1
5380,768,278,5056,127389,768,1
5381,768,278,5093,127130,768,1
5382,768,278,5074,128000,768,1
5383,768,277,5167,127982,768,1
5384,768,278,5092,128037,768,1
5385,768,277,5093,127963,768,1
5386,768,278,5130,127407,768,1
5387,768,259,5185,127722,768,1
5388,768,278,5074,127518,768,1
5389,768,278,5111,127648,768,1
5390,768,278,5130,127648,768,1
5391,768,278,5148,127426,768,1
5392,768,278,5241,127648,768,1
5393,768,278,5111,127648,768,1
5394,768,278,5074,127796,768,1
5395,768,278,5093,127611,768,1
5396,768,278,5130,127444,768,1
5397,768,278,5129,127482,768,1
5398,768,278,5074,127463,768,1
5399,768,278,5185,128741,768,1
5400,768,278,5092,127630,768,1
5401,768,278,5093,127907,768,1
5402,768,277,5074,127833,768,1
5403,768,259,5185,127611,768,1
5404,768,278,5018,127444,768,1
5405,768,277,5112,127574,768,1
5406,768,277,5037,127555,768,1
5407,768,278,5093,127907,768,1
5408,768,277,5241,128278,768,1
5409,768,278,5111,127277,768,1
5410,768,277,5037,127704,768,1
5411,768,259,5111,127593,768,1
5412,768,259,5056,127056,768,1
5413,768,278,5055,127760,768,1
5414,768,278,5111,127537,768,1
5415,768,277,5056,127778,768,1
5416,768,277,5038,127667,768,1
5417,768,278,5111,127777,768,1
5418,768,278,5074,127648,768,1
5419,768,277,5074,127203,768,1
5420,768,277,5111,126926,768,1
5421,768,278,5056,127389,768,1
5422,768,278,5056,126852,768,1
5423,768,278,5074,126870,768,1
5424,768,278,5222,127334,768,1
5425,768,278,5074,127111,768,1
5426,768,278,5074,127852,768,1
5427,768,278,5166,127241,768,1
5428,768,278,5037,126907,768,1
5429,768,278,5074,127278,768,1
5430,768,277,5093,127093,768,1
5431,768,278,5037,127240,768,1
5432,768,277,5037,127037,768,1
5433,768,260,5092,128686,768,1
5434,768,278,5055,127593,768,1
5435,768,278,5130,127297,768,1
5436,768,278,5092,127167,768,1
5437,768,278,5056,127129,768,1
5438,768,277,5074,127148,768,1
5439,768,277,5056,127074,768,1
5440,768,278,5222,127445,768,1
5441,768,278,5259,127518,768,1
5442,768,278,5056,127482,768,1
5443,768,278,5055,127000,768,1
5444,768,278,5056,126907,768,1
5445,768,277,5037,127074,768,1
5446,768,278,5056,127148,768,1
5447,768,278,5056,127259,768,1
5448,768,278,5000,127148,768,1
5449,768,278,5056,127223,768,1
5450,768,278,5055,128019,768,1
5451,768,278,6055,133426,768,1
5452,768,296,9074,133260,768,1
5453,768,278,5722,128111,768,1
5454,768,278,5241,127704,768,1
5455,768,278,5129,127333,768,1
5456,768,278,5278,127741,768,1
5457,768,278,5093,127500,768,1
5458,768,278,5055,127888,768,1
5459,768,277,5112,127778,768,1
5460,768,278,5074,128018,768,1
5461,768,277,5223,127185,768,1
5462,768,278,5018,127315,768,1
5463,768,277,5093,127297,768,1
5464,768,278,5055,127111,768,1
5465,768,296,5075,127444,768,1
5466,768,278,5056,127815,768,1
5467,768,277,5093,128389,768,1
5468,768,278,5111,127093,768,1
5469,768,277,5112,127371,768,1
5470,768,278,5111,127574,768,1
5471,768,277,5093,127556,768,1
5472,768,277,5278,127574,768,1
5473,768,278,5093,127333,768,1
5474,768,278,5055,127129,768,1
5475,768,278,5111,127703,768,1
5476,768,278,5092,127462,768,1
5477,768,278,5074,127518,768,1
5478,768,278,5018,127648,768,1
5479,768,297,5092,127667,768,1
5480,768,278,5111,127296,768,1
5481,768,277,5074,127259,768,1
5482,768,278,5055,126963,768,1
5483,768,278,5074,127704,768,1
5484,768,260,5092,128186,768,1
5485,768,278,5093,127370,768,1
5486,768,277,5037,127556,768,1
5487,768,278,5093,127518,768,1
5488,768,278,5241,127555,768,1
5489,768,278,5092,127426,768,1
5490,768,278,5055,126834,768,1
5491,768,278,5055,128037,768,1
5492,768,278,5148,127278,768,1
5493,768,278,5111,127259,768,1
5494,768,278,5055,127222,768,1
5495,768,278,5093,127519,768,1
5496,768,278,5093,127278,768,1
5497,768,278,5093,127092,768,1
5498,768,277,5093,127370,768,1
5499,768,278,5074,127649,768,1
5500,768,278,5166,127537,768,1
5501,768,278,5204,128889,768,1
5502,768,278,5092,127241,768,1
5503,768,278,5093,127648,768,1
5504,768,278,5259,127630,768,1
5505,768,278,5278,127352,768,1
5506,768,278,5074,127149,768,1
5507,768,278,5074,127185,768,1
5508,768,278,5037,126834,768,1
5509,768,259,5093,127482,768,1
5510,768,278,5074,127148,768,1
5511,768,277,5075,127352,768,1
5512,768,278,5056,127370,768,1
5513,768,277,5074,127574,768,1
5514,768,278,5055,127352,768,1
5515,768,277,5093,127148,768,1
5516,768,277,5056,127630,768,1
5517,768,278,5092,127222,768,1
5518,768,278,5074,127759,768,1
5519,768,277,5093,127408,768,1
5520,768,278,5240,127741,768,1
5521,768,278,5129,126963,768,1
5522,768,277,5093,128240,768,1
5523,768,278,5259,127426,768,1
5524,768,278,5056,127944,768,1
5525,768,278,5037,127278,768,1
5526,768,278,5074,127092,768,1
5527,768,278,5204,127537,768,1
5528,768,278,5056,127204,768,1
5529,768,278,5111,127630,768,1
5530,768,278,5037,127370,768,1
5531,768,260,5074,127222,768,1
5532,768,278,5055,127851,768,1
5533,768,278,5093,127148,768,1
5534,768,278,5037,127166,768,1
5535,768,277,5074,127759,768,1
5536,768,278,5222,127389,768,1
5537,768,278,5092,127907,768,1
5538,768,278,5148,127222,768,1
5539,768,278,5092,127481,768,1
5540,768,278,5167,127760,768,1
5541,768,278,5074,127444,768,1
5542,768,277,5149,127463,768,1
5543,768,278,5166,127500,768,1
5544,768,278,5037,127185,768,1
5545,768,259,5056,127611,768,1
5546,768,277,5056,127222,768,1
5547,768,277,5056,127297,768,1
5548,768,278,5055,127741,768,1
5549,768,278,5074,127333,768,1
5550,768,277,5056,127074,768,1
5551,768,278,5074,127500,768,1
5552,768,277,5260,128204,768,1
5553,768,278,5093,128648,768,1
5554,768,278,5278,127556,768,1
5555,768,278,5092,127481,768,1
5556,768,278,5056,127167,768,1
5557,768,259,5111,127685,768,1
5558,768,278,5074,127630,768,1
5559,768,278,5093,127908,768,1
5560,768,278,5166,127333,768,1
5561,768,277,5093,127370,768,1
5562,768,278,5092,127481,768,1
5563,768,278,5055,127370,768,1
5564,768,278,5074,127370,768,1
5565,768,278,5074,127797,768,1
5566,768,297,5055,127407,768,1
5567,768,259,5130,127185,768,1
5568,768,277,5241,127667,768,1
5569,768,277,5260,128630,768,1
5570,768,277,5130,127259,768,1
5571,768,278,5111,127481,768,1
5572,768,260,5074,127519,768,1
5573,768,277,5075,127259,768,1
5574,768,278,5093,127352,768,1
5575,768,278,5092,127148,768,1
5576,768,278,5092,127241,768,1
5577,768,278,5074,127204,768,1
5578,768,278,5074,127185,768,1
5579,768,278,5093,127482,768,1
5580,768,277,5074,126815,768,1
5581,768,277,5075,127593,768,1
5582,768,277,5149,127426,768,1
5583,768,278,5889,132333,768,1
5584,768,297,8925,134518,768,1
5585,768,278,6037,128778,768,1
5586,768,278,5296,128445,768,1
5587,768,277,5130,127111,768,1
5588,768,278,5092,127296,768,1
5589,768,278,5092,127722,768,1
5590,768,278,5185,127296,768,1
5591,768,259,5093,127185,768,1
5592,768,277,5075,127278,768,1
5593,768,278,5093,127278,768,1
5594,768,278,5185,127500,768,1
5595,768,277,5093,127611,768,1
5596,768,278,5056,127667,768,1
5597,768,278,5056,127537,768,1
5598,768,277,5093,127574,768,1
5599,768,277,5111,127203,768,1
5600,768,278,5241,127444,768,1
5601,768,277,5093,127111,768,1
5602,768,277,5056,127278,768,1
5603,768,278,5055,127963,768,1
5604,768,278,5185,127741,768,1
5605,768,278,5056,127518,768,1
5606,768,277,5130,127426,768,1
5607,768,278,5093,127537,768,1
5608,768,278,5037,127074,768,1
5609,768,277,5056,127259,768,1
5610,768,277,5037,127203,768,1
5611,768,277,5093,127611,768,1
5612,768,278,5074,127482,768,1
5613,768,278,5037,127167,768,1
5614,768,278,5037,127500,768,1
5615,768,278,5129,127519,768,1
5616,768,277,5278,127556,768,1
5617,768,278,5185,127537,768,1
5618,768,278,5056,127000,768,1
5619,768,259,5092,127333,768,1
5620,768,296,5018,127871,768,1
5621,768,278,5074,128111,768,1
5622,768,278,5056,128148,768,1
5623,768,278,5092,126981,768,1
5624,768,260,5092,127482,768,1
5625,768,277,5093,127666,768,1
5626,768,277,5074,127333,768,1
5627,768,296,5056,127222,768,1
5628,768,278,5074,127518,768,1
5629,768,278,5056,127093,768,1
5630,768,278,5074,127926,768,1
5631,768,278,5074,127296,768,1
5632,768,277,5223,127685,768,1
5633,768,296,5241,127963,768,1
5634,768,278,5074,127666,768,1
5635,768,277,5093,127185,768,1
5636,768,277,5056,127426,768,1
5637,768,278,5056,128333,768,1
5638,768,296,5074,128351,768,1
5639,768,277,5093,127519,768,1
5640,768,278,5056,127537,768,1
5641,768,278,5074,126852,768,1
5642,768,278,5092,127426,768,1
5643,768,277,5093,127296,768,1
5644,768,277,5019,127092,768,1
5645,768,278,5093,127370,768,1
5646,768,277,5056,127371,768,1
5647,768,278,5111,127407,768,1
5648,768,278,5296,127463,768,1
5649,768,277,5093,127222,768,1
5650,768,277,5037,127056,768,1
5651,768,278,5074,127685,768,1
5652,768,278,5056,127149,768,1
5653,768,278,5074,127260,768,1
5654,768,278,5055,128241,768,1
5655,768,259,5111,127759,768,1
5656,768,278,5074,127593,768,1
5657,768,260,5092,127611,768,1
5658,768,278,5055,127407,768,1
5659,768,278,5093,127000,768,1
5660,768,278,5055,127481,768,1
5661,768,278,5074,127500,768,1
5662,768,277,5019,127148,768,1
5663,768,277,5074,127852,768,1
5664,768,277,5241,127815,768,1
5665,768,278,5093,127092,768,1
5666,768,277,5056,127185,768,1
5667,768,278,5037,127129,768,1
5668,768,278,5055,127223,768,1
5669,768,278,5055,127167,768,1
5670,768,278,5055,127260,768,1
5671,768,278,5092,128519,768,1
5672,768,277,5186,127389,768,1
5673,768,260,5055,127149,768,1
5674,768,278,5019,127055,768,1
5675,768,277,5056,127389,768,1
5676,768,278,5037,127037,768,1
5677,768,278,5037,127185,768,1
5678,768,278,5037,127129,768,1
5679,768,278,5074,127797,768,1
5680,768,278,5204,127537,768,1
5681,768,278,5204,127629,768,1
5682,768,278,5074,127370,768,1
5683,768,278,5074,127352,768,1
5684,768,278,5037,126796,768,1
5685,768,277,5056,127518,768,1
5686,768,278,5037,127167,768,1
5687,768,278,5056,127593,768,1
5688,768,277,5056,127852,768,1
5689,768,259,5112,127371,768,1
5690,768,278,5055,127297,768,1
5691,768,278,5074,127463,768,1
5692,768,277,5019,127074,768,1
5693,768,278,5074,127296,768,1
5694,768,278,5074,127074,768,1
5695,768,278,5074,127908,768,1
5696,768,277,5186,127519,768,1
5697,768,278,5278,127778,768,1
5698,768,278,5074,127130,768,1
5699,768,278,5056,127055,768,1
5700,768,259,5055,127389,768,1
5701,768,278,5037,127148,768,1
5702,768,278,5056,127241,768,1
5703,768,278,4981,126796,768,1
5704,768,278,5056,127500,768,1
5705,768,277,5074,128685,768,1
5706,768,259,5092,127370,768,1
5707,768,277,5112,127889,768,1
5708,768,278,5037,127352,768,1
5709,768,278,5037,127315,768,1
5710,768,277,6278,128278,768,1
5711,768,278,5074,127408,768,1
5712,768,278,5222,127778,768,1
5713,768,278,5092,127074,768,1
5714,768,277,5130,127574,768,1
5715,768,278,5629,132704,768,1
5716,768,314,8593,133019,768,1
5717,768,277,5741,128241,768,1
5718,768,277,5223,127685,768,1
5719,768,277,5112,127630,768,1
5720,768,277,5074,127908,768,1
5721,768,278,5093,127834,768,1
5722,768,278,5111,128333,768,1
5723,768,278,5260,127685,768,1
5724,768,278,5092,127481,768,1
5725,768,277,5204,127352,768,1
5726,768,278,5111,127241,768,1
5727,768,278,5092,127260,768,1
5728,768,297,5259,128000,768,1
5729,768,277,5093,127518,768,1
5730,768,278,5093,127481,768,1
5731,768,277,5093,127277,768,1
5732,768,277,5075,127481,768,1
5733,768,278,5074,127186,768,1
5734,768,296,5074,127186,768,1
5735,768,278,5129,127407,768,1
5736,768,277,5074,127704,768,1
5737,768,278,5074,127333,768,1
5738,768,278,5092,127407,768,1
5739,768,278,5111,128222,768,1
5740,768,278,5111,127686,768,1
5741,768,278,5240,127815,768,1
5742,768,296,5111,127315,768,1
5743,768,278,5111,127278,768,1
5744,768,297,5315,127833,768,1
5745,768,278,5130,127167,768,1
5746,768,296,5074,126944,768,1
5747,768,278,5111,127556,768,1
5748,768,278,5055,127185,768,1
5749,768,277,5074,127222,768,1
5750,768,277,5093,126982,768,1
5751,768,278,5074,127852,768,1
5752,768,278,5055,127815,768,1
5753,768,278,5093,127685,768,1
5754,768,278,5129,127445,768,1
5755,768,278,5148,127833,768,1
5756,768,296,5056,128723,768,1
5757,768,278,5092,127667,768,1
5758,768,296,5074,127074,768,1
5759,768,278,5111,127388,768,1
5760,768,277,5241,127667,768,1
5761,768,277,5371,127796,768,1
5762,768,277,5112,127630,768,1
5763,768,278,5185,127981,768,1
5764,768,278,5130,127685,768,1
5765,768,278,5111,127667,768,1
5766,768,278,5130,127833,768,1
5767,768,278,5129,127908,768,1
5768,768,277,5130,127630,768,1
5769,768,278,5092,127648,768,1
5770,768,278,5130,127815,768,1
5771,768,278,5111,128019,768,1
5772,768,278,5204,127648,768,1
5773,768,277,5074,128852,768,1
5774,768,278,5222,127592,768,1
5775,768,277,5223,127704,768,1
5776,768,278,5278,127870,768,1
5777,768,278,5130,128185,768,1
5778,768,278,5148,127592,768,1
5779,768,277,5111,127444,768,1
5780,768,260,5055,127889,768,1
5781,768,278,5111,127796,768,1
5782,768,277,5148,127482,768,1
5783,768,278,5222,127667,768,1
5784,768,278,5092,127426,768,1
5785,768,278,5130,127667,768,1
5786,768,260,5129,127426,768,1
5787,768,278,5092,127407,768,1
5788,768,278,5093,127222,768,1
5789,768,278,5111,127223,768,1
5790,768,278,5148,128093,768,1
5791,768,278,5167,127240,768,1
5792,768,277,5315,127796,768,1
5793,768,259,5148,127907,768,1
5794,768,278,5130,127555,768,1
5795,768,277,5112,127481,768,1
5796,768,278,5111,127444,768,1
5797,768,277,5093,127130,768,1
5798,768,278,5129,127481,768,1
5799,768,278,5148,127500,768,1
5800,768,278,5148,127963,768,1
5801,768,278,5111,127445,768,1
5802,768,277,5111,130944,768,1
5803,768,278,5148,128370,768,1
5804,768,278,5111,127130,768,1
5805,768,278,5093,127074,768,1
5806,768,277,5112,127500,768,1
5807,768,278,5111,128259,768,1
5808,768,278,5371,127482,768,1
5809,768,278,5111,127167,768,1
5810,768,278,5111,127111,768,1
5811,768,278,5148,127185,768,1
5812,768,278,5074,127203,768,1
5813,768,278,5093,127222,768,1
5814,768,278,5130,127000,768,1
5815,768,278,5259,127426,768,1
5816,768,278,5093,127185,768,1
5817,768,278,5111,127148,768,1
5818,768,278,5093,127407,768,1
5819,768,278,5092,127740,768,1
5820,768,277,5093,126982,768,1
5821,768,278,5111,127537,768,1
5822,768,277,5093,127500,768,1
5823,768,278,5092,127500,768,1
5824,768,277,5334,128185,768,1
5825,768,277,5297,128093,768,1
5826,768,278,5092,127851,768,1
5827,768,278,5111,127426,768,1
5828,768,278,5093,127444,768,1
5829,768,278,5093,127167,768,1
5830,768,278,5074,127167,768,1
5831,768,278,5092,127574,768,1
5832,768,278,5093,127092,768,1
5833,768,278,5111,127277,768,1
5834,768,277,5112,128111,768,1
5835,768,277,5148,127185,768,1
5836,768,278,5074,127203,768,1
5837,768,278,5092,127593,768,1
5838,768,278,5129,127297,768,1
5839,768,278,5148,127352,768,1
5840,768,278,5278,127592,768,1
5841,768,278,5167,128518,768,1
5842,768,259,5148,127833,768,1
5843,768,278,5148,127204,768,1
5844,768,278,5074,127500,768,1
5845,768,278,5093,127130,768,1
5846,768,278,5130,127167,768,1
5847,768,277,5685,132574,768,1
5848,768,297,10629,135518,768,1
5849,768,278,5796,128723,768,1
5850,768,278,5185,128482,768,1
5851,768,278,5166,127259,768,1
5852,768,278,5148,127277,768,1
5853,768,277,5186,127722,768,1
5854,768,277,5074,127389,768,1
5855,768,278,5129,127593,768,1
5856,768,278,5296,127592,768,1
5857,768,277,5148,127611,768,1
5858,768,278,5111,128704,768,1
5859,768,278,5148,127612,768,1
5860,768,278,5092,127500,768,1
5861,768,278,5092,127648,768,1
5862,768,259,5074,127222,768,1
5863,768,278,5130,127130,768,1
5864,768,278,5111,127482,768,1
5865,768,278,5074,127704,768,1
5866,768,277,5241,127722,768,1
5867,768,277,5149,127130,768,1
5868,768,278,5111,127148,768,1
5869,768,278,5111,127167,768,1
5870,768,278,5092,127297,768,1
5871,768,278,5129,127093,768,1
5872,768,278,5389,127852,768,1
5873,768,278,5148,127278,768,1
5874,768,278,5111,127259,768,1
5875,768,278,5092,128019,768,1
5876,768,278,5166,127759,768,1
5877,768,278,5148,127389,768,1
5878,768,278,5148,127630,768,1
5879,768,297,5111,127500,768,1
5880,768,278,5204,127611,768,1
5881,768,278,5185,127518,768,1
5882,768,278,5148,127759,768,1
5883,768,278,5130,127685,768,1
5884,768,297,5092,127685,768,1
5885,768,278,5129,127760,768,1
5886,768,278,5074,127000,768,1
5887,768,278,5111,127407,768,1
5888,768,278,5241,127611,768,1
5889,768,277,5297,127666,768,1
5890,768,277,5093,127741,768,1
5891,768,278,5055,127796,768,1
5892,768,278,5093,127685,768,1
5893,768,296,5111,127537,768,1
5894,768,278,5111,127518,768,1
5895,768,277,5075,127500,768,1
5896,768,278,5129,127333,768,1
5897,768,278,5167,127481,768,1
5898,768,278,5074,127667,768,1
5899,768,278,5092,127611,768,1
5900,768,277,5075,127315,768,1
5901,768,278,5185,127797,768,1
5902,768,278,5111,127704,768,1
5903,768,278,5148,127352,768,1
5904,768,278,5241,127629,768,1
5905,768,278,5148,127204,768,1
5906,768,297,5092,127148,768,1
5907,768,296,5074,127408,768,1
5908,768,278,5018,127425,768,1
5909,768,277,5093,128797,768,1
5910,768,278,5074,127630,768,1
5911,768,278,5111,127481,768,1
5912,768,278,5130,127574,768,1
5913,768,278,5074,127500,768,1
5914,768,277,5074,127741,768,1
5915,768,296,5074,127074,768,1
5916,768,278,5056,127685,768,1
5917,768,278,5093,127278,768,1
5918,768,278,5074,127260,768,1
5919,768,278,5074,127481,768,1
5920,768,278,5204,127463,768,1
5921,768,278,5130,127037,768,1
5922,768,260,5037,127334,768,1
5923,768,278,5055,127241,768,1
5924,768,260,5092,127463,768,1
5925,768,278,5074,127481,768,1
5926,768,278,5037,127926,768,1
5927,768,277,5056,127704,768,1
5928,768,278,5111,127426,768,1
5929,768,278,5037,127630,768,1
5930,768,278,5055,127500,768,1
5931,768,278,5074,127482,768,1
5932,768,278,5074,127444,768,1
5933,768,278,5037,127186,768,1
5934,768,278,5055,127500,768,1
5935,768,277,5093,127426,768,1
5936,768,278,5204,127629,768,1
5937,768,277,5075,127315,768,1
5938,768,278,5000,127204,768,1
5939,768,278,5037,127056,768,1
5940,768,278,5092,127703,768,1
5941,768,277,5074,127277,768,1
5942,768,277,5056,127426,768,1
5943,768,278,5074,127945,768,1
5944,768,277,5056,127482,768,1
5945,768,296,5074,127389,768,1
5946,768,278,5019,127278,768,1
5947,768,278,5074,127537,768,1
5948,768,278,5074,127408,768,1
5949,768,278,5093,127463,768,1
5950,768,278,5037,127722,768,1
5951,768,278,5074,127111,768,1
5952,768,277,5241,127611,768,1
5953,768,278,5278,127519,768,1
5954,768,278,5092,127371,768,1
5955,768,278,5037,127334,768,1
5956,768,278,5055,127537,768,1
5957,768,278,5092,127278,768,1
5958,768,260,5074,127537,768,1
5959,768,259,5130,127371,768,1
5960,768,278,5092,127889,768,1
5961,768,277,5148,127278,768,1
5962,768,277,5074,127630,768,1
5963,768,278,5074,127388,768,1
5964,768,278,5167,127333,768,1
5965,768,278,5056,127611,768,1
5966,768,278,5074,127574,768,1
5967,768,278,5111,127685,768,1
5968,768,278,5296,127759,768,1
5969,768,278,5203,127351,768,1
5970,768,278,5092,127333,768,1
5971,768,278,5093,127037,768,1
5972,768,296,5093,127351,768,1
5973,768,277,5112,127907,768,1
5974,768,278,5111,127315,768,1
5975,768,278,5055,127259,768,1
5976,768,278,5111,127611,768,1
5977,768,278,5148,128407,768,1
5978,768,277,5111,127982,768,1
5979,768,297,5833,132074,768,1
5980,768,296,9074,133463,768,1
5981,768,278,5667,128963,768,1
5982,768,277,5241,127371,768,1
5983,768,278,5204,127648,768,1
5984,768,278,5278,127148,768,1
5985,768,277,5093,127389,768,1
5986,768,278,5111,127130,768,1
5987,768,278,5093,127352,768,1
5988,768,278,5093,127481,768,1
5989,768,277,5075,127871,768,1
5990,768,278,5222,127500,768,1
5991,768,278,5111,127240,768,1
5992,768,277,5074,126871,768,1
5993,768,278,5092,127463,768,1
5994,768,259,5093,128074,768,1
5995,768,278,5148,127648,768,1
5996,768,278,5074,127871,768,1
5997,768,278,5056,127833,768,1
5998,768,278,5185,127296,768,1
5999,768,277,5148,127482,768,1
6000,768,278,5241,127685,768,1
6001,768,278,5093,127389,768,1
6002,768,278,5074,127740,768,1
6003,768,278,5074,127630,768,1
6004,768,278,5148,127334,768,1
6005,768,277,5074,127481,768,1
6006,768,278,5037,127315,768,1
6007,768,278,5092,127074,768,1
6008,768,277,5093,127574,768,1
6009,768,277,5056,127277,768,1
6010,768,259,5111,127018,768,1
6011,768,278,5130,128186,768,1
6012,768,278,5148,127556,768,1
6013,768,277,5112,127482,768,1
6014,768,278,5148,127426,768,1
6015,768,278,5074,127408,768,1
6016,768,278,5259,127685,768,1
6017,768,277,5260,127500,768,1
6018,768,278,5093,127130,768,1
6019,768,278,5092,127334,768,1
6020,768,278,5092,128556,768,1
6021,768,278,5166,127611,768,1
6022,768,277,5093,127482,768,1
6023,768,278,5111,127297,768,1
6024,768,278,5111,127037,768,1
6025,768,278,5111,127407,768,1
6026,768,278,5093,127129,768,1
6027,768,278,5111,127296,768,1
6028,768,278,5092,127852,768,1
6029,768,277,5204,127833,768,1
6030,768,277,5075,127685,768,1
6031,768,277,5130,127500,768,1
6032,768,278,5222,127778,768,1
6033,768,278,5148,127815,768,1
6034,768,259,5074,127593,768,1
6035,768,278,5074,127612,768,1
6036,768,278,5037,127500,768,1
6037,768,277,5056,127093,768,1
6038,768,278,5055,128019,768,1
6039,768,278,5093,127074,768,1
6040,768,278,5111,127259,768,1
6041,768,277,5074,127204,768,1
6042,768,278,5074,127111,768,1
6043,768,278,5055,127203,768,1
6044,768,278,5056,127611,768,1
6045,768,278,5037,128686,768,1
6046,768,278,5185,127870,768,1
6047,768,278,5130,127685,768,1
6048,768,278,5240,127315,768,1
6049,768,277,5148,127426,768,1
6050,768,278,5037,127444,768,1
6051,768,278,5166,127575,768,1
6052,768,278,5111,127352,768,1
6053,768,278,5055,127426,768,1
6054,768,278,5037,127555,768,1
6055,768,278,5074,127704,768,1
6056,768,278,5037,126908,768,1
6057,768,277,5074,127167,768,1
6058,768,277,5056,127259,768,1
6059,768,278,5074,127259,768,1
6060,768,278,5074,127166,768,1
6061,768,277,5056,127185,768,1
6062,768,278,5056,128944,768,1
6063,768,277,5075,127389,768,1
6064,768,278,5296,127704,768,1
6065,768,278,5074,127500,768,1
6066,768,277,5074,127518,768,1
6067,768,278,5037,127204,768,1
6068,768,278,5037,127315,768,1
6069,768,278,5056,127352,768,1
6070,768,278,5055,127314,768,1
6071,768,278,5055,127685,768,1
6072,768,278,5055,127611,768,1
6073,768,278,5037,127333,768,1
6074,768,277,5019,127333,768,1
6075,768,296,5056,127408,768,1
6076,768,278,5037,127130,768,1
6077,768,278,5056,127407,768,1
6078,768,278,5037,127315,768,1
6079,768,278,5074,128167,768,1
6080,768,278,5241,127704,768,1
6081,768,278,5240,127334,768,1
6082,768,278,5093,127019,768,1
6083,768,278,5092,127686,768,1
6084,768,278,5111,127444,768,1
6085,768,278,5204,127741,768,1
6086,768,278,5056,127315,768,1
6087,768,278,5092,127944,768,1
6088,768,278,5074,127611,768,1
6089,768,278,5056,127685,768,1
6090,768,278,5074,127685,768,1
6091,768,278,5074,127408,768,1
6092,768,278,5074,127408,768,1
6093,768,278,5074,126926,768,1
6094,768,259,5093,127296,768,1
6095,768,278,5111,127703,768,1
6096,768,277,5241,128074,768,1
6097,768,277,5111,127907,768,1
6098,768,277,5075,127574,768,1
6099,768,277,5074,127370,768,1
6100,768,259,5186,127352,768,1
6101,768,278,5074,127481,768,1
6102,768,277,5074,127351,768,1
6103,768,277,5075,127871,768,1
6104,768,278,5074,127186,768,1
6105,768,278,5111,126907,768,1
6106,768,278,5037,127537,768,1
6107,768,278,5037,127019,768,1
6108,768,278,5148,127259,768,1
6109,768,278,5037,127259,768,1
6110,768,277,5056,127093,768,1
6111,768,296,5796,132556,768,1
6112,768,297,9092,133167,768,1
6113,768,296,5871,130092,768,1
6114,768,278,5315,127981,768,1
6115,768,260,5333,127574,768,1
6116,768,259,5167,127389,768,1
6117,768,278,5129,127186,768,1
6118,768,278,5166,127278,768,1
6119,768,278,5074,128037,768,1
6120,768,278,5092,127518,768,1
6121,768,278,5056,127686,768,1
6122,768,278,5056,127389,768,1
6123,768,278,5056,127463,768,1
6124,768,278,5093,127111,768,1
6125,768,278,5037,127352,768,1
6126,768,277,5093,126778,768,1
6127,768,278,5093,127463,768,1
6128,768,278,5241,127574,768,1
6129,768,278,5093,127833,768,1
6130,768,278,5074,127685,768,1
6131,768,278,5093,127481,768,1
6132,768,278,5092,127407,768,1
6133,768,260,5092,127352,768,1
6134,768,278,5130,127407,768,1
6135,768,259,5074,127555,768,1
6136,768,278,5074,127648,768,1
6137,768,278,5129,127686,768,1
6138,768,278,5037,127407,768,1
6139,768,277,5056,127222,768,1
6140,768,278,5055,127222,768,1
6141,768,278,5111,126963,768,1
6142,768,277,5112,127500,768,1
6143,768,278,5056,127148,768,1
6144,768,278,5296,127704,768,1
6145,768,278,5240,127315,768,1
6146,768,278,5148,127148,768,1
6147,768,278,5055,127630,768,1
6148,768,278,5074,127111,768,1
6149,768,278,5018,127204,768,1
6150,768,296,5056,208833,768,1
6151,768,297,13315,139463,768,1
6152,768,278,5685,128519,768,1
6153,768,259,5130,127592,768,1
6154,768,277,5074,127574,768,1
6155,768,277,5056,127611,768,1
6156,768,278,5037,126963,768,1
6157,768,277,5075,127222,768,1
6158,768,278,5037,127018,768,1
6159,768,259,5074,127296,768,1
6160,768,277,5278,127778,768,1
6161,768,259,5074,127352,768,1
6162,768,278,5037,126703,768,1
6163,768,277,5000,127297,768,1
6164,768,278,5019,128444,768,1
6165,768,278,5166,127426,768,1
6166,768,278,5074,182463,768,1
6167,768,297,13074,139000,768,1
6168,768,278,5703,128611,768,1
6169,768,278,5259,127963,768,1
6170,768,278,5148,127796,768,1
6171,768,278,5130,127889,768,1
6172,768,278,5111,127611,768,1
6173,768,278,5130,127703,768,1
6174,768,278,5130,127648,768,1
6175,768,277,5223,128204,768,1
6176,768,277,5519,128278,768,1
6177,768,278,5111,127370,768,1
6178,768,278,5111,127426,768,1
6179,768,277,5093,127370,768,1
6180,768,277,5130,127797,768,1
6181,768,278,5148,129371,768,1
6182,768,278,5111,127482,768,1
6183,768,278,5130,127648,768,1
6184,768,278,5167,128166,768,1
6185,768,277,5223,127630,768,1
6186,768,278,5148,127834,768,1
6187,768,277,5167,127445,768,1
6188,768,278,5185,127686,768,1
6189,768,296,5111,127593,768,1
6190,768,278,5148,127574,768,1
6191,768,278,5129,127629,768,1
6192,768,278,5352,128037,768,1
6193,768,277,5167,127500,768,1
6194,768,259,5167,127667,768,1
6195,768,278,5111,127778,768,1
6196,768,278,5111,127296,768,1
6197,768,278,5092,127296,768,1
6198,768,277,5130,128574,768,1
6199,768,278,5185,127851,768,1
6200,768,296,5130,127796,768,1
6201,768,277,5167,127648,768,1
6202,768,277,5167,127482,768,1
6203,768,278,5129,127556,768,1
6204,768,278,5167,127278,768,1
6205,768,260,5166,127519,768,1
6206,768,296,5148,127851,768,1
6207,768,277,5260,127593,768,1
6208,768,278,5370,128592,768,1
6209,768,278,5370,127741,768,1
6210,768,278,5148,127426,768,1
6211,768,278,5111,127537,768,1
6212,768,278,5185,127462,768,1
6213,768,278,5148,127797,768,1
6214,768,278,5129,127519,768,1
6215,768,277,5130,128277,768,1
6216,768,296,5148,127963,768,1
6217,768,278,5111,127500,768,1
6218,768,277,5186,128445,768,1
6219,768,278,5241,127963,768,1
6220,768,278,5167,127611,768,1
6221,768,278,5185,127814,768,1
6222,768,277,5130,127963,768,1
6223,768,278,5148,127833,768,1
6224,768,297,5333,128593,768,1
6225,768,278,5166,127426,768,1
6226,768,296,5129,127630,768,1
6227,768,296,5148,127722,768,1
6228,768,278,5167,127519,768,1
6229,768,278,5148,127778,768,1
6230,768,278,5185,127870,768,1
6231,768,278,5111,127666,768,1
6232,768,278,5111,128204,768,1
6233,768,278,5148,128037,768,1
6234,768,296,5593,128056,768,1
6235,768,278,5278,128074,768,1
6236,768,278,5111,127482,768,1
6237,768,278,5074,127611,768,1
6238,768,277,5149,127000,768,1
6239,768,278,5037,126963,768,1
6240,768,259,5260,127130,768,1
6241,768,278,5055,127093,768,1
6242,768,278,5074,126593,768,1
6243,768,278,5519,132463,768,1
6244,768,297,8814,134000,768,1
6245,768,277,5686,127926,768,1
6246,768,278,5222,127241,768,1
6247,768,278,5166,127277,768,1
6248,768,277,5167,127482,768,1
6249,768,296,5093,129926,768,1
6250,768,277,5278,127593,768,1
6251,768,278,5241,127444,768,1
6252,768,278,5093,127240,768,1
6253,768,277,5093,127500,768,1
6254,768,278,5111,127574,768,1
6255,768,278,5055,127371,768,1
6256,768,277,5260,127519,768,1
6257,768,278,5130,127574,768,1
6258,768,277,5130,127389,768,1
6259,768,278,5074,127426,768,1
6260,768,278,5074,127129,768,1
6261,768,278,5056,127611,768,1
6262,768,278,5093,127018,768,1
6263,768,277,5112,127648,768,1
6264,768,278,5092,127185,768,1
6265,768,278,5092,127629,768,1
6266,768,278,5148,128704,768,1
6267,768,278,5111,127462,768,1
6268,768,277,5093,127945,768,1
6269,768,259,5278,128074,768,1
6270,768,278,5167,127870,768,1
6271,768,278,5092,127407,768,1
6272,768,259,5241,127871,768,1
6273,768,278,5333,128018,768,1
6274,768,278,5130,127481,768,1
6275,768,278,5129,127648,768,1
6276,768,278,5129,127611,768,1
6277,768,278,5111,127352,768,1
6278,768,278,5111,127574,768,1
6279,768,277,5112,127611,768,1
6280,768,277,5130,127685,768,1
6281,768,277,5130,127741,768,1
6282,768,277,5167,127815,768,1
6283,768,259,5148,128685,768,1
6284,768,277,5204,127704,768,1
6285,768,278,5148,127759,768,1
6286,768,277,5186,127834,768,1
6287,768,278,5129,127537,768,1
6288,768,277,5315,127778,768,1
6289,768,278,5167,127907,768,1
6290,768,278,5130,127778,768,1
6291,768,278,5093,127556,768,1
6292,768,278,5092,127500,768,1
6293,768,277,5074,127593,768,1
6294,768,278,5092,127778,768,1
6295,768,278,5111,127648,768,1
6296,768,278,5167,127667,768,1
6297,768,278,5074,127778,768,1
6298,768,259,5130,128241,768,1
6299,768,278,5111,127945,768,1
6300,768,277,5186,127871,768,1
6301,768,278,5092,127778,768,1
6302,768,278,5111,127741,768,1
6303,768,278,5056,128018,768,1
6304,768,278,5259,127945,768,1
6305,768,278,5111,127352,768,1
6306,768,278,5092,128111,768,1
6307,768,278,5111,127611,768,1
6308,768,278,5092,127519,768,1
6309,768,278,5111,127500,768,1
6310,768,278,5093,127852,768,1
6311,768,278,5092,127314,768,1
6312,768,277,5112,127574,768,1
6313,768,277,5074,127425,768,1
6314,768,278,5074,128148,768,1
6315,768,278,5093,127759,768,1
6316,768,259,5111,127555,768,1
6317,768,277,5093,128722,768,1
6318,768,277,5130,127537,768,1
6319,768,278,5111,127667,768,1
6320,768,278,5296,127982,768,1
6321,768,259,5111,127815,768,1
6322,768,277,5056,127778,768,1
6323,768,259,5130,127815,768,1
6324,768,278,5092,127445,768,1
6325,768,278,5092,127500,768,1
6326,768,278,5074,127741,768,1
6327,768,278,5092,127186,768,1
6328,768,278,5092,127352,768,1
6329,768,259,5111,127778,768,1
6330,768,278,5074,127556,768,1
6331,768,259,5167,128148,768,1
6332,768,278,5093,127574,768,1
6333,768,278,5055,127351,768,1
6334,768,278,5093,128463,768,1
6335,768,278,5092,127833,768,1
6336,768,278,5241,128074,768,1
6337,768,278,5240,127667,768,1
6338,768,278,5111,127556,768,1
6339,768,277,5112,127500,768,1
6340,768,278,5111,127408,768,1
6341,768,278,5074,127333,768,1
6342,768,278,5093,127519,768,1
6343,768,278,5093,127741,768,1
6344,768,278,5278,127537,768,1
6345,768,278,5129,127426,768,1
6346,768,260,5129,128166,768,1
6347,768,278,5074,127833,768,1
6348,768,277,5093,127482,768,1
6349,768,278,5074,127593,768,1
6350,768,278,5093,127500,768,1
6351,768,278,5074,128130,768,1
6352,768,278,5333,127945,768,1
6353,768,278,5111,127426,768,1
6354,768,278,5056,127629,768,1
6355,768,277,5093,127704,768,1
6356,768,277,5130,127537,768,1
6357,768,278,5093,127444,768,1
6358,768,278,5074,127592,768,1
6359,768,278,5092,127518,768,1
6360,768,278,5074,127871,768,1
6361,768,278,5074,128185,768,1
6362,768,278,5129,127000,768,1
6363,768,296,4982,127203,768,1
6364,768,278,5000,127204,768,1
6365,768,277,4963,126796,768,1
6366,768,278,4963,126703,768,1
6367,768,277,5000,126741,768,1
6368,768,278,5185,127629,768,1
6369,768,278,5037,126759,768,1
6370,768,278,5019,126889,768,1
6371,768,277,4982,126982,768,1
6372,768,278,5019,126889,768,1
6373,768,278,5019,126889,768,1
6374,768,296,5000,126963,768,1
6375,768,278,5111,126759,768,1
6376,768,296,5648,132778,768,1
6377,768,297,10296,134925,768,1
6378,768,278,5592,128075,768,1
6379,768,278,5185,127834,768,1
6380,768,278,5148,127315,768,1
6381,768,277,5074,127111,768,1
6382,768,278,5074,127407,768,1
6383,768,277,5074,127351,768,1
6384,768,278,5241,127833,768,1
6385,768,259,5185,128963,768,1
6386,768,278,5148,127703,768,1
6387,768,278,5203,128277,768,1
6388,768,278,5074,127111,768,1
6389,768,278,5111,127575,768,1
6390,768,278,5055,126982,768,1
6391,768,278,5074,127314,768,1
6392,768,278,5074,127481,768,1
6393,768,278,5259,127223,768,1
6394,768,278,5056,127037,768,1
6395,768,278,5074,127111,768,1
6396,768,277,5037,126425,768,1
6397,768,278,5000,126592,768,1
6398,768,259,5055,126426,768,1
6399,768,296,5093,126556,768,1
6400,768,277,5204,126778,768,1
6401,768,278,5241,126889,768,1
6402,768,278,5056,127889,768,1
6403,768,278,5093,126907,768,1
6404,768,278,5018,127203,768,1
6405,768,259,5037,126889,768,1
6406,768,259,5092,126889,768,1
6407,768,278,5000,126834,768,1
6408,768,278,5093,127074,768,1
6409,768,259,5000,126907,768,1
6410,768,278,5129,126723,768,1
6411,768,278,5056,126389,768,1
6412,768,278,5000,126963,768,1
6413,768,278,5037,126833,768,1
6414,768,278,5092,127019,768,1
6415,768,277,5093,126722,768,1
6416,768,278,5241,127240,768,1
6417,768,278,5092,126759,768,1
6418,768,259,5037,126555,768,1
6419,768,259,5000,127537,768,1
6420,768,277,5093,127222,768,1
6421,768,278,5037,126963,768,1
6422,768,278,5019,126889,768,1
6423,768,260,5000,126740,768,1
6424,768,278,4982,128648,768,1
6425,768,296,5889,128297,768,1
6426,768,277,5130,127648,768,1
6427,768,278,5130,127574,768,1
6428,768,278,5241,128129,768,1
6429,768,277,5056,127593,768,1
6430,768,278,5074,127370,768,1
6431,768,277,5075,127630,768,1
6432,768,278,5278,127796,768,1
6433,768,278,5148,127593,768,1
6434,768,278,5166,127648,768,1
6435,768,278,5037,127592,768,1
6436,768,259,5074,128574,768,1
6437,768,278,5111,127778,768,1
6438,768,278,5130,127685,768,1
6439,768,277,5093,127445,768,1
6440,768,278,5093,127704,768,1
6441,768,278,5055,127278,768,1
6442,768,278,5111,127870,768,1
6443,768,278,5055,127537,768,1
6444,768,278,5055,127500,768,1
6445,768,277,5056,127870,768,1
6446,768,278,5111,127648,768,1
6447,768,259,5112,127260,768,1
6448,768,278,5222,127908,768,1
6449,768,278,5111,127574,768,1
6450,768,278,5037,127518,768,1
6451,768,278,5074,127833,768,1
6452,768,278,5055,128055,768,1
6453,768,278,5037,128907,768,1
6454,768,278,5055,127722,768,1
6455,768,278,5093,127703,768,1
6456,768,277,6223,128834,768,1
6457,768,278,5074,127389,768,1
6458,768,278,5074,127407,768,1
6459,768,277,5056,127593,768,1
6460,768,278,5037,127555,768,1
6461,768,278,5093,127833,768,1
6462,768,278,5111,127574,768,1
6463,768,278,5056,127574,768,1
6464,768,278,5204,127166,768,1
6465,768,277,5260,127630,768,1
6466,768,278,5037,127500,768,1
6467,768,278,5074,127926,768,1
6468,768,278,5037,127649,768,1
6469,768,278,5055,127649,768,1
6470,768,278,5056,128370,768,1
6471,768,278,5074,127889,768,1
6472,768,278,5037,127537,768,1
6473,768,278,5092,127630,768,1
6474,768,278,5148,127833,768,1
6475,768,278,5019,127667,768,1
6476,768,278,5037,127371,768,1
6477,768,278,5074,127981,768,1
6478,768,278,5056,127518,768,1
6479,768,277,5074,127870,768,1
6480,768,278,5204,127426,768,1
6481,768,278,5093,127296,768,1
6482,768,278,5130,127833,768,1
6483,768,277,5111,127815,768,1
6484,768,278,5093,127407,768,1
6485,768,278,5074,127741,768,1
6486,768,278,5056,127648,768,1
6487,768,278,5092,128204,768,1
6488,768,278,5056,127611,768,1
6489,768,278,5037,127629,768,1
6490,768,277,5056,127352,768,1
6491,768,278,5056,127426,768,1
6492,768,278,5055,127667,768,1
6493,768,278,5056,127667,768,1
6494,768,278,5074,127741,768,1
6495,768,278,5019,127630,768,1
6496,768,278,5240,128000,768,1
6497,768,278,5055,127629,768,1
6498,768,278,5055,127259,768,1
6499,768,278,5092,127092,768,1
6500,768,278,5037,127389,768,1
6501,768,278,5074,128111,768,1
6502,768,278,5055,127593,768,1
6503,768,278,5056,127370,768,1
6504,768,278,5037,128111,768,1
6505,768,278,5037,127686,768,1
6506,768,278,5111,127704,768,1
6507,768,278,5074,127592,768,1
6508,768,278,5852,133444,768,1
6509,768,297,8741,133000,768,1
6510,768,278,5500,128704,768,1
6511,768,278,5297,127889,768,1
6512,768,277,5352,127889,768,1
6513,768,278,5167,127352,768,1
6514,768,278,5130,128037,768,1
6515,768,278,5148,127649,768,1
6516,768,296,5130,127593,768,1
6517,768,278,5185,127814,768,1
6518,768,278,5296,128352,768,1
6519,768,278,5185,127555,768,1
6520,768,277,5093,127593,768,1
6521,768,278,5185,129000,768,1
6522,768,278,5241,127870,768,1
6523,768,278,5204,127796,768,1
6524,768,277,5148,127815,768,1
6525,768,277,5130,127537,768,1
6526,768,278,5037,127703,768,1
6527,768,278,5130,127723,768,1
6528,768,278,5185,127648,768,1
6529,768,278,5370,127759,768,1
6530,768,278,5055,127630,768,1
6531,768,278,5185,127778,768,1
6532,768,278,5185,127612,768,1
6533,768,278,5111,127629,768,1
6534,768,277,5038,128130,768,1
6535,768,277,5093,127408,768,1
6536,768,278,5129,127463,768,1
6537,768,278,5092,127945,768,1
6538,768,278,5148,128629,768,1
6539,768,278,5111,128055,768,1
6540,768,278,5148,127759,768,1
6541,768,278,5204,128056,768,1
6542,768,278,5166,128075,768,1
6543,768,278,5111,127686,768,1
6544,768,278,5296,128093,768,1
6545,768,278,5148,127500,768,1
6546,768,278,5092,127760,768,1
6547,768,278,5092,127982,768,1
6548,768,278,5074,127926,768,1
6549,768,278,5297,127611,768,1
6550,768,278,5074,127908,768,1
6551,768,277,5185,127888,768,1
6552,768,277,5130,127871,768,1
6553,768,278,5074,127426,768,1
6554,768,278,5111,127704,768,1
6555,768,277,5056,128389,768,1
6556,768,259,5148,127833,768,1
6557,768,278,5278,128037,768,1
6558,768,278,5130,127833,768,1
6559,768,278,5111,128167,768,1
6560,768,277,5315,127834,768,1
6561,768,278,5130,127796,768,1
6562,768,278,5111,127907,768,1
6563,768,278,5074,127945,768,1
6564,768,296,5093,127778,768,1
6565,768,278,5093,128018,768,1
6566,768,277,5130,127797,768,1
6567,768,259,5074,128092,768,1
6568,768,259,5056,127426,768,1
6569,768,278,5092,127574,768,1
6570,768,277,5130,127685,768,1
6571,768,278,5093,127759,768,1
6572,768,277,5075,128315,768,1
6573,768,278,5074,128241,768,1
6574,768,278,5037,127741,768,1
6575,768,278,5167,128259,768,1
6576,768,278,5296,127833,768,1
6577,768,278,5093,127759,768,1
6578,768,278,5018,127611,768,1
6579,768,278,5074,128260,768,1
6580,768,278,5148,127759,768,1
6581,768,278,5055,127444,768,1
6582,768,259,5093,127907,768,1
6583,768,278,5093,127981,768,1
6584,768,277,5130,127685,768,1
6585,768,277,5112,127815,768,1
6586,768,278,5111,127797,768,1
6587,768,278,5074,128056,768,1
6588,768,278,5185,127500,768,1
6589,768,278,5093,128722,768,1
6590,768,278,5130,127444,768,1
6591,768,278,5130,128463,768,1
6592,768,278,5222,127370,768,1
6593,768,259,5296,127648,768,1
6594,768,277,5093,127166,768,1
6595,768,278,5111,127296,768,1
6596,768,277,5148,127352,768,1
6597,768,278,5093,127537,768,1
6598,768,278,5111,127593,768,1
6599,768,278,5093,128130,768,1
6600,768,278,5148,127741,768,1
6601,768,260,5111,127963,768,1
6602,768,278,5129,127778,768,1
6603,768,278,5092,127278,768,1
6604,768,278,5222,127611,768,1
6605,768,277,5093,127741,768,1
6606,768,278,5092,128500,768,1
6607,768,278,5148,127778,768,1
6608,768,278,5259,127667,768,1
6609,768,297,5129,127648,768,1
6610,768,278,5148,127741,768,1
6611,768,278,5148,127389,768,1
6612,768,278,5222,127519,768,1
6613,768,278,5074,127667,768,1
6614,768,277,5075,127260,768,1
6615,768,278,5092,127463,768,1
6616,768,278,5074,127777,768,1
6617,768,277,5074,127463,768,1
6618,768,278,5092,127352,768,1
6619,768,278,5129,127852,768,1
6620,768,277,5093,127352,768,1
6621,768,277,5093,127482,768,1
6622,768,278,5074,127463,768,1
6623,768,278,5092,128518,768,1
6624,768,277,5223,128519,768,1
6625,768,278,5129,127500,768,1
6626,768,278,5074,127722,768,1
6627,768,277,5111,127482,768,1
6628,768,278,5129,127630,768,1
6629,768,278,5074,127666,768,1
6630,768,277,5075,128129,768,1
6631,768,277,5056,127630,768,1
6632,768,278,5074,127759,768,1
6633,768,277,5074,127833,768,1
6634,768,277,5074,127314,768,1
6635,768,277,5038,127315,768,1
6636,768,278,5074,127241,768,1
6637,768,278,5037,127574,768,1
6638,768,277,5093,127426,768,1
6639,768,278,5111,127500,768,1
6640,768,278,6167,134463,768,1
6641,768,296,9907,135630,768,1
6642,768,278,5963,128982,768,1
6643,768,296,5204,127667,768,1
6644,768,277,5260,127704,768,1
6645,768,278,5167,127889,768,1
6646,768,296,5130,128130,768,1
6647,768,277,5112,127685,768,1
6648,768,277,5149,128185,768,1
6649,768,277,5223,127704,768,1
6650,768,277,5204,127963,768,1
6651,768,278,5111,127833,768,1
6652,768,278,5111,127574,768,1
6653,768,278,5130,127204,768,1
6654,768,278,5240,127852,768,1
6655,768,278,5129,127518,768,1
6656,768,278,5315,128759,768,1
6657,768,278,5333,129444,768,1
6658,768,278,5167,128055,768,1
6659,768,278,5130,127667,768,1
6660,768,278,5111,127667,768,1
6661,768,278,5093,127407,768,1
6662,768,278,5092,127629,768,1
6663,768,278,5093,127704,768,1
6664,768,278,5074,128075,768,1
6665,768,278,5166,127834,768,1
6666,768,278,5092,127649,768,1
6667,768,278,5111,128000,768,1
6668,768,278,5093,127500,768,1
6669,768,297,5074,127315,768,1
6670,768,278,5111,127388,768,1
6671,768,278,5185,127593,768,1
6672,768,278,5296,127888,768,1
6673,768,277,5167,127908,768,1
6674,768,278,5111,128352,768,1
6675,768,278,5074,128037,768,1
6676,768,278,5111,127852,768,1
6677,768,297,5055,127648,768,1
6678,768,278,5074,127500,768,1
6679,768,277,5093,127945,768,1
6680,768,278,5092,127575,768,1
6681,768,278,5055,127667,768,1
6682,768,278,5074,127629,768,1
6683,768,277,5167,128056,768,1
6684,768,278,5074,127796,768,1
6685,768,278,5055,127333,768,1
6686,768,277,5093,127574,768,1
6687,768,277,5148,127482,768,1
6688,768,278,5277,127926,768,1
6689,768,278,5167,127870,768,1
6690,768,277,5056,127981,768,1
6691,768,278,5074,128204,768,1
6692,768,278,5055,127796,768,1
6693,768,278,5056,127612,768,1
6694,768,278,5092,127389,768,1
6695,768,278,5074,127611,768,1
6696,768,278,5092,127241,768,1
6697,768,278,5074,127741,768,1
6698,768,278,5093,127593,768,1
6699,768,278,5056,127667,768,1
6700,768,278,5074,127759,768,1
6701,768,278,5055,127907,768,1
6702,768,278,5074,127555,768,1
6703,768,278,5074,128371,768,1
6704,768,277,5297,127963,768,1
6705,768,278,5074,127759,768,1
6706,768,278,5074,127667,768,1
6707,768,278,5056,127352,768,1
6708,768,259,5056,128167,768,1
6709,768,278,5055,127686,768,1
6710,768,278,5074,127723,768,1
6711,768,278,5093,127574,768,1
6712,768,278,5074,127315,768,1
6713,768,278,5111,127797,768,1
6714,768,278,5111,127611,768,1
6715,768,278,5093,127944,768,1
6716,768,277,5093,127556,768,1
6717,768,278,5111,127500,768,1
6718,768,277,5093,127389,768,1
6719,768,278,5092,127574,768,1
6720,768,278,5259,127740,768,1
6721,768,277,5278,127963,768,1
6722,768,278,5129,127388,768,1
6723,768,278,5093,127852,768,1
6724,768,278,5092,127723,768,1
6725,768,278,5092,128574,768,1
6726,768,277,5093,128111,768,1
6727,768,278,5129,127445,768,1
6728,768,278,5111,127796,768,1
6729,768,278,5130,127518,768,1
6730,768,296,5111,128093,768,1
6731,768,278,5092,127648,768,1
6732,768,278,5092,127704,768,1
6733,768,278,5092,127667,768,1
6734,768,278,5129,128019,768,1
6735,768,277,5278,128056,768,1
6736,768,278,5259,127555,768,1
6737,768,278,5222,127833,768,1
6738,768,278,5241,128019,768,1
6739,768,278,5092,127500,768,1
6740,768,277,5111,127333,768,1
6741,768,277,5074,127703,768,1
6742,768,277,5093,128074,768,1
6743,768,278,5204,127963,768,1
6744,768,278,5093,128055,768,1
6745,768,277,5111,127445,768,1
6746,768,278,5111,127889,768,1
6747,768,278,5111,127759,768,1
6748,768,277,5074,127481,768,1
6749,768,278,5056,127500,768,1
6750,768,278,5074,127314,768,1
6751,768,277,5093,127630,768,1
6752,768,277,5223,127963,768,1
6753,768,278,5074,127389,768,1
6754,768,278,5092,127944,768,1
6755,768,278,5074,127537,768,1
6756,768,278,5055,127203,768,1
6757,768,277,5111,127389,768,1
6758,768,277,5056,127593,768,1
6759,768,278,5055,127963,768,1
6760,768,278,5055,128037,768,1
6761,768,277,5074,127982,768,1
6762,768,278,5111,127445,768,1
6763,768,277,5204,127889,768,1
6764,768,278,5129,127611,768,1
6765,768,278,5167,136574,768,1
6766,768,259,5741,128777,768,1
6767,768,278,5222,127556,768,1
6768,768,278,5222,127796,768,1
6769,768,277,5093,127666,768,1
6770,768,278,5055,127611,768,1
6771,768,277,5111,127944,768,1
6772,768,296,5796,131852,768,1
6773,768,296,8667,133370,768,1
6774,768,278,5704,128611,768,1
6775,768,278,5222,127574,768,1
6776,768,277,5075,128685,768,1
6777,768,278,5259,127981,768,1
6778,768,278,5166,128334,768,1
6779,768,278,5092,127777,768,1
6780,768,277,5074,127408,768,1
6781,768,278,5130,127741,768,1
6782,768,296,5074,127186,768,1
6783,768,278,5111,127389,768,1
6784,768,278,5315,127833,768,1
6785,768,278,5315,127944,768,1
6786,768,278,5092,127871,768,1
6787,768,278,5074,127425,768,1
6788,768,277,5093,127574,768,1
6789,768,277,5093,127315,768,1
6790,768,277,5075,127667,768,1
6791,768,277,5093,127482,768,1
6792,768,260,5074,127815,768,1
6793,768,278,5092,128519,768,1
6794,768,278,5130,127722,768,1
6795,768,278,5167,128185,768,1
6796,768,278,5093,128241,768,1
6797,768,278,5222,128223,768,1
6798,768,278,5111,127278,768,1
6799,768,278,5130,127500,768,1
6800,768,278,5241,127611,768,1
6801,768,278,5074,127444,768,1
6802,768,278,5056,128055,768,1
6803,768,278,5055,127685,768,1
6804,768,278,5018,131907,768,1
6805,768,277,5204,128056,768,1
6806,768,277,5056,127611,768,1
6807,768,278,5037,127296,768,1
6808,768,278,5000,127519,768,1
6809,768,278,5055,127649,768,1
6810,768,278,5018,128500,768,1
6811,768,277,5074,128278,768,1
6812,768,278,5055,127648,768,1
6813,768,278,5203,127555,768,1
6814,768,278,5056,127574,768,1
6815,768,278,5037,127611,768,1
6816,768,278,5222,127389,768,1
6817,768,278,5055,127148,768,1
6818,768,278,5018,127852,768,1
6819,768,278,5055,127760,768,1
6820,768,278,5148,127593,768,1
6821,768,278,5037,127519,768,1
6822,768,278,5018,127555,768,1
6823,768,278,5056,127222,768,1
6824,768,278,5019,126944,768,1
6825,768,278,5018,127148,768,1
6826,768,278,5056,127407,768,1
6827,768,277,5037,129630,768,1
6828,768,277,5334,127963,768,1
6829,768,259,5056,127852,768,1
6830,768,278,5037,127463,768,1
6831,768,277,5075,127556,768,1
6832,768,278,5185,127629,768,1
6833,768,278,5074,127481,768,1
6834,768,259,5037,127685,768,1
6835,768,278,5037,127482,768,1
6836,768,278,5018,127593,768,1
6837,768,278,5019,127537,768,1
6838,768,278,5037,127277,768,1
6839,768,278,5037,127518,768,1
6840,768,278,5037,127334,768,1
6841,768,278,5037,127074,768,1
6842,768,259,5037,127518,768,1
6843,768,277,5019,128352,768,1
6844,768,278,5018,128278,768,1
6845,768,278,5074,127889,768,1
6846,768,278,5037,127963,768,1
6847,768,278,5074,127500,768,1
6848,768,277,5278,127537,768,1
6849,768,278,5222,127945,768,1
6850,768,277,5056,127482,768,1
6851,768,278,5019,127463,768,1
6852,768,277,5038,127648,768,1
6853,768,278,5074,127481,768,1
6854,768,278,5055,127723,768,1
6855,768,278,5037,127186,768,1
6856,768,278,5018,127500,768,1
6857,768,277,5037,127556,768,1
6858,768,278,5055,127259,768,1
6859,768,277,5019,127741,768,1
6860,768,278,5130,128037,768,1
6861,768,278,5056,128667,768,1
6862,768,278,5056,127426,768,1
6863,768,278,5092,127370,768,1
6864,768,278,5240,127723,768,1
6865,768,278,5074,127315,768,1
6866,768,278,5019,127370,768,1
6867,768,278,5018,127297,768,1
6868,768,296,5000,127482,768,1
6869,768,277,5037,127426,768,1
6870,768,278,5037,127426,768,1
6871,768,278,5019,127185,768,1
6872,768,278,5018,127056,768,1
6873,768,278,5055,127371,768,1
6874,768,278,5056,127796,768,1
6875,768,277,5056,127500,768,1
6876,768,278,5074,127463,768,1
6877,768,277,5056,127389,768,1
6878,768,278,5055,128648,768,1
6879,768,278,5056,127741,768,1
6880,768,277,5260,127963,768,1
6881,768,278,5204,127685,768,1
6882,768,278,5240,127741,768,1
6883,768,259,5037,127611,768,1
6884,768,278,5055,127741,768,1
6885,768,278,5037,127593,768,1
6886,768,278,5037,127481,768,1
6887,768,278,5055,127556,768,1
6888,768,278,5037,127444,768,1
6889,768,277,5204,127667,768,1
6890,768,278,5056,127519,768,1
6891,768,278,5111,127685,768,1
6892,768,278,5092,127389,768,1
6893,768,278,5037,127593,768,1
6894,768,278,5037,127278,768,1
6895,768,278,5037,128056,768,1
6896,768,278,5315,128055,768,1
6897,768,259,5074,127759,768,1
6898,768,277,5037,127445,768,1
6899,768,278,5055,127574,768,1
6900,768,259,5055,127185,768,1
6901,768,278,5055,127907,768,1
6902,768,278,5056,127204,768,1
6903,768,278,5055,127889,768,1
6904,768,389,5833,132148,768,1
6905,768,296,8611,133611,768,1
6906,768,278,5722,128093,768,1
6907,768,278,5277,127945,768,1
6908,768,278,5185,127740,768,1
6909,768,278,5092,128223,768,1
6910,768,278,5074,127537,768,1
6911,768,278,5018,127222,768,1
6912,768,277,5278,128556,768,1
6913,768,278,5296,128167,768,1
6914,768,278,5037,128018,768,1
6915,768,278,5018,127481,768,1
6916,768,278,5018,127648,768,1
6917,768,278,5037,127704,768,1
6918,768,278,5037,126981,768,1
6919,768,278,5074,127352,768,1
6920,768,278,5074,127259,768,1
6921,768,278,5185,127907,768,1
6922,768,278,5185,127611,768,1
6923,768,277,5074,127204,768,1
6924,768,277,5074,127537,768,1
6925,768,278,5074,127944,768,1
6926,768,259,5093,127482,768,1
6927,768,278,5167,127296,768,1
6928,768,278,5278,127555,768,1
6929,768,278,5093,129111,768,1
6930,768,278,5222,128000,768,1
6931,768,277,5149,127704,768,1
6932,768,296,5130,127963,768,1
6933,768,278,5056,127500,768,1
6934,768,278,5074,127500,768,1
6935,768,278,5166,127537,768,1
6936,768,277,5038,127630,768,1
6937,768,259,5092,127796,768,1
6938,768,259,5074,127722,768,1
6939,768,278,5074,127556,768,1
6940,768,278,5111,127407,768,1
6941,768,278,5111,128148,768,1
6942,768,278,5111,127666,768,1
6943,768,277,5111,127833,768,1
6944,768,277,5241,127574,768,1
6945,768,277,5074,127852,768,1
6946,768,278,5037,128185,768,1
6947,768,278,5204,127648,768,1
6948,768,278,5074,128000,768,1
6949,768,278,5092,128093,768,1
6950,768,259,5075,127685,768,1
6951,768,278,5111,128000,768,1
6952,768,278,5074,128038,768,1
6953,768,278,5167,127704,768,1
6954,768,278,5074,127723,768,1
6955,768,278,5074,127500,768,1
6956,768,277,5111,127814,768,1
6957,768,277,5056,127537,768,1
6958,768,278,5056,127926,768,1
6959,768,278,5111,127407,768,1
6960,768,278,5259,127834,768,1
6961,768,278,5129,127204,768,1
6962,768,278,5056,127315,768,1
6963,768,278,5074,128129,768,1
6964,768,278,5056,127352,768,1
6965,768,278,5074,127537,768,1
6966,768,278,5074,127907,768,1
6967,768,277,5148,127759,768,1
6968,768,278,5074,127629,768,1
6969,768,278,5056,130926,768,1
6970,768,277,5260,127685,768,1
6971,768,277,5056,128185,768,1
6972,768,278,5055,127278,768,1
6973,768,277,5093,127556,768,1
6974,768,260,5055,127462,768,1
6975,768,277,5093,127389,768,1
6976,768,278,5296,127055,768,1
6977,768,296,5241,127685,768,1
6978,768,277,5075,127389,768,1
6979,768,278,5037,127444,768,1
6980,768,277,5000,128629,768,1
6981,768,278,5111,127907,768,1
6982,768,277,5074,127556,768,1
6983,768,278,5055,128055,768,1
6984,768,278,5240,127852,768,1
6985,768,278,5111,127630,768,1
6986,768,278,5074,127556,768,1
6987,768,278,5074,127018,768,1
6988,768,278,5037,127500,768,1
6989,768,278,5055,127463,768,1
6990,768,277,5037,127519,768,1
6991,768,278,5074,127018,768,1
6992,768,278,5296,127703,768,1
6993,768,278,5093,127389,768,1
6994,768,278,5111,127408,768,1
6995,768,278,5037,127222,768,1
6996,768,278,5074,127518,768,1
6997,768,278,5093,128518,768,1
6998,768,277,5074,127314,768,1
6999,768,296,5056,126926,768,1
7000,768,259,5056,127444,768,1
7001,768,277,5037,127241,768,1
7002,768,277,5074,127111,768,1
7003,768,277,5074,127167,768,1
7004,768,278,5074,127166,768,1
7005,768,278,5055,127222,768,1
7006,768,278,5037,127204,768,1
7007,768,278,5055,127574,768,1
7008,768,278,5203,127481,768,1
7009,768,278,5074,127370,768,1
7010,768,278,5018,127129,768,1
7011,768,277,5056,127093,768,1
7012,768,278,5037,127315,768,1
7013,768,277,5037,126796,768,1
7014,768,278,5000,128019,768,1
7015,768,278,5111,136352,768,1
7016,768,278,5389,127945,768,1
7017,768,278,5129,127834,768,1
7018,768,278,5055,126777,768,1
7019,768,278,5055,127648,768,1
7020,768,278,5055,126963,768,1
7021,768,278,5018,127093,768,1
7022,768,278,5055,127408,768,1
7023,768,278,5074,127593,768,1
7024,768,277,5241,127574,768,1
7025,768,278,5092,127074,768,1
7026,768,278,5037,127407,768,1
7027,768,278,5074,127481,768,1
7028,768,278,5056,127111,768,1
7029,768,277,5056,127296,768,1
7030,768,277,5056,127389,768,1
7031,768,278,5056,129111,768,1
7032,768,277,5075,127389,768,1
7033,768,278,5074,127407,768,1
7034,768,277,5037,127482,768,1
7035,768,278,5055,127667,768,1
7036,768,296,6019,133296,768,1
7037,768,296,8704,133444,768,1
7038,768,278,5722,128297,768,1
7039,768,278,5241,127796,768,1
7040,768,278,5333,127463,768,1
7041,768,278,5259,127723,768,1
7042,768,278,5055,127203,768,1
7043,768,260,5074,127370,768,1
7044,768,277,5056,127741,768,1
7045,768,277,5112,127759,768,1
7046,768,278,5222,127371,768,1
7047,768,278,5166,128222,768,1
7048,768,278,5148,128241,768,1
7049,768,278,5222,127648,768,1
7050,768,278,5093,127333,768,1
7051,768,278,5055,127518,768,1
7052,768,278,5055,127445,768,1
7053,768,277,5093,127537,768,1
7054,768,278,5092,127500,768,1
7055,768,278,5130,128037,768,1
7056,768,277,5297,127537,768,1
7057,768,278,5111,127556,768,1
7058,768,278,5037,127537,768,1
7059,768,278,5092,127444,768,1
7060,768,278,5074,127334,768,1
7061,768,278,5074,127000,768,1
7062,768,278,5074,127315,768,1
7063,768,277,5093,127630,768,1
7064,768,277,5074,127666,768,1
7065,768,278,5074,128426,768,1
7066,768,277,5112,127926,768,1
7067,768,278,5111,127445,768,1
7068,768,277,5075,127259,768,1
7069,768,278,5056,127519,768,1
7070,768,277,5074,127167,768,1
7071,768,297,5074,127537,768,1
7072,768,278,5222,128000,768,1
7073,768,278,5111,127444,768,1
7074,768,278,5074,127112,768,1
7075,768,278,5074,127204,768,1
7076,768,278,5055,127241,768,1
7077,768,278,5130,127555,768,1
7078,768,277,5075,127352,768,1
7079,768,278,5074,127074,768,1
7080,768,277,5075,127500,768,1
7081,768,277,5093,127203,768,1
7082,768,277,5074,128240,768,1
7083,768,278,5092,128000,768,1
7084,768,278,5056,127518,768,1
7085,768,278,5055,127259,768,1
7086,768,277,5056,127352,768,1
7087,768,278,5092,127482,768,1
7088,768,277,5223,127852,768,1
7089,768,278,5111,127148,768,1
7090,768,278,5093,127241,768,1
7091,768,278,5055,126889,768,1
7092,768,278,5092,127538,768,1
7093,768,278,5074,127000,768,1
7094,768,277,5111,127259,768,1
7095,768,278,5167,127500,768,1
7096,768,278,5093,127574,768,1
7097,768,278,5092,126723,768,1
7098,768,278,5056,127055,768,1
7099,768,278,5018,128444,768,1
7100,768,278,5074,127112,768,1
7101,768,278,5056,127555,768,1
7102,768,278,5093,127444,768,1
7103,768,278,5055,127167,768,1
7104,768,278,5222,127723,768,1
7105,768,278,5204,127555,768,1
7106,768,278,5111,127037,768,1
7107,768,277,5037,127482,768,1
7108,768,278,5056,127463,768,1
7109,768,278,5037,127389,768,1
7110,768,278,5018,126704,768,1
7111,768,278,5055,127315,768,1
7112,768,278,5018,127056,768,1
7113,768,277,5056,127611,768,1
7114,768,278,5037,127000,768,1
7115,768,278,5037,127371,768,1
7116,768,277,5037,127241,768,1
7117,768,277,5056,127259,768,1
7118,768,278,5130,127407,768,1
7119,768,278,5055,127408,768,1
7120,768,277,5223,127278,768,1
7121,768,278,5056,127518,768,1
7122,768,278,5018,126888,768,1
7123,768,278,5018,126666,768,1
7124,768,277,5000,127130,768,1
7125,768,277,5019,127240,768,1
7126,768,278,5055,127222,768,1
7127,768,277,5074,127704,768,1
7128,768,278,5018,127240,768,1
7129,768,259,5037,127426,768,1
7130,768,278,5018,127278,768,1
7131,768,278,5074,127204,768,1
7132,768,278,5074,127112,768,1
7133,768,278,5019,128537,768,1
7134,768,278,5037,127444,768,1
7135,768,278,5074,126945,768,1
7136,768,277,5186,127334,768,1
7137,768,278,5056,127518,768,1
7138,768,278,5055,127259,768,1
7139,768,277,5037,127519,768,1
7140,768,278,5074,127296,768,1
7141,768,278,5092,127407,768,1
7142,768,278,5074,127334,768,1
7143,768,278,5037,127630,768,1
7144,768,278,5055,127500,768,1
7145,768,278,5037,128093,768,1
7146,768,278,5055,127351,768,1
7147,768,278,5055,127666,768,1
7148,768,278,5018,127240,768,1
7149,768,278,5055,127463,768,1
7150,768,278,5037,128186,768,1
7151,768,278,5074,127685,768,1
7152,768,278,5222,128167,768,1
7153,768,278,5074,127389,768,1
7154,768,260,5055,127759,768,1
7155,768,278,5037,127648,768,1
7156,768,278,5037,127426,768,1
7157,768,277,5037,127630,768,1
7158,768,259,5055,127222,768,1
7159,768,277,5019,127648,768,1
7160,768,277,5037,127389,768,1
7161,768,277,5056,127556,768,1
7162,768,277,5074,127963,768,1
7163,768,278,5056,127333,768,1
7164,768,278,5055,127240,768,1
7165,768,278,5019,127648,768,1
7166,768,278,5056,127278,768,1
7167,768,259,5056,127907,768,1
7168,768,296,6056,132814,768,1
7169,768,296,9019,133908,768,1
7170,768,296,14204,129686,768,1
7171,768,278,5722,128148,768,1
7172,768,277,5167,127556,768,1
7173,768,278,5129,127500,768,1
7174,768,277,5241,127667,768,1
7175,768,277,5112,127371,768,1
7176,768,278,5092,127611,768,1
7177,768,277,5093,127426,768,1
7178,768,278,5111,127537,768,1
7179,768,277,5149,127908,768,1
7180,768,259,5148,127352,768,1
7181,768,278,5111,127649,768,1
7182,768,278,5166,127612,768,1
7183,768,278,5129,127463,768,1
7184,768,278,5278,128611,768,1
7185,768,278,5222,127944,768,1
7186,768,277,5074,127982,768,1
7187,768,297,5092,128074,768,1
7188,768,277,5056,127389,768,1
7189,768,278,5093,127741,768,1
7190,768,278,5056,127667,768,1
7191,768,277,5093,127537,768,1
7192,768,277,5111,127574,768,1
7193,768,278,5092,127778,768,1
7194,768,278,5055,128055,768,1
7195,768,296,5093,127407,768,1
7196,768,260,5074,127408,768,1
7197,768,277,5093,127556,768,1
7198,768,278,5074,127555,768,1
7199,768,277,5075,127334,768,1
7200,768,278,5259,127797,768,1
7201,768,278,5092,129408,768,1
7202,768,277,6389,129130,768,1
7203,768,278,5148,128000,768,1
7204,768,278,5055,127148,768,1
7205,768,277,5075,127537,768,1
7206,768,278,5093,127685,768,1
7207,768,278,5055,127463,768,1
7208,768,278,5074,127463,768,1
7209,768,278,5074,127870,768,1
7210,768,296,5037,127944,768,1
7211,768,277,5093,127815,768,1
7212,768,278,5056,127704,768,1
7213,768,278,5093,127352,768,1
7214,768,278,5037,127426,768,1
7215,768,277,5056,127408,768,1
7216,768,278,5185,127334,768,1
7217,768,278,5074,127334,768,1
7218,768,278,5037,128130,768,1
7219,768,278,5074,127796,768,1
7220,768,278,5019,127834,768,1
7221,768,278,5018,127019,768,1
7222,768,278,5055,127389,768,1
7223,768,278,5074,127723,768,1
7224,768,278,5074,127408,768,1
7225,768,278,5037,127370,768,1
7226,768,278,5204,128092,768,1
7227,768,278,5055,127629,768,1
7228,768,277,5056,127759,768,1
7229,768,277,5056,127333,768,1
7230,768,277,5038,128000,768,1
7231,768,278,5055,127833,768,1
7232,768,259,5260,127963,768,1
7233,768,278,5296,127629,768,1
7234,768,277,5056,127611,768,1
7235,768,277,5056,128982,768,1
7236,768,278,5074,127592,768,1
7237,768,277,5056,127445,768,1
7238,768,278,5055,127612,768,1
7239,768,278,5056,127315,768,1
7240,768,259,5056,127648,768,1
7241,768,296,5037,127593,768,1
7242,768,278,5037,127518,768,1
7243,768,296,5074,127482,768,1
7244,768,278,5056,127629,768,1
7245,768,278,5037,127629,768,1
7246,768,278,5056,127407,768,1
7247,768,277,5093,127630,768,1
7248,768,259,5297,127815,768,1
7249,768,277,5130,127630,768,1
7250,768,278,5092,127481,768,1
7251,768,278,5056,127611,768,1
7252,768,278,5074,128240,768,1
7253,768,277,5112,127315,768,1
7254,768,259,5204,128018,768,1
7255,768,277,5074,127482,768,1
7256,768,278,5092,127482,768,1
7257,768,278,5092,127685,768,1
7258,768,277,5056,127518,768,1
7259,768,278,5093,127945,768,1
7260,768,278,5055,127333,768,1
7261,768,277,5056,127556,768,1
7262,768,278,5074,127407,768,1
7263,768,277,5075,127667,768,1
7264,768,278,5278,127463,768,1
7265,768,259,5111,127611,768,1
7266,768,278,5037,127389,768,1
7267,768,278,5056,127278,768,1
7268,768,278,5055,127575,768,1
7269,768,278,5055,128537,768,1
7270,768,277,5167,127870,768,1
7271,768,278,5093,127852,768,1
7272,768,278,5092,127649,768,1
7273,768,278,5129,127537,768,1
7274,768,277,5111,127519,768,1
7275,768,297,5055,127537,768,1
7276,768,277,5075,128037,768,1
7277,768,278,5111,127425,768,1
7278,768,278,5056,127611,768,1
7279,768,277,5074,127685,768,1
7280,768,277,5223,127278,768,1
7281,768,277,5000,127408,768,1
7282,768,278,5074,127500,768,1
7283,768,277,5056,127278,768,1
7284,768,278,5074,127796,768,1
7285,768,277,5056,127722,768,1
7286,768,259,5055,128574,768,1
7287,768,278,5092,127814,768,1
7288,768,277,5056,127463,768,1
7289,768,278,5093,127500,768,1
7290,768,278,5092,127685,768,1
7291,768,278,5092,127481,768,1
7292,768,278,5056,128204,768,1
7293,768,278,5056,127648,768,1
7294,768,278,5037,127481,768,1
7295,768,278,5129,127759,768,1
7296,768,278,5222,128092,768,1
7297,768,278,5259,127630,768,1
7298,768,278,5056,127685,768,1
7299,768,277,5075,127778,768,1
7300,768,296,5852,133297,768,1
7301,768,314,9278,133926,768,1
7302,768,278,5666,128556,768,1
7303,768,278,5167,128537,768,1
7304,768,277,5167,127815,768,1
7305,768,278,5241,127907,768,1
7306,768,278,5185,127630,768,1
7307,768,278,5166,127537,768,1
7308,768,277,5130,128241,768,1
7309,768,278,5148,127481,768,1
7310,768,297,5129,128074,768,1
7311,768,278,5130,127648,768,1
7312,768,278,5259,127870,768,1
7313,768,278,5222,128000,768,1
7314,768,277,5075,127592,768,1
7315,768,277,5074,128000,768,1
7316,768,278,5056,128055,768,1
7317,768,277,5093,127334,768,1
7318,768,296,5185,127797,768,1
7319,768,260,5203,128167,768,1
7320,768,278,5093,128463,768,1
7321,768,278,5148,128240,768,1
7322,768,277,5093,127704,768,1
7323,768,278,5092,127629,768,1
7324,768,278,5111,127667,768,1
7325,768,278,5129,127889,768,1
7326,768,277,5278,127852,768,1
7327,768,278,5111,127611,768,1
7328,768,278,5296,127703,768,1
7329,768,278,5092,127685,768,1
7330,768,278,5093,127556,768,1
7331,768,278,5092,127649,768,1
7332,768,297,5111,128166,768,1
7333,768,277,5093,127630,768,1
7334,768,278,5092,127574,768,1
7335,768,278,5092,127686,768,1
7336,768,278,5111,127686,768,1
7337,768,278,5092,128982,768,1
7338,768,277,5130,127648,768,1
7339,768,278,5111,127648,768,1
7340,768,278,5111,128167,768,1
7341,768,278,5092,127945,768,1
7342,768,278,5185,127574,768,1
7343,768,278,5222,127925,768,1
7344,768,277,5297,127908,768,1
7345,768,278,5185,127537,768,1
7346,768,277,5112,127482,768,1
7347,768,278,5092,128186,768,1
7348,768,278,5055,127334,768,1
7349,768,278,5092,127944,768,1
7350,768,278,5093,127611,768,1
7351,768,278,5092,127704,768,1
7352,768,278,5111,127314,768,1
7353,768,277,5130,127852,768,1
7354,768,278,5129,128296,768,1
7355,768,278,5093,127945,768,1
7356,768,278,5129,127926,768,1
7357,768,278,5148,128037,768,1
7358,768,278,5204,127833,768,1
7359,768,278,5167,127759,768,1
7360,768,277,5297,128056,768,1
7361,768,278,5370,127870,768,1
7362,768,278,5130,127667,768,1
7363,768,278,5111,127426,768,1
7364,768,278,5092,127686,768,1
7365,768,278,5111,127352,768,1
7366,768,278,5129,127686,768,1
7367,768,278,5166,127611,768,1
7368,768,278,5167,127537,768,1
7369,768,278,5166,127833,768,1
7370,768,277,5130,127741,768,1
7371,768,278,5093,128167,768,1
7372,768,278,5167,127722,768,1
7373,768,278,5129,127981,768,1
7374,768,278,5111,127833,768,1
7375,768,278,5148,127519,768,1
7376,768,278,5352,128093,768,1
7377,768,277,5112,127908,768,1
7378,768,278,5185,127741,768,1
7379,768,278,5148,127611,768,1
7380,768,277,5112,127648,768,1
7381,768,278,5093,127315,768,1
7382,768,278,5092,128074,768,1
7383,768,277,5093,127722,768,1
7384,768,278,5092,127333,768,1
7385,768,278,5093,127759,768,1
7386,768,277,5130,127630,768,1
7387,768,278,5111,128203,768,1
7388,768,278,5111,127629,768,1
7389,768,278,5092,127148,768,1
7390,768,278,5037,127223,768,1
7391,768,278,5055,126834,768,1
7392,768,278,5241,127019,768,1
7393,768,278,5056,126648,768,1
7394,768,277,5000,126852,768,1
7395,768,277,5056,126871,768,1
7396,768,278,5130,126667,768,1
7397,768,278,5037,126482,768,1
7398,768,296,5037,127259,768,1
7399,768,278,5055,126814,768,1
7400,768,278,5000,127222,768,1
7401,768,278,5037,126685,768,1
7402,768,278,5019,126796,768,1
7403,768,259,5019,126759,768,1
7404,768,278,5037,126944,768,1
7405,768,277,4963,127704,768,1
7406,768,277,5112,127667,768,1
7407,768,277,5037,127259,768,1
7408,768,277,5223,126630,768,1
7409,768,278,5037,126630,768,1
7410,768,278,5093,127000,768,1
7411,768,278,5037,126648,768,1
7412,768,277,5056,126925,768,1
7413,768,278,5148,126889,768,1
7414,768,278,5037,127204,768,1
7415,768,278,5055,126778,768,1
7416,768,278,5055,126444,768,1
7417,768,278,5055,126833,768,1
7418,768,277,5037,127074,768,1
7419,768,278,16389,129519,768,1
7420,768,297,5814,128667,768,1
7421,768,278,5129,127315,768,1
7422,768,278,5093,128296,768,1
7423,768,278,5111,127740,768,1
7424,768,278,5297,127907,768,1
7425,768,278,5296,127537,768,1
7426,768,278,5092,127833,768,1
7427,768,278,5055,127000,768,1
7428,768,278,5130,127445,768,1
7429,768,278,5092,127185,768,1
7430,768,278,5092,127092,768,1
7431,768,278,5185,127574,768,1
7432,768,278,5130,127370,768,1
7433,768,278,5556,131852,768,1
7434,768,297,8500,133519,768,1
7435,768,278,5833,128889,768,1
7436,768,278,5203,127334,768,1
7437,768,277,5111,127759,768,1
7438,768,277,5093,127407,768,1
7439,768,297,5092,129222,768,1
7440,768,278,5407,128185,768,1
7441,768,259,5278,127741,768,1
7442,768,259,5093,127370,768,1
7443,768,278,5093,127759,768,1
7444,768,278,5074,127334,768,1
7445,768,278,5129,127648,768,1
7446,768,278,5055,127260,768,1
7447,768,278,5129,127851,768,1
7448,768,278,5185,127592,768,1
7449,768,278,5093,128796,768,1
7450,768,278,5407,127481,768,1
7451,768,278,5093,127778,768,1
7452,768,278,5055,127408,768,1
7453,768,259,5074,127277,768,1
7454,768,277,5112,127111,768,1
7455,768,277,5093,127611,768,1
7456,768,278,5259,128149,768,1
7457,768,260,5148,127611,768,1
7458,768,278,5074,127463,768,1
7459,768,278,5111,127407,768,1
7460,768,278,5093,127166,768,1
7461,768,259,5093,127259,768,1
7462,768,296,5093,127630,768,1
7463,768,278,5148,127814,768,1
7464,768,259,5130,127574,768,1
7465,768,278,5111,127222,768,1
7466,768,278,5074,127314,768,1
7467,768,277,5074,127426,768,1
7468,768,278,5074,127944,768,1
7469,768,278,5111,127148,768,1
7470,768,278,5093,127574,768,1
7471,768,278,5093,127519,768,1
7472,768,277,5241,127537,768,1
7473,768,278,5056,128426,768,1
7474,768,277,5130,127704,768,1
7475,768,278,5111,127240,768,1
7476,768,277,5074,127426,768,1
7477,768,278,5130,127518,768,1
7478,768,277,5093,127741,768,1
7479,768,278,5092,127759,768,1
7480,768,277,5074,128000,768,1
7481,768,278,5111,127537,768,1
7482,768,277,5130,127685,768,1
7483,768,277,5093,127334,768,1
7484,768,278,5111,127037,768,1
7485,768,277,5074,127371,768,1
7486,768,278,5074,127667,768,1
7487,768,259,5074,127296,768,1
7488,768,278,5241,127981,768,1
7489,768,278,5296,127759,768,1
7490,768,277,5130,128148,768,1
7491,768,278,5111,127666,768,1
7492,768,297,5111,127278,768,1
7493,768,278,5074,127426,768,1
7494,768,278,5056,127500,768,1
7495,768,278,5074,127611,768,1
7496,768,278,5185,127852,768,1
7497,768,278,5093,127296,768,1
7498,768,277,5056,126815,768,1
7499,768,278,5074,127518,768,1
7500,768,278,5056,127130,768,1
7501,768,278,5056,127093,768,1
7502,768,278,5093,127315,768,1
7503,768,278,5092,127167,768,1
7504,768,278,5240,128223,768,1
7505,768,278,5185,127629,768,1
7506,768,277,5056,127130,768,1
7507,768,259,5167,127777,768,1
7508,768,277,5093,127537,768,1
7509,768,278,5093,127556,768,1
7510,768,278,5055,127370,768,1
7511,768,278,5093,127333,768,1
7512,768,277,5093,128019,768,1
7513,768,278,5129,127593,768,1
7514,768,278,5037,127408,768,1
7515,768,278,5148,127704,768,1
7516,768,278,5093,127222,768,1
7517,768,296,5093,127408,768,1
7518,768,278,5129,127518,768,1
7519,768,278,5130,127704,768,1
7520,768,278,5241,127944,768,1
7521,768,278,5129,127537,768,1
7522,768,278,5074,127334,768,1
7523,768,278,5074,127425,768,1
7524,768,277,5075,127963,768,1
7525,768,278,5074,127649,768,1
7526,768,278,5074,127278,768,1
7527,768,278,5092,127222,768,1
7528,768,278,5074,126852,768,1
7529,768,277,5093,127833,768,1
7530,768,278,5130,127685,768,1
7531,768,278,5055,128000,768,1
7532,768,278,5074,127555,768,1
7533,768,277,5038,127667,768,1
7534,768,259,5074,127019,768,1
7535,768,278,5111,127500,768,1
7536,768,277,5204,127741,768,1
7537,768,278,5130,127759,768,1
7538,768,296,5056,127056,768,1
7539,768,278,5074,127444,768,1
7540,768,278,5074,127296,768,1
7541,768,278,5074,128518,768,1
7542,768,277,5093,127797,768,1
7543,768,278,5093,127407,768,1
7544,768,278,5148,127445,768,1
7545,768,278,5111,127648,768,1
7546,768,278,5129,127556,768,1
7547,768,278,5167,127648,768,1
7548,768,278,5111,127481,768,1
7549,768,277,5093,127445,768,1
7550,768,278,5092,127148,768,1
7551,768,278,5074,127241,768,1
7552,768,278,5259,127722,768,1
7553,768,278,5296,127723,768,1
7554,768,278,5056,127518,768,1
7555,768,259,5056,127222,768,1
7556,768,277,5074,127056,768,1
7557,768,278,5037,127445,768,1
7558,768,278,5074,128111,768,1
7559,768,278,5092,127425,768,1
7560,768,277,5075,127519,768,1
7561,768,278,5055,127870,768,1
7562,768,278,5093,127518,768,1
7563,768,278,5074,127370,768,1
7564,768,259,5074,127314,768,1
7565,768,296,6037,132722,768,1
7566,768,315,8870,133574,768,1
7567,768,277,5815,128222,768,1
7568,768,278,5370,127907,768,1
7569,768,278,5166,127851,768,1
7570,768,277,5149,127667,768,1
7571,768,259,5148,127481,768,1
7572,768,278,5278,127500,768,1
7573,768,278,5130,127926,768,1
7574,768,278,5130,127963,768,1
7575,768,277,5186,128592,768,1
7576,768,278,5185,127851,768,1
7577,768,296,5167,127759,768,1
7578,768,277,5130,127871,768,1
7579,768,278,5148,127852,768,1
7580,768,278,5111,127389,768,1
7581,768,278,5130,127500,768,1
7582,768,278,5074,127500,768,1
7583,768,278,5130,127611,768,1
7584,768,278,5278,127574,768,1
7585,768,278,5111,127666,768,1
7586,768,278,5092,127556,768,1
7587,768,297,5074,127407,768,1
7588,768,278,5093,127704,768,1
7589,768,278,5111,127352,768,1
7590,768,277,5093,127019,768,1
7591,768,278,5129,127704,768,1
7592,768,278,5074,128278,768,1
7593,768,259,5130,127444,768,1
7594,768,277,5111,127778,768,1
7595,768,278,5092,127648,768,1
7596,768,278,5074,127667,768,1
7597,768,278,5074,127370,768,1
7598,768,296,5186,127629,768,1
7599,768,277,5093,127648,768,1
7600,768,278,5241,127481,768,1
7601,768,278,5111,127537,768,1
7602,768,277,5111,127945,768,1
7603,768,278,5111,127186,768,1
7604,768,278,5092,127519,768,1
7605,768,278,5092,127629,768,1
7606,768,260,5240,127445,768,1
7607,768,278,5130,127574,768,1
7608,768,277,5093,127759,768,1
7609,768,277,5093,128500,768,1
7610,768,260,5185,128186,768,1
7611,768,278,5129,127778,768,1
7612,768,278,5092,127629,768,1
7613,768,277,5241,127666,768,1
7614,768,277,5093,127074,768,1
7615,768,278,5074,127518,768,1
7616,768,278,5241,127537,768,1
7617,768,278,5296,127685,768,1
7618,768,278,5092,127574,768,1
7619,768,278,5111,127852,768,1
7620,768,278,5074,127463,768,1
7621,768,278,5111,127592,768,1
7622,768,277,5056,127019,768,1
7623,768,278,5055,127241,768,1
7624,768,278,5111,127112,768,1
7625,768,278,5074,127463,768,1
7626,768,277,5111,128204,768,1
7627,768,278,5148,127704,768,1
7628,768,278,5111,127666,768,1
7629,768,278,5093,127518,768,1
7630,768,259,5093,127481,768,1
7631,768,278,5093,127352,768,1
7632,768,277,5260,127111,768,1
7633,768,278,5148,127444,768,1
7634,768,277,5075,127167,768,1
7635,768,277,5074,127482,768,1
7636,768,278,5092,127982,768,1
7637,768,278,5167,127703,768,1
7638,768,278,5092,127648,768,1
7639,768,278,5129,127407,768,1
7640,768,278,5093,127685,768,1
7641,768,278,5130,127444,768,1
7642,768,278,5129,127593,768,1
7643,768,278,5111,128481,768,1
7644,768,278,5093,127463,768,1
7645,768,278,5093,127463,768,1
7646,768,278,5093,127130,768,1
7647,768,296,5074,127260,768,1
7648,768,278,5259,127556,768,1
7649,768,278,5111,127260,768,1
7650,768,278,5111,127389,768,1
7651,768,278,5093,127575,768,1
7652,768,278,5129,127686,768,1
7653,768,278,5129,128037,768,1
7654,768,277,5130,127685,768,1
7655,768,278,5092,127000,768,1
7656,768,278,5129,127278,768,1
7657,768,297,5111,127426,768,1
7658,768,278,5092,127500,768,1
7659,768,278,5111,128055,768,1
7660,768,278,5111,128352,768,1
7661,768,278,5111,127333,768,1
7662,768,278,5093,127278,768,1
7663,768,278,5129,127666,768,1
7664,768,278,5296,127889,768,1
7665,768,278,5148,127796,768,1
7666,768,277,5093,127018,768,1
7667,768,278,5093,128389,768,1
7668,768,277,5167,127445,768,1
7669,768,278,5111,127481,768,1
7670,768,277,5074,127667,768,1
7671,768,278,5222,127426,768,1
7672,768,278,5111,126982,768,1
7673,768,278,5111,127426,768,1
7674,768,277,5093,127389,768,1
7675,768,278,5074,127723,768,1
7676,768,278,5111,127204,768,1
7677,768,278,5111,128204,768,1
7678,768,278,5111,127334,768,1
7679,768,278,5129,127593,768,1
7680,768,278,5222,127537,768,1
7681,768,277,5260,127648,768,1
7682,768,278,5093,127518,768,1
7683,768,278,5111,127370,768,1
7684,768,278,5092,127334,768,1
7685,768,278,5111,127241,768,1
7686,768,278,5092,127648,768,1
7687,768,278,5129,127463,768,1
7688,768,296,5093,127463,768,1
7689,768,278,5148,127686,768,1
7690,768,278,5166,127389,768,1
7691,768,277,5093,127351,768,1
7692,768,277,5074,127741,768,1
7693,768,277,5112,127574,768,1
7694,768,278,5093,128389,768,1
7695,768,278,5185,127908,768,1
7696,768,278,5296,127723,768,1
7697,768,277,5704,132889,768,1
7698,768,296,10945,135963,768,1
7699,768,277,6037,128408,768,1
7700,768,278,5278,128167,768,1
7701,768,278,5167,127537,768,1
7702,768,277,5112,127130,768,1
7703,768,278,5129,127314,768,1
7704,768,278,5092,127130,768,1
7705,768,278,5111,127129,768,1
7706,768,277,5167,184704,768,1
7707,768,297,13388,139796,768,1
7708,768,296,5815,128888,768,1
7709,768,278,5167,127629,768,1
7710,768,277,5112,127889,768,1
7711,768,278,5111,128204,768,1
7712,768,260,5351,127963,768,1
7713,768,278,5185,127611,768,1
7714,768,278,5074,127592,768,1
7715,768,278,5111,127444,768,1
7716,768,278,5074,127371,768,1
7717,768,278,5222,127741,768,1
7718,768,278,5093,127500,768,1
7719,768,278,5093,127574,768,1
7720,768,277,5093,127611,768,1
7721,768,278,5111,127593,768,1
7722,768,278,5056,127186,768,1
7723,768,278,5092,127741,768,1
7724,768,260,5111,128278,768,1
7725,768,278,5111,128112,768,1
7726,768,278,5074,127352,768,1
7727,768,278,5074,127593,768,1
7728,768,278,5241,128333,768,1
7729,768,278,5129,127926,768,1
7730,768,259,5204,127870,768,1
7731,768,278,5055,127723,768,1
7732,768,278,5056,128092,768,1
7733,768,277,5056,127722,768,1
7734,768,278,5037,127500,768,1
7735,768,278,5056,127667,768,1
7736,768,278,5129,127352,768,1
7737,768,277,5130,127667,768,1
7738,768,277,5093,127222,768,1
7739,768,278,5093,127666,768,1
7740,768,278,5055,127852,768,1
7741,768,278,5092,127630,768,1
7742,768,278,5093,127592,768,1
7743,768,277,5056,127611,768,1
7744,768,278,5203,127463,768,1
7745,768,277,5260,128703,768,1
7746,768,278,5259,127537,768,1
7747,768,277,5074,127592,768,1
7748,768,297,5018,127574,768,1
7749,768,278,5037,127000,768,1
7750,768,278,5166,127389,768,1
7751,768,277,5019,127481,768,1
7752,768,278,5093,127333,768,1
7753,768,277,5056,127056,768,1
7754,768,278,5055,127297,768,1
7755,768,278,5074,127351,768,1
7756,768,277,5093,127426,768,1
7757,768,278,5037,127185,768,1
7758,768,278,5056,127092,768,1
7759,768,278,5055,127333,768,1
7760,768,278,5203,127704,768,1
7761,768,278,5166,127278,768,1
7762,768,278,5037,127592,768,1
7763,768,277,5130,127556,768,1
7764,768,278,5092,127611,768,1
7765,768,278,5037,127130,768,1
7766,768,278,5074,127148,768,1
7767,768,278,5037,127148,768,1
7768,768,277,5093,126889,768,1
7769,768,278,5056,126963,768,1
7770,768,277,5056,127352,768,1
7771,768,278,5037,127186,768,1
7772,768,278,5074,127204,768,1
7773,768,278,5018,127444,768,1
7774,768,278,5092,127241,768,1
7775,768,278,5019,126833,768,1
7776,768,278,5222,127667,768,1
7777,768,278,5092,127370,768,1
7778,768,277,5038,127278,768,1
7779,768,278,5037,127611,768,1
7780,768,277,5056,127241,768,1
7781,768,278,5074,127703,768,1
7782,768,278,5074,127185,768,1
7783,768,278,5055,127389,768,1
7784,768,278,5056,127555,768,1
7785,768,277,5056,127759,768,1
7786,768,278,5056,127296,768,1
7787,768,259,5074,127389,768,1
7788,768,278,5093,127407,768,1
7789,768,277,5037,127759,768,1
7790,768,278,5093,126963,768,1
7791,768,278,5037,128241,768,1
7792,768,278,5333,127574,768,1
7793,768,278,5093,127296,768,1
7794,768,297,5037,127074,768,1
7795,768,278,5018,127445,768,1
7796,768,277,5056,127963,768,1
7797,768,278,5074,130815,768,1
7798,768,297,5296,127722,768,1
7799,768,278,5203,127482,768,1
7800,768,277,5019,127074,768,1
7801,768,277,5037,127167,768,1
7802,768,277,5056,127204,768,1
7803,768,296,5037,127259,768,1
7804,768,277,5056,127203,768,1
7805,768,278,5037,127907,768,1
7806,768,278,5037,127611,768,1
7807,768,278,5055,127408,768,1
7808,768,278,5222,127723,768,1
7809,768,278,5204,127574,768,1
7810,768,277,5056,127297,768,1
7811,768,278,5019,127166,768,1
7812,768,278,5056,127278,768,1
7813,768,278,5019,128148,768,1
7814,768,277,5093,127593,768,1
7815,768,259,5111,127481,768,1
7816,768,278,5056,127185,768,1
7817,768,278,5037,127241,768,1
7818,768,260,5055,127315,768,1
7819,768,259,5093,127130,768,1
7820,768,278,5055,127334,768,1
7821,768,278,5055,127519,768,1
7822,768,278,5056,128796,768,1
7823,768,278,5277,127500,768,1
7824,768,277,5241,127370,768,1
7825,768,296,5074,127352,768,1
7826,768,278,5093,127315,768,1
7827,768,278,5111,127481,768,1
7828,768,277,5112,127037,768,1
7829,768,278,5574,133055,768,1
7830,768,296,8963,135092,768,1
7831,768,278,5815,128537,768,1
7832,768,277,5278,127685,768,1
7833,768,277,5130,127777,768,1
7834,768,278,5111,127315,768,1
7835,768,278,5130,127278,768,1
7836,768,278,5111,127667,768,1
7837,768,278,5092,127611,768,1
7838,768,278,5093,127777,768,1
7839,768,277,5112,127741,768,1
7840,768,278,5314,128056,768,1
7841,768,278,5111,126851,768,1
7842,768,277,5093,127760,768,1
7843,768,278,5092,127519,768,1
7844,768,278,5074,127351,768,1
7845,768,277,5056,127037,768,1
7846,768,278,5055,127833,768,1
7847,768,277,5111,128315,768,1
7848,768,278,5130,127574,768,1
7849,768,278,5166,127407,768,1
7850,768,278,5093,127426,768,1
7851,768,278,5129,127612,768,1
7852,768,278,5092,127000,768,1
7853,768,296,5111,128518,768,1
7854,768,278,5352,127963,768,1
7855,768,277,5186,127592,768,1
7856,768,278,5241,127685,768,1
7857,768,278,5092,127685,768,1
7858,768,278,5111,127056,768,1
7859,768,278,5130,127611,768,1
7860,768,278,5074,127315,768,1
7861,768,278,5111,127334,768,1
7862,768,278,5092,127834,768,1
7863,768,278,5111,127351,768,1
7864,768,278,5074,127722,768,1
7865,768,277,5093,127408,768,1
7866,768,278,5111,127444,768,1
7867,768,278,5130,127630,768,1
7868,768,278,5074,127630,768,1
7869,768,278,5130,127722,768,1
7870,768,278,5093,127111,768,1
7871,768,278,5093,127370,768,1
7872,768,278,5222,127481,768,1
7873,768,277,5260,128130,768,1
7874,768,278,5093,127926,768,1
7875,768,278,5093,127167,768,1
7876,768,278,5130,127666,768,1
7877,768,277,5074,127296,768,1
7878,768,278,5055,127166,768,1
7879,768,277,5074,127630,768,1
7880,768,278,5055,127278,768,1
7881,768,278,5055,128722,768,1
7882,768,278,5056,127667,768,1
7883,768,278,5093,127444,768,1
7884,768,259,5055,127444,768,1
7885,768,278,5092,127093,768,1
7886,768,278,5111,127666,768,1
7887,768,277,5093,127630,768,1
7888,768,278,5222,127537,768,1
7889,768,278,5092,127519,768,1
7890,768,278,5148,127148,768,1
7891,768,278,5055,127315,768,1
7892,768,278,5074,126889,768,1
7893,768,278,5056,127445,768,1
7894,768,278,5074,126851,768,1
7895,768,277,5093,127741,768,1
7896,768,278,5074,127222,768,1
7897,768,278,5056,127426,768,1
7898,768,278,5074,128167,768,1
7899,768,278,5111,127537,768,1
7900,768,278,5074,127259,768,1
7901,768,278,5074,127574,768,1
7902,768,277,5074,127574,768,1
7903,768,278,5074,127852,768,1
7904,768,277,5204,127926,768,1
7905,768,278,5055,127018,768,1
7906,768,277,5056,127537,768,1
7907,768,278,5093,127481,768,1
7908,768,277,5037,127333,768,1
7909,768,277,5056,127278,768,1
7910,768,278,5037,127592,768,1
7911,768,277,5112,127630,768,1
7912,768,278,5037,127222,768,1
7913,768,278,5037,127518,768,1
7914,768,278,5056,127278,768,1
7915,768,278,5093,128204,768,1
7916,768,278,5074,128537,768,1
7917,768,277,5112,127204,768,1
7918,768,277,5093,127371,768,1
7919,768,278,5129,127574,768,1
7920,768,278,5222,127889,768,1
7921,768,278,5111,127167,768,1
7922,768,277,5093,127167,768,1
7923,768,259,5074,126982,768,1
7924,768,278,5037,127371,768,1
7925,768,296,5055,127259,768,1
7926,768,277,5037,127074,768,1
7927,768,278,5074,127537,768,1
7928,768,277,5056,127741,768,1
7929,768,278,5074,127111,768,1
7930,768,278,5037,127296,768,1
7931,768,277,5075,127240,768,1
7932,768,277,5019,127777,768,1
7933,768,277,5075,127556,768,1
7934,768,277,5074,127703,768,1
7935,768,277,5056,127167,768,1
7936,768,278,5203,127296,768,1
7937,768,277,5241,127778,768,1
7938,768,277,5056,127445,768,1
7939,768,297,5055,127481,768,1
7940,768,277,5037,127537,768,1
7941,768,278,5037,127204,768,1
7942,768,297,5037,127018,768,1
7943,768,277,5074,127370,768,1
7944,768,278,5055,127426,768,1
7945,768,278,5055,127351,768,1
7946,768,277,5019,127796,768,1
7947,768,278,5074,127648,768,1
7948,768,277,6130,128408,768,1
7949,768,278,5055,128426,768,1
7950,768,278,5074,127444,768,1
7951,768,277,5056,127518,768,1
7952,768,260,5222,128000,768,1
7953,768,278,5129,127241,768,1
7954,768,278,5055,127463,768,1
7955,768,278,5074,127593,768,1
7956,768,278,5037,127074,768,1
7957,768,278,5056,127296,768,1
7958,768,278,5074,127130,768,1
7959,768,278,5093,127148,768,1
7960,768,278,5055,127426,768,1
7961,768,278,5630,132111,768,1
7962,768,296,9204,134574,768,1
7963,768,278,5796,128222,768,1
7964,768,278,5185,127703,768,1
7965,768,277,5297,128352,768,1
7966,768,278,5092,128481,768,1
7967,768,277,5241,127741,768,1
7968,768,277,5297,128574,768,1
7969,768,278,5129,127760,768,1
7970,768,260,5166,127388,768,1
7971,768,278,5093,127926,768,1
7972,768,278,5055,127334,768,1
7973,768,278,5074,127407,768,1
7974,768,278,5055,127426,768,1
7975,768,278,5092,127408,768,1
7976,768,278,5092,127944,768,1
7977,768,278,5074,127648,768,1
7978,768,278,5074,127722,768,1
7979,768,277,5204,127574,768,1
7980,768,277,5093,127426,768,1
7981,768,278,5055,127593,768,1
7982,768,259,5074,127148,768,1
7983,768,278,5111,128000,768,1
7984,768,278,5241,127759,768,1
7985,768,278,5166,127593,768,1
7986,768,278,5056,127519,768,1
7987,768,277,5056,127370,768,1
7988,768,278,5037,127537,768,1
7989,768,277,5056,127296,768,1
7990,768,277,5074,127352,768,1
7991,768,278,5148,127611,768,1
7992,768,259,5148,127407,768,1
7993,768,278,5093,128111,768,1
7994,768,278,5037,127352,768,1
7995,768,278,5129,127223,768,1
7996,768,278,5111,127519,768,1
7997,768,296,5019,127203,768,1
7998,768,278,5056,127166,768,1
7999,768,277,5074,127315,768,1
8000,768,278,5185,128389,768,1
8001,768,278,5259,127574,768,1
8002,768,278,5056,127685,768,1
8003,768,278,5093,127037,768,1
8004,768,278,5055,127481,768,1
8005,768,278,5074,127500,768,1
8006,768,278,5055,127518,768,1
8007,768,278,5055,126944,768,1
8008,768,296,5074,127463,768,1
8009,768,278,5074,127575,768,1
8010,768,278,5203,127519,768,1
8011,768,277,5093,127093,768,1
8012,768,260,5074,127278,768,1
8013,768,278,5074,127092,768,1
8014,768,278,5074,126981,768,1
8015,768,296,5093,127426,768,1
8016,768,278,5240,127592,768,1
8017,768,278,5093,128926,768,1
8018,768,278,5204,127463,768,1
8019,768,277,5093,127352,768,1
8020,768,278,5055,127241,768,1
8021,768,278,5074,127555,768,1
8022,768,277,5093,127167,768,1
8023,768,278,5092,127129,768,1
8024,768,278,5074,127148,768,1
8025,768,278,5074,127519,768,1
8026,768,278,5055,127648,768,1
8027,768,278,5093,127315,768,1
8028,768,278,5055,127334,768,1
8029,768,278,5074,127463,768,1
8030,768,277,5149,127518,768,1
8031,768,297,5092,127833,768,1
8032,768,278,5315,127592,768,1
8033,768,278,5074,127500,768,1
8034,768,278,5074,127926,768,1
8035,768,278,5093,127649,768,1
8036,768,278,5074,127463,768,1
8037,768,277,5074,126945,768,1
8038,768,278,5074,127370,768,1
8039,768,278,5074,127129,768,1
8040,768,278,5074,127833,768,1
8041,768,277,5130,127333,768,1
8042,768,296,5074,127482,768,1
8043,768,278,5148,127723,768,1
8044,768,278,5111,127704,768,1
8045,768,278,5018,127075,768,1
8046,768,260,5074,127426,768,1
8047,768,278,5074,127167,768,1
8048,768,278,5333,128000,768,1
8049,768,278,5111,127241,768,1
8050,768,278,5056,127722,768,1
8051,768,278,5074,128018,768,1
8052,768,278,5111,127204,768,1
8053,768,278,5074,127685,768,1
8054,768,278,5074,127352,768,1
8055,768,278,5074,127055,768,1
8056,768,297,5055,127389,768,1
8057,768,277,5074,127166,768,1
8058,768,277,5074,127593,768,1
8059,768,278,5074,127593,768,1
8060,768,278,5056,127500,768,1
8061,768,277,5037,127055,768,1
8062,768,278,5093,127000,768,1
8063,768,278,5074,127259,768,1
8064,768,278,5222,127518,768,1
8065,768,278,5259,127851,768,1
8066,768,277,5074,127445,768,1
8067,768,278,5074,127630,768,1
8068,768,278,5055,127463,768,1
8069,768,278,5074,127463,768,1
8070,768,278,5092,127500,768,1
8071,768,278,5129,128759,768,1
8072,768,259,5204,127444,768,1
8073,768,278,5092,127370,768,1
8074,768,278,5074,127407,768,1
8075,768,277,5112,127778,768,1
8076,768,278,5056,127166,768,1
8077,768,278,5037,127222,768,1
8078,768,296,5112,127648,768,1
8079,768,296,5093,127129,768,1
8080,768,278,5222,127592,768,1
8081,768,278,5074,127389,768,1
8082,768,278,5055,127240,768,1
8083,768,277,5000,127908,768,1
8084,768,278,5018,127241,768,1
8085,768,278,5056,127778,768,1
8086,768,278,5093,127334,768,1
8087,768,278,5074,127203,768,1
8088,768,278,5056,127074,768,1
8089,768,278,5111,127260,768,1
8090,768,278,5074,127130,768,1
8091,768,278,5092,127870,768,1
8092,768,278,5037,127111,768,1
8093,768,315,5814,133926,768,1
8094,768,297,8629,133296,768,1
8095,768,278,5667,128389,768,1
8096,768,278,5444,127797,768,1
8097,768,278,5204,127852,768,1
8098,768,278,5111,127740,768,1
8099,768,277,5130,128167,768,1
8100,768,278,5148,127574,768,1
8101,768,278,5148,128000,768,1
8102,768,277,5167,130722,768,1
8103,768,278,5426,128389,768,1
8104,768,260,5203,127871,768,1
8105,768,278,5129,128000,768,1
8106,768,277,5149,127611,768,1
8107,768,278,5167,128408,768,1
8108,768,278,5148,127629,768,1
8109,768,277,5130,128167,768,1
8110,768,278,5130,127666,768,1
8111,768,278,5166,127722,768,1
8112,768,278,5278,127777,768,1
8113,768,277,5149,127371,768,1
8114,768,278,5092,127889,768,1
8115,768,278,5130,127907,768,1
8116,768,277,5149,127537,768,1
8117,768,278,5093,127667,768,1
8118,768,278,5092,127778,768,1
8119,768,278,5092,127815,768,1
8120,768,278,5111,127482,768,1
8121,768,278,5129,127611,768,1
8122,768,277,5093,127315,768,1
8123,768,277,5130,127722,768,1
8124,768,277,5112,127500,768,1
8125,768,278,5093,127352,768,1
8126,768,278,5111,127463,768,1
8127,768,278,5111,127574,768,1
8128,768,277,5278,127389,768,1
8129,768,278,5296,127796,768,1
8130,768,278,5130,127407,768,1
8131,768,277,5093,127741,768,1
8132,768,277,5093,127778,768,1
8133,768,278,5093,135426,768,1
8134,768,278,5500,128074,768,1
8135,768,278,5185,127889,768,1
8136,768,278,5204,127963,768,1
8137,768,278,5130,127759,768,1
8138,768,278,5111,127759,768,1
8139,768,278,5111,127815,768,1
8140,768,259,5111,127926,768,1
8141,768,278,5111,127870,768,1
8142,768,259,5130,127500,768,1
8143,768,278,5111,127297,768,1
8144,768,259,5259,127648,768,1
8145,768,278,5129,127630,768,1
8146,768,278,5111,127852,768,1
8147,768,278,5093,127297,768,1
8148,768,278,5111,127740,768,1
8149,768,277,5167,127741,768,1
8150,768,278,5092,127463,768,1
8151,768,278,5111,127463,768,1
8152,768,277,5074,127593,768,1
8153,768,278,5092,128130,768,1
8154,768,278,5092,127519,768,1
8155,768,278,5092,127593,768,1
8156,768,278,5074,127815,768,1
8157,768,277,5111,127685,768,1
8158,768,278,5111,127630,768,1
8159,768,278,5111,127222,768,1
8160,768,278,5240,127723,768,1
8161,768,278,5129,127741,768,1
8162,768,278,5074,127333,768,1
8163,768,278,5093,127352,768,1
8164,768,278,5092,127870,768,1
8165,768,278,5129,127815,768,1
8166,768,278,5111,127686,768,1
8167,768,278,5092,127574,768,1
8168,768,278,5093,127370,768,1
8169,768,278,5056,127352,768,1
8170,768,278,5111,128093,768,1
8171,768,278,5129,127908,768,1
8172,768,278,5148,127537,768,1
8173,768,278,5092,127445,768,1
8174,768,278,5129,127555,768,1
8175,768,278,5130,127852,768,1
8176,768,278,5259,127481,768,1
8177,768,296,5130,127686,768,1
8178,768,278,5111,127574,768,1
8179,768,278,5074,127518,768,1
8180,768,278,5092,127908,768,1
8181,768,278,5111,127333,768,1
8182,768,277,5093,127630,768,1
8183,768,277,5111,127370,768,1
8184,768,278,5111,127685,768,1
8185,768,277,5112,127519,768,1
8186,768,278,5111,127612,768,1
8187,768,278,5092,127870,768,1
8188,768,260,5129,127630,768,1
8189,768,278,5111,127889,768,1
8190,768,277,5111,127648,768,1
8191,768,278,5130,127463,768,1
8192,768,278,5259,127870,768,1
8193,768,278,5296,127482,768,1
8194,768,278,5092,127240,768,1
8195,768,277,5130,127574,768,1
8196,768,278,5093,127278,768,1
8197,768,278,5148,128167,768,1
8198,768,296,5056,127425,768,1
8199,768,277,5112,127537,768,1
8200,768,277,5111,127389,768,1
8201,768,278,5111,127648,768,1
8202,768,278,5111,127796,768,1
8203,768,278,5130,127797,768,1
8204,768,278,5092,128055,768,1
8205,768,277,5111,127815,768,1
8206,768,277,5112,127445,768,1
8207,768,278,5148,127630,768,1
8208,768,278,5259,127519,768,1
8209,768,277,5111,127982,768,1
8210,768,278,5129,127186,768,1
8211,768,296,5074,127611,768,1
8212,768,277,5167,127463,768,1
8213,768,278,5111,128037,768,1
8214,768,277,5130,127982,768,1
8215,768,278,5129,127074,768,1
8216,768,278,5111,127537,768,1
8217,768,296,5111,127500,768,1
8218,768,278,5111,127593,768,1
8219,768,278,5092,127518,768,1
8220,768,277,5093,127296,768,1
8221,768,277,5093,128537,768,1
8222,768,278,5148,127389,768,1
8223,768,278,5129,127629,768,1
8224,768,297,5278,127926,768,1
8225,768,278,5833,132426,768,1
8226,768,297,8666,133407,768,1
8227,768,278,5741,128315,768,1
8228,768,278,5278,127648,768,1
8229,768,278,5185,128129,768,1
8230,768,277,5149,127704,768,1
8231,768,277,5149,127556,768,1
8232,768,278,5130,127593,768,1
8233,768,278,5055,127519,768,1
8234,768,278,5167,127129,768,1
8235,768,277,5185,127593,768,1
8236,768,278,5167,127518,768,1
8237,768,278,5185,127833,768,1
8238,768,278,5185,128741,768,1
8239,768,259,5204,127870,768,1
8240,768,278,5370,127259,768,1
8241,768,277,5185,127407,768,1
8242,768,277,5130,127130,768,1
8243,768,277,5167,127277,768,1
8244,768,277,5130,127130,768,1
8245,768,278,5167,127111,768,1
8246,768,278,5166,127481,768,1
8247,768,278,5148,127574,768,1
8248,768,278,5204,127407,768,1
8249,768,278,5167,127574,768,1
8250,768,277,5130,127593,768,1
8251,768,278,5129,127555,768,1
8252,768,278,5185,127222,768,1
8253,768,260,5166,127426,768,1
8254,768,277,5148,127648,768,1
8255,768,278,5166,128556,768,1
8256,768,278,5314,127704,768,1
8257,768,278,5333,127926,768,1
8258,768,278,5148,127759,768,1
8259,768,278,5222,127852,768,1
8260,768,278,5148,127333,768,1
8261,768,278,5093,127222,768,1
8262,768,296,5130,127500,768,1
8263,768,278,5111,127093,768,1
8264,768,278,5166,127334,768,1
8265,768,259,5019,127519,768,1
8266,768,278,5111,127204,768,1
8267,768,277,5093,127297,768,1
8268,768,278,5111,127223,768,1
8269,768,278,5056,127259,768,1
8270,768,278,5092,127519,768,1
8271,768,278,5129,127574,768,1
8272,768,278,5277,128130,768,1
8273,768,278,5148,127592,768,1
8274,768,277,5149,127260,768,1
8275,768,278,5185,127926,768,1
8276,768,278,5092,127056,768,1
8277,768,278,5074,127518,768,1
8278,768,277,5074,127833,768,1
8279,768,277,5112,127630,768,1
8280,768,277,5093,127537,768,1
8281,768,278,5074,127426,768,1
8282,768,277,5111,127389,768,1
8283,768,278,5093,127296,768,1
8284,768,278,5074,127611,768,1
8285,768,278,5111,127833,768,1
8286,768,278,5093,127833,768,1
8287,768,278,5093,127278,768,1
8288,768,278,5222,127296,768,1
8289,768,277,5130,128093,768,1
8290,768,278,5185,127649,768,1
8291,768,259,5111,127796,768,1
8292,768,278,5074,127130,768,1
8293,768,259,5074,126981,768,1
8294,768,277,5037,127537,768,1
8295,768,278,5092,128019,768,1
8296,768,278,5074,127444,768,1
8297,768,278,5056,127537,768,1
8298,768,278,5074,127092,768,1
8299,768,277,5093,127241,768,1
8300,768,278,5055,127185,768,1
8301,768,277,5056,127389,768,1
8302,768,278,5074,127352,768,1
8303,768,296,5056,127686,768,1
8304,768,278,5185,127444,768,1
8305,768,278,5111,127167,768,1
8306,768,278,5056,128223,768,1
8307,768,278,5074,127500,768,1
8308,768,278,5092,127463,768,1
8309,768,259,5111,127648,768,1
8310,768,278,5074,127537,768,1
8311,768,278,5074,127648,768,1
8312,768,278,5111,127500,768,1
8313,768,278,5093,127555,768,1
8314,768,278,5092,127574,768,1
8315,768,278,5111,127611,768,1
8316,768,278,5111,127815,768,1
8317,768,278,5056,126852,768,1
8318,768,278,5092,127444,768,1
8319,768,278,5056,127537,768,1
8320,768,278,5278,127703,768,1
8321,768,277,5371,127963,768,1
8322,768,278,5093,127963,768,1
8323,768,278,5092,127777,768,1
8324,768,277,5111,127296,768,1
8325,768,277,5093,127111,768,1
8326,768,296,5111,127333,768,1
8327,768,277,5149,127871,768,1
8328,768,278,5148,127704,768,1
8329,768,278,5130,127148,768,1
8330,768,278,5111,127537,768,1
8331,768,278,5130,127778,768,1
8332,768,278,5093,127352,768,1
8333,768,278,5074,127444,768,1
8334,768,278,5074,127537,768,1
8335,768,277,5204,127037,768,1
8336,768,278,5277,127389,768,1
8337,768,277,5167,127408,768,1
8338,768,278,5074,127463,768,1
8339,768,277,5093,127556,768,1
8340,768,278,5130,128389,768,1
8341,768,278,5203,127814,768,1
8342,768,277,5093,127556,768,1
8343,768,278,5130,127259,768,1
8344,768,278,5167,127870,768,1
8345,768,277,5130,127667,768,1
8346,768,278,5111,127259,768,1
8347,768,296,5186,127444,768,1
8348,768,278,5111,127833,768,1
8349,768,278,5074,127759,768,1
8350,768,278,5055,127814,768,1
8351,768,277,5056,128315,768,1
8352,768,278,5296,127926,768,1
8353,768,260,5092,127500,768,1
8354,768,277,5074,127204,768,1
8355,768,278,5055,127629,768,1
8356,768,277,5074,127167,768,1
8357,768,296,5889,133500,768,1
8358,768,315,8500,133000,768,1
8359,768,278,5759,128408,768,1
8360,768,259,5204,128129,768,1
8361,768,277,5093,127278,768,1
8362,768,296,5093,127574,768,1
8363,768,278,5166,127926,768,1
8364,768,277,5112,127685,768,1
8365,768,277,5149,127222,768,1
8366,768,278,5129,127407,768,1
8367,768,278,5074,127593,768,1
8368,768,278,5296,127796,768,1
8369,768,277,5149,127371,768,1
8370,768,278,5074,127834,768,1
8371,768,278,5129,127462,768,1
8372,768,296,5112,127296,768,1
8373,768,278,5148,127630,768,1
8374,768,278,5148,128592,768,1
8375,768,277,5223,127907,768,1
8376,768,278,5130,127278,768,1
8377,768,278,5166,127648,768,1
8378,768,277,5167,127426,768,1
8379,768,278,5092,127112,768,1
8380,768,278,5074,127259,768,1
8381,768,278,5074,127241,768,1
8382,768,296,5093,128149,768,1
8383,768,278,5241,127907,768,1
8384,768,278,5241,128000,768,1
8385,768,278,5277,127592,768,1
8386,768,278,5055,127408,768,1
8387,768,278,5037,127482,768,1
8388,768,278,5018,127241,768,1
8389,768,278,5037,127240,768,1
8390,768,277,5037,127259,768,1
8391,768,259,5037,127814,768,1
8392,768,277,5037,127463,768,1
8393,768,278,5056,127222,768,1
8394,768,259,5056,127296,768,1
8395,768,260,5055,127444,768,1
8396,768,278,5056,127333,768,1
8397,768,278,5037,127352,768,1
8398,768,278,5074,127334,768,1
8399,768,278,5092,127407,768,1
8400,768,278,5241,127352,768,1
8401,768,278,5092,127889,768,1
8402,768,277,5037,127333,768,1
8403,768,277,5037,127371,768,1
8404,768,278,5018,127074,768,1
8405,768,278,5092,127259,768,1
8406,768,278,5074,127370,768,1
8407,768,278,5056,127092,768,1
8408,768,277,5019,128037,768,1
8409,768,278,5037,128203,768,1
8410,768,278,5056,127500,768,1
8411,768,278,5093,127203,768,1
8412,768,277,5019,127389,768,1
8413,768,278,5055,127408,768,1
8414,768,278,16500,142814,768,1
8415,768,297,8277,132649,768,1
8416,768,278,6037,128555,768,1
8417,768,259,5333,128241,768,1
8418,768,278,5240,127575,768,1
8419,768,278,5148,127463,768,1
8420,768,277,5130,127667,768,1
8421,768,277,5130,127222,768,1
8422,768,278,5092,127518,768,1
8423,768,278,5111,127315,768,1
8424,768,278,5111,127315,768,1
8425,768,277,5148,128889,768,1
8426,768,278,5185,128092,768,1
8427,768,278,5130,127519,768,1
8428,768,278,5092,127093,768,1
8429,768,259,5074,127278,768,1
8430,768,278,5130,127593,768,1
8431,768,278,5241,127500,768,1
8432,768,278,5296,127796,768,1
8433,768,277,5297,128000,768,1
8434,768,278,5092,127352,768,1
8435,768,278,5092,127407,768,1
8436,768,278,5093,127500,768,1
8437,768,278,5111,127370,768,1
8438,768,278,5055,127722,768,1
8439,768,277,5093,127148,768,1
8440,768,278,5111,127481,768,1
8441,768,278,5185,127833,768,1
8442,768,278,5092,128649,768,1
8443,768,278,5111,127778,768,1
8444,768,278,5185,132204,768,1
8445,768,278,5519,195926,768,1
8446,768,296,14185,144334,768,1
8447,768,389,9888,143703,768,1
8448,768,315,10537,137407,768,1
8449,768,296,8815,133537,768,1
8450,768,278,5556,128148,768,1
8451,768,278,5222,127852,768,1
8452,768,277,5111,127593,768,1
8453,768,278,5111,127019,768,1
8454,768,278,5056,127444,768,1
8455,768,278,5148,127241,768,1
8456,768,278,5167,127648,768,1
8457,768,278,5092,127538,768,1
8458,768,278,5074,127408,768,1
8459,768,278,5185,129389,768,1
8460,768,278,5148,127852,768,1
8461,768,278,5148,127667,768,1
8462,768,278,5111,128018,768,1
8463,768,277,5260,127593,768,1
8464,768,278,5296,127649,768,1
8465,768,278,5111,128000,768,1
8466,768,278,5055,127315,768,1
8467,768,278,5093,127389,768,1
8468,768,278,5055,127167,768,1
8469,768,278,5056,127222,768,1
8470,768,278,5056,127389,768,1
8471,768,278,5093,127352,768,1
8472,768,278,5148,127555,768,1
8473,768,259,5093,127481,768,1
8474,768,259,5093,127500,768,1
8475,768,278,5074,127611,768,1
8476,768,297,5648,128907,768,1
8477,768,277,5260,127815,768,1
8478,768,277,5075,127722,768,1
8479,768,277,5093,127408,768,1
8480,768,278,5222,127704,768,1
8481,768,278,5093,127944,768,1
8482,768,277,5074,127315,768,1
8483,768,278,5056,127481,768,1
8484,768,278,5055,127315,768,1
8485,768,278,5148,127889,768,1
8486,768,278,5019,127926,768,1
8487,768,278,5055,127629,768,1
8488,768,278,5056,127722,768,1
8489,768,277,5778,134093,768,1
8490,768,296,8871,133649,768,1
8491,768,278,5889,128722,768,1
8492,768,278,5426,128018,768,1
8493,768,278,5259,128963,768,1
8494,768,278,5204,127629,768,1
8495,768,277,5204,128000,768,1
8496,768,278,5259,127963,768,1
8497,768,278,5166,128370,768,1
8498,768,259,5111,127759,768,1
8499,768,278,5130,127278,768,1
8500,768,278,5092,127556,768,1
8501,768,278,5129,127629,768,1
8502,768,278,5130,127556,768,1
8503,768,278,5166,127945,768,1
8504,768,277,5111,127981,768,1
8505,768,278,5185,127778,768,1
8506,768,278,12814,128389,768,1
8507,768,259,5723,128093,768,1
8508,768,277,5204,127852,768,1
8509,768,278,5166,128092,768,1
8510,768,277,5130,129241,768,1
8511,768,278,5259,128037,768,1
8512,768,278,5445,127926,768,1
8513,768,278,5352,127703,768,1
8514,768,296,5185,127945,768,1
8515,768,278,5111,127778,768,1
8516,768,278,5167,127518,768,1
8517,768,278,5093,127500,768,1
8518,768,278,5092,127555,768,1
8519,768,278,5111,127463,768,1
8520,768,278,5111,127481,768,1
8521,768,278,5092,127241,768,1
8522,768,278,5111,128185,768,1
8523,768,278,5130,127629,768,1
8524,768,277,5112,127241,768,1
8525,768,278,5111,127500,768,1
8526,768,278,5130,127685,768,1
8527,768,278,5167,128259,768,1
8528,768,278,5408,127685,768,1
8529,768,278,5148,127518,768,1
8530,768,277,5130,127611,768,1
8531,768,278,5092,127333,768,1
8532,768,277,5038,127056,768,1
8533,768,277,5056,127370,768,1
8534,768,277,5037,127204,768,1
8535,768,278,5055,127630,768,1
8536,768,278,5074,127537,768,1
8537,768,278,5074,128056,768,1
8538,768,278,5111,127333,768,1
8539,768,278,5093,127241,768,1
8540,768,278,5093,127500,768,1
8541,768,278,5074,127740,768,1
8542,768,278,5055,127333,768,1
8543,768,278,5093,127778,768,1
8544,768,277,5223,128111,768,1
8545,768,278,5185,128963,768,1
8546,768,278,5703,129038,768,1
8547,768,278,5870,128741,768,1
8548,768,278,5111,127519,768,1
8549,768,278,5074,127574,768,1
8550,768,278,5055,127481,768,1
8551,768,278,5074,127241,768,1
8552,768,278,5166,127723,768,1
8553,768,278,5092,127167,768,1
8554,768,278,5055,128370,768,1
8555,768,278,5111,135388,768,1
8556,768,278,5666,131426,768,1
8557,768,278,5629,128556,768,1
8558,768,278,5129,127796,768,1
8559,768,278,5185,128037,768,1
8560,768,278,5333,128204,768,1
8561,768,278,5204,129555,768,1
8562,768,277,5093,128204,768,1
8563,768,296,5056,127944,768,1
8564,768,278,5074,127648,768,1
8565,768,277,5130,127648,768,1
8566,768,277,5056,127667,768,1
8567,768,278,5092,127500,768,1
8568,768,278,5093,127741,768,1
8569,768,278,5167,128130,768,1
8570,768,278,5037,127408,768,1
8571,768,259,5074,128037,768,1
8572,768,278,5056,131704,768,1
8573,768,278,5129,128185,768,1
8574,768,277,5130,127722,768,1
8575,768,277,5075,127648,768,1
8576,768,259,5241,127851,768,1
8577,768,277,5260,128389,768,1
8578,768,278,5056,128686,768,1
8579,768,278,5111,136611,768,1
8580,768,482,5426,128629,768,1
8581,768,277,5223,127593,768,1
8582,768,277,5056,127667,768,1
8583,768,277,5130,127482,768,1
8584,768,278,5056,127741,768,1
8585,768,278,4981,127963,768,1
8586,768,277,5037,127204,768,1
8587,768,278,5074,127777,768,1
8588,768,277,5056,127704,768,1
8589,768,277,5000,127333,768,1
8590,768,278,5093,128334,768,1
8591,768,278,5018,127797,768,1
8592,768,278,5241,127519,768,1
8593,768,278,5092,127778,768,1
8594,768,278,5055,127852,768,1
8595,768,278,5074,129055,768,1
8596,768,277,5149,128000,768,1
8597,768,278,5093,127463,768,1
8598,768,278,5185,127926,768,1
8599,768,278,5074,128037,768,1
8600,768,278,5148,127759,768,1
8601,768,277,5093,127556,768,1
8602,768,278,5074,127722,768,1
8603,768,278,5000,128148,768,1
8604,768,278,5056,127852,768,1
8605,768,278,5056,127685,768,1
8606,768,278,5056,127296,768,1
8607,768,278,5092,127981,768,1
8608,768,260,5240,127630,768,1
8609,768,278,5111,129444,768,1
8610,768,278,5445,562130,768,1
8611,768,315,16778,143723,768,1
8612,768,277,5797,130203,768,1
8613,768,277,5149,127778,768,1
8614,768,278,5222,127463,768,1
8615,768,278,5167,127463,768,1
8616,768,278,5148,127463,768,1
8617,768,278,5148,127463,768,1
8618,768,277,5075,218519,768,1
8619,768,314,14649,144630,768,1
8620,768,278,5648,128592,768,1
8621,768,297,5796,133833,768,1
8622,768,296,8926,133870,768,1
8623,768,278,5926,129130,768,1
8624,768,278,5537,128370,768,1
8625,768,277,5149,127908,768,1
8626,768,278,5277,128297,768,1
8627,768,278,5092,127685,768,1
8628,768,278,5092,127760,768,1
8629,768,278,5074,129426,768,1
8630,768,277,5056,127759,768,1
8631,768,259,5112,128000,768,1
8632,768,278,5129,127556,768,1
8633,768,296,5056,127982,768,1
8634,768,278,5074,127352,768,1
8635,768,278,5074,127740,768,1
8636,768,278,5055,127685,768,1
8637,768,278,5074,127519,768,1
8638,768,278,5148,127870,768,1
8639,768,278,5056,127759,768,1
8640,768,278,5407,127777,768,1
8641,768,277,5093,127611,768,1
8642,768,259,5019,127593,768,1
8643,768,278,5055,127556,768,1
8644,768,278,5018,127519,768,1
8645,768,278,5019,129389,768,1
8646,768,278,5352,234870,768,1
8647,768,315,14500,146055,768,1
8648,768,296,9630,138092,768,1
8649,768,315,9778,138759,768,1
8650,768,296,8778,133630,768,1
8651,768,278,5556,128352,768,1
8652,768,278,5185,127629,768,1
8653,768,278,5093,128611,768,1
8654,768,278,5093,128333,768,1
8655,768,277,5241,128000,768,1
8656,768,278,5648,128148,768,1
8657,768,278,5259,127629,768,1
8658,768,278,5130,127926,768,1
8659,768,278,5000,127370,768,1
8660,768,278,5111,127981,768,1
8661,768,278,5111,128000,768,1
8662,768,277,5093,128334,768,1
8663,768,278,5092,129149,768,1
8664,768,296,5148,128093,768,1
8665,768,277,5112,127519,768,1
8666,768,278,5130,127741,768,1
8667,768,277,5093,127778,768,1
8668,768,296,5167,128314,768,1
8669,768,278,5259,127741,768,1
8670,768,278,5166,127982,768,1
8671,768,278,5092,127870,768,1
8672,768,277,5297,127963,768,1
8673,768,278,5074,128074,768,1
8674,768,278,5056,127759,768,1
8675,768,278,5056,127630,768,1
8676,768,278,5093,127463,768,1
8677,768,296,5037,127851,768,1
8678,768,296,5056,127352,768,1
8679,768,278,5055,128167,768,1
8680,768,278,5074,128204,768,1
8681,768,278,5111,127574,768,1
8682,768,277,5074,127574,768,1
8683,768,278,5074,127630,768,1
8684,768,278,5037,127593,768,1
8685,768,278,5093,127722,768,1
8686,768,278,5055,127518,768,1
8687,768,278,6241,129148,768,1
8688,768,278,5241,127814,768,1
8689,768,277,5074,127741,768,1
8690,768,277,5037,128167,768,1
8691,768,277,5056,127315,768,1
8692,768,278,5055,127648,768,1
8693,768,278,5074,127685,768,1
8694,768,277,5074,127685,768,1
8695,768,278,5055,127870,768,1
8696,768,278,5055,127870,768,1
8697,768,278,5093,127852,768,1
8698,768,278,5093,127944,768,1
8699,768,296,5056,127889,768,1
8700,768,297,5037,127907,768,1
8701,768,278,5074,128092,768,1
8702,768,278,5074,127445,768,1
8703,768,259,5074,128037,768,1
8704,768,278,5370,128111,768,1
8705,768,296,5093,127778,768,1
8706,768,278,5037,127556,768,1
8707,768,278,5019,127537,768,1
8708,768,278,5018,127351,768,1
8709,768,278,5074,127907,768,1
8710,768,278,5074,127556,768,1
8711,768,278,5074,128074,768,1
8712,768,277,5056,127815,768,1
8713,768,277,5056,127519,768,1
8714,768,278,5055,129333,768,1
8715,768,278,5092,128018,768,1
8716,768,278,5111,128296,768,1
8717,768,278,5074,127833,768,1
8718,768,278,5092,127593,768,1
8719,768,278,5018,127037,768,1
8720,768,278,5167,126963,768,1
8721,768,278,5018,126796,768,1
8722,768,278,5055,126796,768,1
8723,768,277,5000,127019,768,1
8724,768,278,4963,126481,768,1
8725,768,278,5000,126185,768,1
8726,768,278,4944,127019,768,1
8727,768,278,4908,126685,768,1
8728,768,278,4981,127278,768,1
8729,768,296,4982,126760,768,1
8730,768,278,5018,126926,768,1
8731,768,278,5018,127277,768,1
8732,768,277,5000,126685,768,1
8733,768,296,5000,126648,768,1
8734,768,278,4981,127037,768,1
8735,768,278,5000,126963,768,1
8736,768,277,5223,127370,768,1
8737,768,277,5056,126908,768,1
8738,768,278,5000,126760,768,1
8739,768,297,4907,127222,768,1
8740,768,278,5148,127055,768,1
8741,768,278,5018,127037,768,1
8742,768,278,5018,126703,768,1
8743,768,278,5037,126888,768,1
8744,768,278,5055,127018,768,1
8745,768,278,5037,127037,768,1
8746,768,277,5130,127130,768,1
8747,768,278,5037,126741,768,1
8748,768,277,5074,135315,768,1
8749,768,296,5444,128723,768,1
8750,768,278,5129,127463,768,1
8751,768,278,5148,127778,768,1
8752,768,277,5223,128445,768,1
8753,768,278,5111,127723,768,1
8754,768,278,5778,133907,768,1
8755,768,297,10685,135611,768,1
8756,768,278,5944,128722,768,1
8757,768,277,5186,127500,768,1
8758,768,259,5148,127574,768,1
8759,768,278,5111,127482,768,1
8760,768,277,5167,128463,768,1
8761,768,278,5148,128093,768,1
8762,768,260,5148,127852,768,1
8763,768,278,5092,127815,768,1
8764,768,259,5111,127463,768,1
8765,768,278,5093,128926,768,1
8766,768,278,5222,128370,768,1
8767,768,277,5371,128093,768,1
8768,768,278,5315,127963,768,1
8769,768,278,5222,127759,768,1
8770,768,297,5111,127852,768,1
8771,768,278,5111,127629,768,1
8772,768,278,5129,127519,768,1
8773,768,278,5130,127963,768,1
8774,768,278,5111,127630,768,1
8775,768,278,5111,127408,768,1
8776,768,278,5111,127925,768,1
8777,768,278,5111,127760,768,1
8778,768,278,5148,127722,768,1
8779,768,277,5167,127797,768,1
8780,768,278,5370,127648,768,1
8781,768,297,5129,127852,768,1
8782,768,296,5204,129834,768,1
8783,768,297,5278,128315,768,1
8784,768,277,5463,128426,768,1
8785,768,278,5130,127685,768,1
8786,768,278,5185,127852,768,1
8787,768,278,5166,127889,768,1
8788,768,259,5129,128000,768,1
8789,768,278,5166,127889,768,1
8790,768,278,5148,128000,768,1
8791,768,278,5185,127815,768,1
8792,768,278,5111,128074,768,1
8793,768,278,5130,128278,768,1
8794,768,277,5130,127297,768,1
8795,768,278,5148,127778,768,1
8796,768,278,5185,127944,768,1
8797,768,278,5092,127537,768,1
8798,768,278,5111,127778,768,1
8799,768,278,5093,128093,768,1
8800,768,278,5259,127982,768,1
8801,768,278,5111,128241,768,1
8802,768,278,5055,127592,768,1
8803,768,278,5074,127851,768,1
8804,768,259,5111,127333,768,1
8805,768,278,5074,127815,768,1
8806,768,278,5092,127611,768,1
8807,768,277,5093,127611,768,1
8808,768,277,5074,127889,768,1
8809,768,278,5111,128370,768,1
8810,768,278,5092,127167,768,1
8811,768,278,5092,127444,768,1
8812,768,277,5111,127574,768,1
8813,768,278,5055,127500,768,1
8814,768,277,5093,127574,768,1
8815,768,278,5129,127851,768,1
8816,768,277,5297,128556,768,1
8817,768,278,5148,128407,768,1
8818,768,277,5075,127740,768,1
8819,768,277,5093,127593,768,1
8820,768,278,5129,127907,768,1
8821,768,278,5074,127666,768,1
8822,768,277,5075,127482,768,1
8823,768,278,5129,128019,768,1
8824,768,278,5093,128241,768,1
8825,768,297,5148,128074,768,1
8826,768,277,5130,128056,768,1
8827,768,278,5111,127704,768,1
8828,768,278,5074,127686,768,1
8829,768,278,5092,127704,768,1
8830,768,278,5074,127833,768,1
8831,768,278,5240,127612,768,1
8832,768,278,5351,127741,768,1
8833,768,278,5111,128407,768,1
8834,768,278,5074,127945,768,1
8835,768,259,5130,127889,768,1
8836,768,260,5074,127334,768,1
8837,768,278,5111,127815,768,1
8838,768,278,5093,127555,768,1
8839,768,278,5093,127667,768,1
8840,768,277,5093,127593,768,1
8841,768,278,5055,128778,768,1
8842,768,277,5130,127074,768,1
8843,768,278,5037,126907,768,1
8844,768,277,5037,126611,768,1
8845,768,278,4981,127019,768,1
8846,768,278,5074,127055,768,1
8847,768,278,5000,126870,768,1
8848,768,277,5167,127278,768,1
8849,768,278,5019,126648,768,1
8850,768,278,5055,128240,768,1
8851,768,277,5019,126945,768,1
8852,768,259,5056,127000,768,1
8853,768,277,5000,126815,768,1
8854,768,277,5019,126852,768,1
8855,768,278,5019,127074,768,1
8856,768,277,5000,126778,768,1
8857,768,277,5019,126963,768,1
8858,768,278,4963,127130,768,1
8859,768,278,5000,127018,768,1
8860,768,278,5018,126926,768,1
8861,768,277,5000,126963,768,1
8862,768,278,5056,126833,768,1
8863,768,278,5018,127000,768,1
8864,768,278,5204,126870,768,1
8865,768,260,5092,126649,768,1
8866,768,278,5019,127370,768,1
8867,768,278,4981,127926,768,1
8868,768,278,5148,127796,768,1
8869,768,278,5167,127240,768,1
8870,768,278,5000,126796,768,1
8871,768,277,5038,127018,768,1
8872,768,278,5018,126925,768,1
8873,768,278,5018,129055,768,1
8874,768,277,5408,129093,768,1
8875,768,278,5185,132297,768,1
8876,768,278,5093,129741,768,1
8877,768,278,5093,128000,768,1
8878,768,278,5111,127889,768,1
8879,768,278,5092,127945,768,1
8880,768,278,5278,127666,768,1
8881,768,278,5130,127907,768,1
8882,768,278,5111,127981,768,1
8883,768,277,5074,128130,768,1
8884,768,278,5037,129148,768,1
8885,768,278,5093,128093,768,1
8886,768,278,5629,133186,768,1
8887,768,296,10278,135093,768,1
8888,768,259,5852,128296,768,1
8889,768,278,5204,127926,768,1
8890,768,278,5111,128037,768,1
8891,768,296,5111,127834,768,1
8892,768,278,5148,132167,768,1
8893,768,278,5092,128815,768,1
8894,768,278,5093,128204,768,1
8895,768,278,5352,128186,768,1
8896,768,278,5370,128445,768,1
8897,768,259,5148,128259,768,1
8898,768,278,5074,128611,768,1
8899,768,278,5074,128426,768,1
8900,768,278,5093,128426,768,1
8901,768,278,5074,128963,768,1
8902,768,278,5074,129166,768,1
8903,768,278,5111,129240,768,1
8904,768,278,5222,127111,768,1
8905,768,278,4982,126796,768,1
8906,768,278,5037,127000,768,1
8907,768,278,5056,127111,768,1
8908,768,277,5000,126685,768,1
8909,768,278,5000,127388,768,1
8910,768,278,5037,127555,768,1
8911,768,278,5111,127222,768,1
8912,768,278,5204,127704,768,1
8913,768,260,5111,126945,768,1
8914,768,277,4982,126889,768,1
8915,768,278,5018,127037,768,1
8916,768,278,5074,127000,768,1
8917,768,278,5037,126852,768,1
8918,768,278,5037,128241,768,1
8919,768,278,5055,127352,768,1
8920,768,278,5056,126926,768,1
8921,768,277,5167,127204,768,1
8922,768,278,5018,126814,768,1
8923,768,259,5019,127074,768,1
8924,768,278,5037,126944,768,1
8925,768,277,5019,126722,768,1
8926,768,259,5037,126778,768,1
8927,768,277,5000,126926,768,1
8928,768,278,5185,127297,768,1
8929,768,278,5000,126926,768,1
8930,768,277,5019,126704,768,1
8931,768,277,5000,127130,768,1
8932,768,278,5111,127370,768,1
8933,768,278,5000,126481,768,1
8934,768,278,5018,126815,768,1
8935,768,278,14685,133426,768,1
8936,768,278,5556,127833,768,1
8937,768,278,5056,126759,768,1
8938,768,278,5037,127019,768,1
8939,768,278,5018,126981,768,1
8940,768,278,5000,126945,768,1
8941,768,277,5056,126704,768,1
8942,768,278,5055,127148,768,1
8943,768,260,5000,126612,768,1
8944,768,278,5167,127259,768,1
8945,768,278,5074,126815,768,1
8946,768,278,4982,127204,768,1
8947,768,278,4982,127129,768,1
8948,768,277,5037,126982,768,1
8949,768,278,4963,126796,768,1
8950,768,278,5000,126723,768,1
8951,768,278,5019,126981,768,1
8952,768,277,5019,126908,768,1
8953,768,278,5037,126741,768,1
8954,768,278,5037,126759,768,1
8955,768,278,5000,127111,768,1
8956,768,278,5018,126796,768,1
8957,768,278,5055,127463,768,1
8958,768,278,5000,126962,768,1
8959,768,278,5204,127240,768,1
8960,768,278,5259,126815,768,1
8961,768,278,5056,126592,768,1
8962,768,278,5000,127111,768,1
8963,768,278,5074,127314,768,1
8964,768,277,5019,127370,768,1
8965,768,278,5037,127148,768,1
8966,768,278,5018,128796,768,1
8967,768,278,5481,128722,768,1
8968,768,278,5222,127944,768,1
8969,768,278,5130,128037,768,1
8970,768,278,5111,128148,768,1
8971,768,278,5092,127166,768,1
8972,768,259,5093,127926,768,1
8973,768,278,5111,127648,768,1
8974,768,278,5074,128296,768,1
8975,768,259,5075,128037,768,1
8976,768,277,5223,128018,768,1
8977,768,278,5056,127704,768,1
8978,768,278,5037,127611,768,1
8979,768,277,5037,127833,768,1
8980,768,278,5111,128222,768,1
8981,768,278,5056,127870,768,1
8982,768,278,5074,127648,768,1
8983,768,278,5037,127833,768,1
8984,768,278,5074,127611,768,1
8985,768,278,5037,127667,768,1
8986,768,278,5130,128870,768,1
8987,768,278,5074,127926,768,1
8988,768,278,5130,128259,768,1
8989,768,278,5093,127907,768,1
8990,768,278,5092,128111,768,1
8991,768,278,5055,127926,768,1
8992,768,278,5222,127777,768,1
8993,768,277,5056,127833,768,1
8994,768,277,5093,127593,768,1
8995,768,277,5074,127833,768,1
8996,768,278,5055,128241,768,1
8997,768,278,5055,127759,768,1
8998,768,277,5186,127815,768,1
8999,768,278,5037,127518,768,1
9000,768,277,5074,127463,768,1
9001,768,278,5074,127518,768,1
9002,768,277,5074,128000,768,1
9003,768,278,5055,127944,768,1
9004,768,278,5074,127629,768,1
9005,768,277,5074,128166,768,1
9006,768,278,5074,127722,768,1
9007,768,278,5055,127796,768,1
9008,768,278,5222,127481,768,1
9009,768,278,5093,127629,768,1
9010,768,277,5093,127704,768,1
9011,768,277,5075,127797,768,1
9012,768,278,5056,127815,768,1
9013,768,278,5055,127926,768,1
9014,768,277,5074,128167,768,1
9015,768,278,5055,127556,768,1
9016,768,278,5092,127611,768,1
9017,768,277,5056,127519,768,1
9018,768,296,5593,132278,768,1
9019,768,333,9038,134055,768,1
9020,768,277,5760,129130,768,1
9021,768,277,5241,128851,768,1
9022,768,278,5222,127759,768,1
9023,768,259,5333,128444,768,1
9024,768,278,5296,127666,768,1
9025,768,278,5111,127630,768,1
9026,768,278,5092,127704,768,1
9027,768,278,5074,127777,768,1
9028,768,277,5056,127907,768,1
9029,768,278,5222,128130,768,1
9030,768,277,5186,127889,768,1
9031,768,297,5111,128018,768,1
9032,768,278,5092,127796,768,1
9033,768,278,5093,127703,768,1
9034,768,278,5130,127481,768,1
9035,768,278,5130,127815,768,1
9036,768,278,5130,127759,768,1
9037,768,278,5130,128722,768,1
9038,768,278,5111,127963,768,1
9039,768,259,5112,127593,768,1
9040,768,278,5222,127926,768,1
9041,768,278,5093,127297,768,1
9042,768,278,5074,127482,768,1
9043,768,278,5092,127666,768,1
9044,768,278,5074,127888,768,1
9045,768,277,5075,127648,768,1
9046,768,277,5074,127556,768,1
9047,768,278,5037,127462,768,1
9048,768,278,5074,127685,768,1
9049,768,278,5093,127777,768,1
9050,768,277,5093,127722,768,1
9051,768,277,5112,127685,768,1
9052,768,277,5075,127537,768,1
9053,768,278,5074,128111,768,1
9054,768,278,5056,129241,768,1
9055,768,260,5111,128167,768,1
9056,768,278,5333,127907,768,1
9057,768,277,5074,127907,768,1
9058,768,296,5074,127871,768,1
9059,768,278,5055,127852,768,1
9060,768,278,5167,127444,768,1
9061,768,278,5000,127074,768,1
9062,768,278,5055,127018,768,1
9063,768,278,4981,126593,768,1
9064,768,277,5037,126926,768,1
9065,768,278,5074,127260,768,1
9066,768,278,5055,126797,768,1
9067,768,278,5019,126722,768,1
9068,768,278,4981,126945,768,1
9069,768,278,5018,126685,768,1
9070,768,278,5019,127370,768,1
9071,768,278,5018,127259,768,1
9072,768,278,5185,127463,768,1
9073,768,278,5055,127204,768,1
9074,768,278,5093,127092,768,1
9075,768,277,5000,126482,768,1
9076,768,278,5000,126852,768,1
9077,768,278,5000,126982,768,1
9078,768,278,5000,127297,768,1
9079,768,278,5056,126944,768,1
9080,768,278,5092,127074,768,1
9081,768,278,5074,126667,768,1
9082,768,278,5018,127537,768,1
9083,768,278,5000,126704,768,1
9084,768,278,5019,126778,768,1
9085,768,277,5000,126963,768,1
9086,768,278,5000,126870,768,1
9087,768,278,5203,127445,768,1
9088,768,278,5167,127722,768,1
9089,768,278,5018,127277,768,1
9090,768,278,5000,128722,768,1
9091,768,278,5537,128537,768,1
9092,768,296,5111,127852,768,1
9093,768,278,5037,127759,768,1
9094,768,277,5074,128333,768,1
9095,768,278,5056,127593,768,1
9096,768,278,5055,127611,768,1
9097,768,278,5055,127629,768,1
9098,768,278,5056,127852,768,1
9099,768,278,5037,127851,768,1
9100,768,277,5093,127556,768,1
9101,768,278,5037,127444,768,1
9102,768,278,5074,128055,768,1
9103,768,278,5074,127666,768,1
9104,768,278,5222,127944,768,1
9105,768,277,5075,127834,768,1
9106,768,278,5166,127889,768,1
9107,768,296,5074,127592,768,1
9108,768,297,5055,127723,768,1
9109,768,278,5074,127834,768,1
9110,768,278,5074,127630,768,1
9111,768,296,5056,127797,768,1
9112,768,278,5055,127667,768,1
9113,768,278,5056,127426,768,1
9114,768,278,5055,127666,768,1
9115,768,277,5037,127926,768,1
9116,768,278,5074,127722,768,1
9117,768,278,5037,127629,768,1
9118,768,277,5074,127611,768,1
9119,768,277,5056,127907,768,1
9120,768,278,5259,127611,768,1
9121,768,278,5092,128000,768,1
9122,768,315,5148,128630,768,1
9123,768,296,5074,127907,768,1
9124,768,278,5092,127888,768,1
9125,768,277,5056,127926,768,1
9126,768,278,5111,127963,768,1
9127,768,278,5148,128148,768,1
9128,768,278,5185,127666,768,1
9129,768,277,5056,127537,768,1
9130,768,278,5093,127537,768,1
9131,768,278,5055,127555,768,1
9132,768,278,5074,127463,768,1
9133,768,278,5037,127704,768,1
9134,768,278,5111,127574,768,1
9135,768,277,5056,127889,768,1
9136,768,278,5240,127908,768,1
9137,768,278,5093,127741,768,1
9138,768,278,5037,127260,768,1
9139,768,278,5037,128148,768,1
9140,768,278,5093,127759,768,1
9141,768,278,5093,127815,768,1
9142,768,278,5074,127482,768,1
9143,768,278,5074,127741,768,1
9144,768,278,5055,127870,768,1
9145,768,278,5037,127463,768,1
9146,768,278,5074,127574,768,1
9147,768,278,5092,127463,768,1
9148,768,278,5074,128037,768,1
9149,768,277,5056,127426,768,1
9150,768,408,5907,132907,768,1
9151,768,297,9092,135166,768,1
9152,768,278,5833,128500,768,1
9153,768,278,5370,127981,768,1
9154,768,277,5111,127796,768,1
9155,768,277,5111,127463,768,1
9156,768,278,5092,128445,768,1
9157,768,278,5111,127555,768,1
9158,768,278,5166,127500,768,1
9159,768,259,5093,128055,768,1
9160,768,278,5130,127704,768,1
9161,768,278,5074,127759,768,1
9162,768,277,5056,127833,768,1
9163,768,296,5111,127315,768,1
9164,768,278,5074,127815,768,1
9165,768,278,5056,127723,768,1
9166,768,297,5074,128000,768,1
9167,768,278,5092,128389,768,1
9168,768,278,5241,127685,768,1
9169,768,259,5223,127519,768,1
9170,768,278,5055,127741,768,1
9171,768,278,5130,127852,768,1
9172,768,277,5093,128074,768,1
9173,768,278,5056,128260,768,1
9174,768,278,5056,127704,768,1
9175,768,278,5148,127908,768,1
9176,768,278,5092,127500,768,1
9177,768,278,5167,128018,768,1
9178,768,277,5093,128019,768,1
9179,768,297,5055,127574,768,1
9180,768,278,5240,127667,768,1
9181,768,259,5093,127685,768,1
9182,768,277,5074,128130,768,1
9183,768,278,5111,127833,768,1
9184,768,277,5315,127315,768,1
9185,768,277,5093,126889,768,1
9186,768,278,5000,126889,768,1
9187,768,259,5037,126814,768,1
9188,768,278,5000,126796,768,1
9189,768,277,5000,126870,768,1
9190,768,278,5000,127778,768,1
9191,768,278,5037,126667,768,1
9192,768,278,5037,126926,768,1
9193,768,278,5019,126759,768,1
9194,768,278,5000,126482,768,1
9195,768,277,5000,126963,768,1
9196,768,278,5000,126722,768,1
9197,768,278,5037,127019,768,1
9198,768,296,5000,126648,768,1
9199,768,278,5037,126686,768,1
9200,768,278,5167,127130,768,1
9201,768,278,5074,126908,768,1
9202,768,278,5000,126723,768,1
9203,768,260,5055,126834,768,1
9204,768,278,5019,126796,768,1
9205,768,278,5000,126963,768,1
9206,768,259,5074,126889,768,1
9207,768,278,5037,126926,768,1
9208,768,277,5093,126722,768,1
9209,768,278,5018,126759,768,1
9210,768,278,5055,126981,768,1
9211,768,278,5037,126778,768,1
9212,768,278,5055,126760,768,1
9213,768,278,5019,126944,768,1
9214,768,278,5018,133963,768,1
9215,768,278,5704,129389,768,1
9216,768,278,5278,128074,768,1
9217,768,278,5111,127907,768,1
9218,768,277,5093,128019,768,1
9219,768,278,5037,127519,768,1
9220,768,278,5074,127240,768,1
9221,768,259,5074,127389,768,1
9222,768,278,5037,127481,768,1
9223,768,277,5056,127333,768,1
9224,768,277,5056,127648,768,1
9225,768,277,5204,128371,768,1
9226,768,278,5037,127389,768,1
9227,768,278,5055,128000,768,1
9228,768,278,5222,127796,768,1
9229,768,278,5148,127537,768,1
9230,768,277,5074,127574,768,1
9231,768,278,5093,127352,768,1
9232,768,278,5259,127814,768,1
9233,768,277,5074,128056,768,1
9234,768,278,5055,127334,768,1
9235,768,278,5055,127407,768,1
9236,768,278,5130,127352,768,1
9237,768,278,5129,127204,768,1
9238,768,278,5074,127223,768,1
9239,768,278,5037,127259,768,1
9240,768,278,5111,127445,768,1
9241,768,278,5037,127629,768,1
9242,768,297,5166,127778,768,1
9243,768,277,5056,127389,768,1
9244,768,278,5074,127240,768,1
9245,768,277,5038,127056,768,1
9246,768,278,5092,127351,768,1
9247,768,278,5167,127148,768,1
9248,768,277,5204,127519,768,1
9249,768,278,5055,127834,768,1
9250,768,278,5037,127222,768,1
9251,768,278,5055,127519,768,1
9252,768,278,5055,127204,768,1
9253,768,277,5038,126889,768,1
9254,768,278,5000,127074,768,1
9255,768,278,5019,127297,768,1
9256,768,278,5037,133315,768,1
9257,768,296,9482,135037,768,1
9258,768,278,5481,129703,768,1
9259,768,277,5315,128056,768,1
9260,768,277,5037,127759,768,1
9261,768,277,5167,127871,768,1
9262,768,278,5130,127537,768,1
9263,768,278,5111,127463,768,1
9264,768,278,5315,128018,768,1
9265,768,278,5111,127592,768,1
9266,768,278,5092,127833,768,1
9267,768,277,5112,127648,768,1
9268,768,277,5074,127519,768,1
9269,768,278,5129,128260,768,1
9270,768,278,5111,127259,768,1
9271,768,278,5129,127500,768,1
9272,768,278,5240,127611,768,1
9273,768,277,5149,127537,768,1
9274,768,278,5092,127629,768,1
9275,768,278,5129,128241,768,1
9276,768,297,5129,127722,768,1
9277,768,278,5148,127981,768,1
9278,768,278,5259,127574,768,1
9279,768,278,5333,127814,768,1
9280,768,278,5241,128166,768,1
9281,768,278,5093,127296,768,1
9282,768,277,5630,133130,768,1
9283,768,297,8740,133241,768,1
9284,768,278,5722,128185,768,1
9285,768,278,5185,127815,768,1
9286,768,277,5093,127871,768,1
9287,768,278,5093,127370,768,1
9288,768,278,5111,127482,768,1
9289,768,277,5038,127334,768,1
9290,768,278,5056,128130,768,1
9291,768,278,5074,127759,768,1
9292,768,278,5111,128130,768,1
9293,768,278,5148,127574,768,1
9294,768,277,5112,128000,768,1
9295,768,278,5093,127796,768,1
9296,768,278,5296,127833,768,1
9297,768,278,5093,127352,768,1
9298,768,278,5056,127592,768,1
9299,768,278,5166,127389,768,1
9300,768,278,5093,127648,768,1
9301,768,278,5037,127463,768,1
9302,768,278,5074,127926,768,1
9303,768,278,5092,127630,768,1
9304,768,278,5093,127371,768,1
9305,768,278,5074,127296,768,1
9306,768,277,5074,127907,768,1
9307,768,278,5092,127463,768,1
9308,768,278,12463,127870,768,1
9309,768,278,5611,128518,768,1
9310,768,278,5222,127703,768,1
9311,768,277,5074,127463,768,1
9312,768,278,5222,127574,768,1
9313,768,278,5074,127500,768,1
9314,768,278,5037,127796,768,1
9315,768,277,5093,127371,768,1
9316,768,260,5055,127445,768,1
9317,768,277,5093,127574,768,1
9318,768,278,5074,127519,768,1
9319,768,277,5130,127556,768,1
9320,768,277,5074,127778,768,1
9321,768,278,5093,127408,768,1
9322,768,278,5111,127518,768,1
9323,768,278,5204,127389,768,1
9324,768,278,5111,127463,768,1
9325,768,277,5111,127315,768,1
9326,768,277,5149,128981,768,1
9327,768,278,5185,127704,768,1
9328,768,278,5389,127796,768,1
9329,768,278,5129,127629,768,1
9330,768,278,5055,127629,768,1
9331,768,278,5111,127297,768,1
9332,768,277,5074,127278,768,1
9333,768,277,5056,127314,768,1
9334,768,278,5093,127407,768,1
9335,768,278,5111,127537,768,1
9336,768,277,5056,127815,768,1
9337,768,278,5093,127648,768,1
9338,768,278,5111,127426,768,1
9339,768,278,5092,128074,768,1
9340,768,278,5166,127297,768,1
9341,768,297,5092,127500,768,1
9342,768,278,5074,127463,768,1
9343,768,277,5334,128703,768,1
9344,768,278,5389,127870,768,1
9345,768,278,5074,127315,768,1
9346,768,278,5055,127204,768,1
9347,768,278,5055,127482,768,1
9348,768,277,5074,127408,768,1
9349,768,278,5055,127167,768,1
9350,768,278,5055,127537,768,1
9351,768,277,5093,127370,768,1
9352,768,278,5148,127556,768,1
9353,768,278,5037,127222,768,1
9354,768,278,5018,127240,768,1
9355,768,259,5074,136926,768,1
9356,768,278,5463,127926,768,1
9357,768,278,5259,127963,768,1
9358,768,278,5111,127519,768,1
9359,768,277,5075,127278,768,1
9360,768,278,5240,128093,768,1
9361,768,278,5111,127444,768,1
9362,768,278,5037,127500,768,1
9363,768,278,5074,127648,768,1
9364,768,277,5093,127482,768,1
9365,768,278,5056,127519,768,1
9366,768,278,5111,127426,768,1
9367,768,278,5092,127092,768,1
9368,768,278,5111,127407,768,1
9369,768,277,5093,127259,768,1
9370,768,277,5112,127796,768,1
9371,768,278,5148,128074,768,1
9372,768,278,5092,127352,768,1
9373,768,278,5074,127704,768,1
9374,768,278,5037,127408,768,1
9375,768,278,5093,126981,768,1
9376,768,278,5241,127741,768,1
9377,768,278,5074,127797,768,1
9378,768,278,5130,128130,768,1
9379,768,278,5074,127704,768,1
9380,768,278,5056,127519,768,1
9381,768,277,5130,127593,768,1
9382,768,278,5037,127296,768,1
9383,768,278,5055,131759,768,1
9384,768,259,5074,128093,768,1
9385,768,278,5130,127407,768,1
9386,768,278,5093,127333,768,1
9387,768,278,5019,127555,768,1
9388,768,277,5056,128037,768,1
9389,768,277,5111,127519,768,1
9390,768,278,5056,127426,768,1
9391,768,278,5055,127537,768,1
9392,768,278,5203,127519,768,1
9393,768,277,5093,127630,768,1
9394,768,277,5074,128445,768,1
9395,768,278,5056,127686,768,1
9396,768,278,5093,127667,768,1
9397,768,278,5093,127426,768,1
9398,768,277,5056,127537,768,1
9399,768,278,5056,127481,768,1
9400,768,278,5055,127611,768,1
9401,768,277,5037,128019,768,1
9402,768,278,5166,127537,768,1
9403,768,277,5075,127593,768,1
9404,768,277,5074,127778,768,1
9405,768,277,5037,127889,768,1
9406,768,278,5055,127500,768,1
9407,768,277,5297,127482,768,1
9408,768,278,5259,127871,768,1
9409,768,277,5056,127296,768,1
9410,768,259,5056,127685,768,1
9411,768,277,5075,127445,768,1
9412,768,278,5093,127759,768,1
9413,768,278,5037,126981,768,1
9414,768,278,5796,133333,768,1
9415,768,296,8519,133630,768,1
9416,768,278,5852,128426,768,1
9417,768,278,5222,127537,768,1
9418,768,278,5130,127296,768,1
9419,768,278,5204,127907,768,1
9420,768,278,5111,127815,768,1
9421,768,259,5130,127611,768,1
9422,768,277,5130,128352,768,1
9423,768,278,5148,127649,768,1
9424,768,278,5296,127834,768,1
9425,768,278,5148,127130,768,1
9426,768,278,5111,127407,768,1
9427,768,278,5093,127630,768,1
9428,768,278,5092,127760,768,1
9429,768,278,5055,127370,768,1
9430,768,277,5111,127463,768,1
9431,768,278,5129,127315,768,1
9432,768,278,5148,127871,768,1
9433,768,277,6260,128611,768,1
9434,768,260,5185,127686,768,1
9435,768,278,5055,127500,768,1
9436,768,278,5074,127518,768,1
9437,768,278,5074,127315,768,1
9438,768,277,5074,127388,768,1
9439,768,278,5111,127759,768,1
9440,768,278,5296,127648,768,1
9441,768,278,5111,127481,768,1
9442,768,278,5018,127889,768,1
9443,768,277,5093,127611,768,1
9444,768,278,5056,128111,768,1
9445,768,278,5074,127352,768,1
9446,768,297,5055,127444,768,1
9447,768,278,5093,127278,768,1
9448,768,278,5111,127297,768,1
9449,768,278,5092,127630,768,1
9450,768,278,5111,127129,768,1
9451,768,277,5167,127296,768,1
9452,768,277,5130,127278,768,1
9453,768,278,5148,127796,768,1
9454,768,278,5130,127407,768,1
9455,768,277,5148,127592,768,1
9456,768,278,5370,129260,768,1
9457,768,278,5240,127871,768,1
9458,768,278,5111,127926,768,1
9459,768,278,5092,127408,768,1
9460,768,278,5055,127388,768,1
9461,768,278,5074,127481,768,1
9462,768,278,5111,127297,768,1
9463,768,297,5074,128111,768,1
9464,768,278,5203,127704,768,1
9465,768,278,5130,127537,768,1
9466,768,278,5093,127389,768,1
9467,768,297,5074,127333,768,1
9468,768,278,5074,127315,768,1
9469,768,278,5074,127870,768,1
9470,768,278,5130,127315,768,1
9471,768,278,5315,127815,768,1
9472,768,296,5259,127723,768,1
9473,768,278,5056,128685,768,1
9474,768,278,5056,127648,768,1
9475,768,277,5075,127426,768,1
9476,768,278,5074,127686,768,1
9477,768,259,5130,127833,768,1
9478,768,297,5111,127519,768,1
9479,768,278,5074,127204,768,1
9480,768,278,5055,127148,768,1
9481,768,278,5074,127277,768,1
9482,768,277,5093,127963,768,1
9483,768,278,5074,127722,768,1
9484,768,278,5111,127240,768,1
9485,768,278,5092,127648,768,1
9486,768,278,5130,127630,768,1
9487,768,278,5111,127852,768,1
9488,768,278,5278,127259,768,1
9489,768,278,5111,127629,768,1
9490,768,278,5148,127778,768,1
9491,768,278,5148,127722,768,1
9492,768,278,5093,127778,768,1
9493,768,278,5092,128055,768,1
9494,768,278,5093,127389,768,1
9495,768,278,5148,127870,768,1
9496,768,278,5093,127685,768,1
9497,768,278,5111,127685,768,1
9498,768,278,5111,127407,768,1
9499,768,278,5111,127574,768,1
9500,768,277,5093,127648,768,1
9501,768,277,5093,127371,768,1
9502,768,278,5092,128037,768,1
9503,768,277,5074,127537,768,1
9504,768,278,5241,127574,768,1
9505,768,278,5074,127370,768,1
9506,768,278,5074,127537,768,1
9507,768,278,5093,128074,768,1
9508,768,277,5074,127648,768,1
9509,768,278,5037,127537,768,1
9510,768,297,5037,128148,768,1
9511,768,278,5093,127352,768,1
9512,768,260,5055,127612,768,1
9513,768,278,5037,127463,768,1
9514,768,278,5037,127167,768,1
9515,768,278,5055,127371,768,1
9516,768,296,5037,127759,768,1
9517,768,277,5056,127685,768,1
9518,768,278,5130,127556,768,1
9519,768,278,5092,127575,768,1
9520,768,278,5203,127352,768,1
9521,768,278,5074,127278,768,1
9522,768,278,5074,127222,768,1
9523,768,278,5129,127685,768,1
9524,768,278,5055,128796,768,1
9525,768,297,5074,128296,768,1
9526,768,277,5167,128315,768,1
9527,768,277,5112,126926,768,1
9528,768,278,5074,127297,768,1
9529,768,278,5111,127222,768,1
9530,768,278,5111,127093,768,1
9531,768,297,5074,127370,768,1
9532,768,278,5056,127093,768,1
9533,768,296,5074,127278,768,1
9534,768,278,5056,127333,768,1
9535,768,278,5259,127575,768,1
9536,768,278,5259,127482,768,1
9537,768,278,5074,127203,768,1
9538,768,278,5037,127426,768,1
9539,768,278,5074,127315,768,1
9540,768,278,5074,126908,768,1
9541,768,278,5074,127297,768,1
9542,768,277,5074,131389,768,1
9543,768,296,8019,132260,768,1
9544,768,278,5630,128130,768,1
9545,768,278,5148,127704,768,1
9546,768,278,5796,132926,768,1
9547,768,296,9204,134074,768,1
9548,768,278,5778,128685,768,1
9549,768,277,5204,127481,768,1
9550,768,278,5167,127926,768,1
9551,768,277,5149,127556,768,1
9552,768,278,5426,127722,768,1
9553,768,278,5129,127648,768,1
9554,768,278,5074,127426,768,1
9555,768,277,5112,127796,768,1
9556,768,277,5112,127408,768,1
9557,768,259,5259,127611,768,1
9558,768,278,5074,127592,768,1
9559,768,277,5149,127777,768,1
9560,768,296,5148,127667,768,1
9561,768,278,5055,127166,768,1
9562,768,277,5074,126889,768,1
9563,768,278,5037,127518,768,1
9564,768,277,5130,127574,768,1
9565,768,278,5111,127537,768,1
9566,768,277,5075,127167,768,1
9567,768,278,5111,128111,768,1
9568,768,297,5259,127870,768,1
9569,768,259,5112,127463,768,1
9570,768,278,5111,127574,768,1
9571,768,278,5093,127444,768,1
9572,768,278,5074,127389,768,1
9573,768,277,5093,127166,768,1
9574,768,277,5074,127463,768,1
9575,768,278,5074,128371,768,1
9576,768,426,5278,127796,768,1
9577,768,297,5074,127556,768,1
9578,768,260,5111,127352,768,1
9579,768,278,5056,126944,768,1
9580,768,277,5075,127315,768,1
9581,768,278,5055,127352,768,1
9582,768,278,5074,127186,768,1
9583,768,278,5129,128260,768,1
9584,768,278,5296,131389,768,1
9585,768,277,5648,135463,768,1
9586,768,278,5389,128352,768,1
9587,768,278,5111,128518,768,1
9588,768,278,5240,127445,768,1
9589,768,278,5093,127778,768,1
9590,768,278,5055,127426,768,1
9591,768,278,5093,128463,768,1
9592,768,259,5130,129500,768,1
9593,768,297,5166,128203,768,1
9594,768,277,5149,127834,768,1
9595,768,297,5129,127815,768,1
9596,768,278,5111,127241,768,1
9597,768,278,5074,127500,768,1
9598,768,278,5111,127759,768,1
9599,768,278,5296,129204,768,1
9600,768,278,5259,127815,768,1
9601,768,278,5074,130519,768,1
9602,768,277,5037,128259,768,1
9603,768,277,5056,127685,768,1
9604,768,278,5055,127685,768,1
9605,768,278,5037,127555,768,1
9606,768,260,5074,127426,768,1
9607,768,278,5111,127870,768,1
9608,768,277,5074,127444,768,1
9609,768,278,5093,127944,768,1
9610,768,259,5074,127500,768,1
9611,768,278,5129,127445,768,1
9612,768,278,5111,127629,768,1
9613,768,278,5130,127649,768,1
9614,768,278,5056,127555,768,1
9615,768,277,5112,128408,768,1
9616,768,278,5203,128166,768,1
9617,768,278,5092,127741,768,1
9618,768,278,5055,128556,768,1
9619,768,278,5148,128037,768,1
9620,768,278,5055,127685,768,1
9621,768,259,5074,127741,768,1
9622,768,278,5055,127426,768,1
9623,768,278,5074,127592,768,1
9624,768,277,5074,128074,768,1
9625,768,278,5037,127833,768,1
9626,768,259,5074,128778,768,1
9627,768,277,5130,127945,768,1
9628,768,259,5130,127759,768,1
9629,768,278,5019,127592,768,1
9630,768,277,5038,127629,768,1
9631,768,277,5093,128056,768,1
9632,768,260,5277,128000,768,1
9633,768,277,5093,127630,768,1
9634,768,277,5074,127759,768,1
9635,768,259,5092,127537,768,1
9636,768,278,5092,128223,768,1
9637,768,278,5055,127760,768,1
9638,768,278,5092,127759,768,1
9639,768,278,5074,127593,768,1
9640,768,278,5074,127833,768,1
9641,768,278,5056,127556,768,1
9642,768,278,5056,127759,768,1
9643,768,278,5056,127852,768,1
9644,768,278,5129,127593,768,1
9645,768,278,5074,127926,768,1
9646,768,278,5166,128130,768,1
9647,768,278,5130,128204,768,1
9648,768,278,5296,128519,768,1
9649,768,278,5130,129055,768,1
9650,768,278,5259,127981,768,1
9651,768,278,5148,127870,768,1
9652,768,278,5093,128000,768,1
9653,768,277,5056,127611,768,1
9654,768,277,5056,127407,768,1
9655,768,277,5093,127815,768,1
9656,768,278,5111,128166,768,1
9657,768,259,5130,127722,768,1
9658,768,277,5075,127537,768,1
9659,768,278,5092,127981,768,1
9660,768,278,5074,129018,768,1
9661,768,278,5166,128407,768,1
9662,768,278,5148,127926,768,1
9663,768,278,5296,127463,768,1
9664,768,277,5297,128130,768,1
9665,768,278,5074,127629,768,1
9666,768,278,5074,127630,768,1
9667,768,278,5129,128093,768,1
9668,768,278,5111,127630,768,1
9669,768,278,5093,127685,768,1
9670,768,278,5074,127463,768,1
9671,768,278,5111,127519,768,1
9672,768,259,5186,127648,768,1
9673,768,278,5074,128130,768,1
9674,768,278,5092,127500,768,1
9675,768,278,5129,127834,768,1
9676,768,278,5129,127778,768,1
9677,768,278,5093,128611,768,1
9678,768,296,6000,133741,768,1
9679,768,297,8796,133852,768,1
9680,768,297,5944,130148,768,1
9681,768,278,5296,127463,768,1
9682,768,278,5074,127222,768,1
9683,768,277,5000,126519,768,1
9684,768,278,5000,126907,768,1
9685,768,278,5000,127000,768,1
9686,768,278,4981,126759,768,1
9687,768,278,5018,127056,768,1
9688,768,277,5000,126482,768,1
9689,768,278,5019,126889,768,1
9690,768,278,5019,127167,768,1
9691,768,278,5056,126741,768,1
9692,768,278,5000,126574,768,1
9693,768,277,4982,126666,768,1
9694,768,278,4981,127722,768,1
9695,768,277,5167,127185,768,1
9696,768,278,5204,127518,768,1
9697,768,278,5000,127130,768,1
9698,768,277,5019,126630,768,1
9699,768,277,4982,127130,768,1
9700,768,278,5000,126648,768,1
9701,768,278,4981,126870,768,1
9702,768,278,5000,126851,768,1
9703,768,278,4981,126908,768,1
9704,768,278,4982,126944,768,1
9705,768,278,5037,126870,768,1
9706,768,277,5037,126667,768,1
9707,768,277,5056,126741,768,1
9708,768,277,5019,126982,768,1
9709,768,278,5000,126630,768,1
9710,768,278,5018,126740,768,1
9711,768,278,5000,127129,768,1
9712,768,277,5130,129685,768,1
9713,768,278,5685,128592,768,1
9714,768,278,5111,127574,768,1
9715,768,278,5074,127648,768,1
9716,768,277,5038,127518,768,1
9717,768,278,5056,127629,768,1
9718,768,297,5037,127352,768,1
9719,768,278,5203,128000,768,1
9720,768,278,5092,127852,768,1
9721,768,278,5092,128575,768,1
9722,768,278,5074,127260,768,1
9723,768,297,5055,127870,768,1
9724,768,297,5092,127537,768,1
9725,768,278,5056,127685,768,1
9726,768,278,5093,127815,768,1
9727,768,278,5296,128093,768,1
9728,768,259,5222,129537,768,1
9729,768,278,5111,127833,768,1
9730,768,259,5056,128148,768,1
9731,768,278,5093,127648,768,1
9732,768,278,5055,127834,768,1
9733,768,278,5074,127704,768,1
9734,768,278,5074,127888,768,1
9735,768,277,5074,127815,768,1
9736,768,278,5037,127630,768,1
9737,768,277,5111,127556,768,1
9738,768,296,5074,128038,768,1
9739,768,278,5074,127519,768,1
9740,768,278,5111,127537,768,1
9741,768,278,5074,127518,768,1
9742,768,277,5074,127537,768,1
9743,768,278,5074,127778,768,1
9744,768,259,5389,128000,768,1
9745,768,278,5111,128241,768,1
9746,768,278,5037,128204,768,1
9747,768,278,5111,127926,768,1
9748,768,278,5092,127556,768,1
9749,768,278,5074,127945,768,1
9750,768,278,5055,127241,768,1
9751,768,278,5055,127833,768,1
9752,768,296,5074,127722,768,1
9753,768,278,5074,127407,768,1
9754,768,278,5074,127963,768,1
9755,768,278,5093,127482,768,1
9756,768,278,5037,127703,768,1
9757,768,277,5075,127500,768,1
9758,768,278,5111,127333,768,1
9759,768,277,5056,127445,768,1
9760,768,278,5222,127871,768,1
9761,768,278,5055,127463,768,1
9762,768,277,5037,128463,768,1
9763,768,278,5055,128000,768,1
9764,768,277,5093,127982,768,1
9765,768,278,5074,127834,768,1
9766,768,278,5055,127407,768,1
9767,768,277,5056,127834,768,1
9768,768,278,5055,127574,768,1
9769,768,277,5056,127370,768,1
9770,768,278,5074,128037,768,1
9771,768,277,5093,127666,768,1
9772,768,278,5055,127240,768,1
9773,768,278,5166,127740,768,1
9774,768,278,5055,127722,768,1
9775,768,278,5148,127796,768,1
9776,768,278,5222,128166,768,1
9777,768,277,5111,127482,768,1
9778,768,259,5019,127463,768,1
9779,768,278,5055,128777,768,1
9780,768,277,5056,127963,768,1
9781,768,278,5092,128334,768,1
9782,768,278,5074,127056,768,1
9783,768,278,5055,127648,768,1
9784,768,277,5075,127908,768,1
9785,768,259,5074,127630,768,1
9786,768,296,5056,127426,768,1
9787,768,278,5037,128223,768,1
9788,768,278,5055,127612,768,1
9789,768,278,5055,127723,768,1
9790,768,296,5056,127741,768,1
9791,768,278,5277,127723,768,1
9792,768,278,5241,127815,768,1
9793,768,278,5074,127462,768,1
9794,768,277,5000,127760,768,1
9795,768,278,5055,128092,768,1
9796,768,277,5111,128704,768,1
9797,768,277,5111,127796,768,1
9798,768,296,5148,127630,768,1
9799,768,278,5092,127888,768,1
9800,768,259,5056,127426,768,1
9801,768,278,5092,127686,768,1
9802,768,278,5166,127889,768,1
9803,768,278,5055,127888,768,1
9804,768,277,5149,127371,768,1
9805,768,278,5037,127592,768,1
9806,768,296,5148,127111,768,1
9807,768,278,5074,127074,768,1
9808,768,278,5259,127649,768,1
9809,768,278,5093,126833,768,1
9810,768,296,5593,132519,768,1
9811,768,296,9148,134352,768,1
9812,768,278,5889,128186,768,1
9813,768,278,5222,128426,768,1
9814,768,278,5185,127704,768,1
9815,768,277,5093,127630,768,1
9816,768,296,5056,127370,768,1
9817,768,278,5111,127537,768,1
9818,768,278,5093,127222,768,1
9819,768,278,5074,127723,768,1
9820,768,259,5111,127537,768,1
9821,768,278,5037,127130,768,1
9822,768,278,5093,127278,768,1
9823,768,296,5093,127982,768,1
9824,768,278,5259,127407,768,1
9825,768,278,5111,127389,768,1
9826,768,278,5055,127408,768,1
9827,768,278,5129,127963,768,1
9828,768,278,5093,127129,768,1
9829,768,277,5056,127815,768,1
9830,768,277,5093,128130,768,1
9831,768,278,5092,127889,768,1
9832,768,278,5204,128037,768,1
9833,768,278,5074,127611,768,1
9834,768,278,5074,127648,768,1
9835,768,297,5037,127685,768,1
9836,768,278,5074,128185,768,1
9837,768,278,5240,128037,768,1
9838,768,296,5130,127833,768,1
9839,768,278,5074,127593,768,1
9840,768,296,5223,128222,768,1
9841,768,278,5074,127518,768,1
9842,768,297,5074,127593,768,1
9843,768,278,5074,127704,768,1
9844,768,297,5074,128092,768,1
9845,768,259,5092,127611,768,1
9846,768,278,5074,127518,768,1
9847,768,278,5111,128500,768,1
9848,768,259,5129,127611,768,1
9849,768,259,5093,128093,768,1
9850,768,278,5111,127796,768,1
9851,768,278,5130,127833,768,1
9852,768,278,5111,127926,768,1
9853,768,277,5112,127908,768,1
9854,768,278,5222,127667,768,1
9855,768,278,5314,128463,768,1
9856,768,278,5297,127740,768,1
9857,768,278,5074,127926,768,1
9858,768,278,5018,127630,768,1
9859,768,277,5093,127574,768,1
9860,768,278,5093,127852,768,1
9861,768,278,5074,127500,768,1
9862,768,278,5111,127593,768,1
9863,768,277,5093,127834,768,1
9864,768,278,5130,128500,768,1
9865,768,259,5148,127815,768,1
9866,768,278,5185,127629,768,1
9867,768,278,5056,127777,768,1
9868,768,278,5185,127370,768,1
9869,768,277,4963,126500,768,1
9870,768,278,4981,126352,768,1
9871,768,277,4926,126888,768,1
9872,768,277,5204,126852,768,1
9873,768,278,5000,126667,768,1
9874,768,278,4925,126352,768,1
9875,768,278,4963,126686,768,1
9876,768,278,4981,126926,768,1
9877,768,278,4963,126370,768,1
9878,768,278,5000,126463,768,1
9879,768,278,4981,126796,768,1
9880,768,296,4963,126778,768,1
9881,768,278,4981,127537,768,1
9882,768,278,5000,126592,768,1
9883,768,278,5000,126666,768,1
9884,768,278,5000,126740,768,1
9885,768,278,4963,126500,768,1
9886,768,278,5019,126870,768,1
9887,768,278,4982,126981,768,1
9888,768,277,5167,126982,768,1
9889,768,278,5019,126592,768,1
9890,768,278,5000,126611,768,1
9891,768,277,5000,126556,768,1
9892,768,278,5018,126686,768,1
9893,768,278,4963,127111,768,1
9894,768,277,5000,126704,768,1
9895,768,277,5000,126611,768,1
9896,768,278,5055,126796,768,1
9897,768,278,4981,127129,768,1
9898,768,278,5000,129704,768,1
9899,768,278,5704,128204,768,1
9900,768,260,5092,127686,768,1
9901,768,278,5203,127926,768,1
9902,768,278,5055,127611,768,1
9903,768,278,5092,127166,768,1
9904,768,278,5203,127482,768,1
9905,768,278,5093,127537,768,1
9906,768,278,5037,127388,768,1
9907,768,277,5019,127407,768,1
9908,768,278,5019,127241,768,1
9909,768,278,5037,127389,768,1
9910,768,277,5019,127425,768,1
9911,768,277,5038,127000,768,1
9912,768,278,5055,127259,768,1
9913,768,278,5148,127370,768,1
9914,768,278,5018,127204,768,1
9915,768,296,5018,128000,768,1
9916,768,278,5056,127056,768,1
9917,768,278,5019,127778,768,1
9918,768,296,5000,127389,768,1
9919,768,278,5222,127500,768,1
9920,768,278,5204,127945,768,1
9921,768,278,5018,127314,768,1
9922,768,277,5056,127093,768,1
9923,768,278,5018,127352,768,1
9924,768,278,5018,127241,768,1
9925,768,277,5019,127500,768,1
9926,768,278,5037,127148,768,1
9927,768,278,5056,127352,768,1
9928,768,278,5074,127037,768,1
9929,768,277,5038,128630,768,1
9930,768,277,5204,127426,768,1
9931,768,278,5055,127352,768,1
9932,768,278,5019,128667,768,1
9933,768,278,5166,127519,768,1
9934,768,278,5055,127444,768,1
9935,768,278,5056,127407,768,1
9936,768,277,5278,127463,768,1
9937,768,278,5018,127315,768,1
9938,768,278,5018,127444,768,1
9939,768,277,5038,127167,768,1
9940,768,277,5074,127019,768,1
9941,768,278,5018,127445,768,1
9942,768,278,5018,127518,768,1
9943,768,278,5704,133185,768,1
9944,768,352,11185,136019,768,1
9945,768,278,5888,128926,768,1
9946,768,278,5185,127055,768,1
9947,768,278,5074,127444,768,1
9948,768,277,5074,127259,768,1
9949,768,277,5093,128463,768,1
9950,768,278,5130,128074,768,1
9951,768,278,5074,127166,768,1
9952,768,277,5241,127574,768,1
9953,768,277,5111,127352,768,1
9954,768,278,5037,127222,768,1
9955,768,278,5037,127703,768,1
9956,768,278,5056,127371,768,1
9957,768,278,5074,127130,768,1
9958,768,278,5056,127666,768,1
9959,768,277,5093,127297,768,1
9960,768,296,5074,128389,768,1
9961,768,259,5222,127648,768,1
9962,768,278,5074,127241,768,1
9963,768,278,5111,127018,768,1
9964,768,277,5075,127260,768,1
9965,768,278,5111,127315,768,1
9966,768,278,5074,128204,768,1
9967,768,278,5148,127537,768,1
9968,768,259,5260,127741,768,1
9969,768,277,5019,127185,768,1
9970,768,277,5056,127333,768,1
9971,768,278,5056,127426,768,1
9972,768,278,5055,127149,768,1
9973,768,278,5074,127519,768,1
9974,768,277,5093,127666,768,1
9975,768,277,5130,127519,768,1
9976,768,278,5092,127315,768,1
9977,768,278,5148,127352,768,1
9978,768,278,5129,127518,768,1
9979,768,278,5129,127797,768,1
9980,768,278,5111,127593,768,1
9981,768,278,5129,127315,768,1
9982,768,278,5093,127907,768,1
9983,768,277,5352,128741,768,1
9984,768,278,5241,127370,768,1
9985,768,278,5111,127981,768,1
9986,768,278,5092,127370,768,1
9987,768,277,5186,127556,768,1
9988,768,278,5222,127296,768,1
9989,768,278,5074,127259,768,1
9990,768,278,5074,127185,768,1
9991,768,278,5111,127574,768,1
9992,768,278,5111,128352,768,1
9993,768,278,5204,127759,768,1
9994,768,278,5092,127278,768,1
9995,768,278,5074,127425,768,1
9996,768,278,5074,127389,768,1
9997,768,278,5092,127630,768,1
9998,768,278,5111,127241,768,1
9999,768,278,5111,128019,768,1
