seq,payload_bytes,build_ns,sendto_ns,rtt_ns,rx_len,ok
0,512,537,24852,153074,512,1
1,512,259,13259,123889,512,1
2,512,259,6148,109629,512,1
3,512,240,5593,108445,512,1
4,512,222,5519,108334,512,1
5,512,241,5333,108203,512,1
6,512,240,5185,108074,512,1
7,512,222,5148,108389,512,1
8,512,241,5278,109351,512,1
9,512,222,5463,108870,512,1
10,512,241,34129,108908,512,1
11,512,241,6185,109352,512,1
12,512,223,5500,108685,512,1
13,512,241,5426,108593,512,1
14,512,241,5204,109704,512,1
15,512,240,5241,108223,512,1
16,512,240,5445,108334,512,1
17,512,241,5352,108796,512,1
18,512,222,5185,108241,512,1
19,512,241,5481,108445,512,1
20,512,241,5444,108074,512,1
21,512,241,5278,108444,512,1
22,512,240,5278,108482,512,1
23,512,241,5185,107463,512,1
24,512,240,5149,109093,512,1
25,512,241,5222,109722,512,1
26,512,241,5241,108222,512,1
27,512,241,5185,108240,512,1
28,512,240,5352,107963,512,1
29,512,241,5592,109223,512,1
30,512,241,5351,108074,512,1
31,512,241,5241,109315,512,1
32,512,241,5555,108537,512,1
33,512,241,5426,108259,512,1
34,512,240,5130,108000,512,1
35,512,241,5130,108278,512,1
36,512,241,5129,108240,512,1
37,512,241,5222,108166,512,1
38,512,241,5130,108185,512,1
39,512,223,5203,108167,512,1
40,512,241,5092,107519,512,1
41,512,222,5130,108371,512,1
42,512,222,5259,108148,512,1
43,512,241,5111,108518,512,1
44,512,241,5185,107982,512,1
45,512,222,5222,108223,512,1
46,512,222,5148,108481,512,1
47,512,241,5278,108444,512,1
48,512,241,5204,108537,512,1
49,512,222,5537,108908,512,1
50,512,241,5222,108667,512,1
51,512,222,5093,107685,512,1
52,512,240,5112,108000,512,1
53,512,241,5222,108185,512,1
54,512,241,5185,108260,512,1
55,512,241,5426,108167,512,1
56,512,222,5222,107889,512,1
57,512,240,5185,108111,512,1
58,512,222,5148,107981,512,1
59,512,223,5222,114834,512,1
60,512,241,5166,115371,512,1
61,512,240,5278,108519,512,1
62,512,241,5204,108278,512,1
63,512,222,5204,107963,512,1
64,512,222,5241,108222,512,1
65,512,241,5370,108722,512,1
66,512,222,5223,108481,512,1
67,512,241,5111,107796,512,1
68,512,222,5167,107888,512,1
69,512,241,5148,108555,512,1
70,512,222,5204,108185,512,1
71,512,241,5185,108074,512,1
72,512,222,5186,108056,512,1
73,512,240,5260,108019,512,1
74,512,222,5185,108315,512,1
75,512,241,5203,108315,512,1
76,512,222,5204,109463,512,1
77,512,240,5241,108260,512,1
78,512,222,5241,108074,512,1
79,512,240,5204,108482,512,1
80,512,241,5203,108167,512,1
81,512,223,5481,108593,512,1
82,512,240,5186,108537,512,1
83,512,222,5148,107722,512,1
84,512,222,5297,108092,512,1
85,512,223,5222,107833,512,1
86,512,241,5166,108055,512,1
87,512,241,5129,108241,512,1
88,512,241,5167,108074,512,1
89,512,223,5129,108204,512,1
90,512,240,5130,107834,512,1
91,512,222,5241,107741,512,1
92,512,241,5130,107963,512,1
93,512,222,5148,108482,512,1
94,512,241,5185,108686,512,1
95,512,241,5111,107982,512,1
96,512,240,5241,108315,512,1
97,512,241,5389,108000,512,1
98,512,241,5240,108186,512,1
99,512,241,5241,108130,512,1
100,512,223,5129,107926,512,1
101,512,240,5130,107908,512,1
102,512,222,5167,107908,512,1
103,512,241,5222,108296,512,1
104,512,241,5129,107963,512,1
105,512,241,5129,108019,512,1
106,512,240,5223,107815,512,1
107,512,241,5130,107500,512,1
108,512,241,5129,108888,512,1
109,512,240,5149,108334,512,1
110,512,240,5149,108519,512,1
111,512,240,5185,108500,512,1
112,512,222,5185,107981,512,1
113,512,240,5556,108482,512,1
114,512,241,5185,108074,512,1
115,512,222,5130,108000,512,1
116,512,241,5129,108111,512,1
117,512,241,5148,107944,512,1
118,512,222,5222,108259,512,1
119,512,241,5167,109352,512,1
120,512,241,5278,108074,512,1
121,512,222,5186,107944,512,1
122,512,241,5204,107722,512,1
123,512,241,5111,107741,512,1
124,512,241,5129,108167,512,1
125,512,223,5148,107556,512,1
126,512,241,5130,108555,512,1
127,512,223,5203,109444,512,1
128,512,222,5260,108555,512,1
129,512,240,5408,108500,512,1
130,512,241,5166,107852,512,1
131,512,241,5130,107889,512,1
132,512,241,5111,107555,512,1
133,512,241,5166,108149,512,1
134,512,241,5111,108074,512,1
135,512,240,5130,108037,512,1
136,512,223,5240,107740,512,1
137,512,241,5111,108352,512,1
138,512,241,5259,108222,512,1
139,512,241,6315,116833,512,1
140,512,241,5481,108296,512,1
141,512,240,5260,112000,512,1
142,512,241,5352,122981,512,1
143,512,259,9630,123556,512,1
144,512,241,8629,121075,512,1
145,512,241,6259,116704,512,1
146,512,241,5444,108425,512,1
147,512,240,5241,108426,512,1
148,512,241,5222,108629,512,1
149,512,223,5296,108407,512,1
150,512,222,5315,108889,512,1
151,512,240,5278,108630,512,1
152,512,240,5297,108630,512,1
153,512,240,5204,108426,512,1
154,512,223,5222,108444,512,1
155,512,222,5408,109370,512,1
156,512,222,5426,108759,512,1
157,512,241,5296,108204,512,1
158,512,241,5222,108389,512,1
159,512,223,5240,108722,512,1
160,512,223,5352,108370,512,1
161,512,222,5482,108907,512,1
162,512,241,5426,109389,512,1
163,512,240,5260,108463,512,1
164,512,223,5259,108852,512,1
165,512,240,5185,108982,512,1
166,512,241,5351,108889,512,1
167,512,240,5222,108778,512,1
168,512,241,5204,108796,512,1
169,512,240,5315,108315,512,1
170,512,241,5315,108611,512,1
171,512,241,5222,108166,512,1
172,512,241,5185,108037,512,1
173,512,241,5185,108500,512,1
174,512,241,5315,108722,512,1
175,512,241,5222,108333,512,1
176,512,222,5278,108000,512,1
177,512,222,5518,109148,512,1
178,512,241,5333,109037,512,1
179,512,241,5222,109204,512,1
180,512,241,5296,108944,512,1
181,512,222,5204,108333,512,1
182,512,241,5407,108519,512,1
183,512,240,5241,108371,512,1
184,512,223,5314,109759,512,1
185,512,241,5203,108315,512,1
186,512,241,5296,108537,512,1
187,512,241,5241,108407,512,1
188,512,241,5203,108314,512,1
189,512,222,5223,108074,512,1
190,512,241,5278,108463,512,1
191,512,222,5204,108629,512,1
192,512,222,5297,108389,512,1
193,512,223,5444,108963,512,1
194,512,240,5334,108630,512,1
195,512,222,5222,109555,512,1
196,512,241,5259,108630,512,1
197,512,223,5240,108667,512,1
198,512,241,5315,108611,512,1
199,512,240,5278,108667,512,1
200,512,240,5241,108408,512,1
201,512,241,5222,109149,512,1
202,512,240,5334,108000,512,1
203,512,240,5204,108815,512,1
204,512,240,5241,108130,512,1
205,512,241,5185,108166,512,1
206,512,241,5278,108519,512,1
207,512,241,5333,108333,512,1
208,512,241,5296,108148,512,1
209,512,241,5630,109241,512,1
210,512,223,5259,108648,512,1
211,512,241,5222,108630,512,1
212,512,240,5278,108704,512,1
213,512,240,5241,109278,512,1
214,512,241,5314,108760,512,1
215,512,241,5333,108704,512,1
216,512,241,5204,108130,512,1
217,512,222,5222,108352,512,1
218,512,222,5204,108611,512,1
219,512,241,5203,108000,512,1
220,512,240,5204,108482,512,1
221,512,241,5278,108444,512,1
222,512,241,5204,108814,512,1
223,512,241,5204,108500,512,1
224,512,240,5297,108833,512,1
225,512,240,5463,108519,512,1
226,512,222,5315,108833,512,1
227,512,241,5222,108277,512,1
228,512,241,5241,109055,512,1
229,512,240,5241,108815,512,1
230,512,240,5352,108926,512,1
231,512,241,5167,108148,512,1
232,512,241,5167,108648,512,1
233,512,241,5296,108556,512,1
234,512,241,5185,108203,512,1
235,512,241,5259,108407,512,1
236,512,241,5241,108167,512,1
237,512,241,5204,108685,512,1
238,512,241,5259,108444,512,1
239,512,222,5222,108611,512,1
240,512,223,5240,108593,512,1
241,512,222,5500,109241,512,1
242,512,241,5278,108352,512,1
243,512,223,5185,108019,512,1
244,512,241,5148,107759,512,1
245,512,241,5204,107981,512,1
246,512,240,5260,108778,512,1
247,512,241,5222,108574,512,1
248,512,222,5297,108592,512,1
249,512,241,5241,108889,512,1
250,512,241,5166,108277,512,1
251,512,240,5278,109037,512,1
252,512,241,5277,108888,512,1
253,512,222,5167,108315,512,1
254,512,222,5241,108555,512,1
255,512,222,5204,107963,512,1
256,512,241,5259,108389,512,1
257,512,241,5444,108259,512,1
258,512,241,5296,108444,512,1
259,512,241,5203,108093,512,1
260,512,241,5222,108315,512,1
261,512,241,5185,108204,512,1
262,512,241,5259,108704,512,1
263,512,241,5204,109222,512,1
264,512,241,5222,108315,512,1
265,512,223,5240,108444,512,1
266,512,241,5204,108444,512,1
267,512,241,5185,108056,512,1
268,512,222,5260,108296,512,1
269,512,222,5185,108500,512,1
270,512,241,5259,108703,512,1
271,512,240,5260,108241,512,1
272,512,240,5204,108500,512,1
273,512,241,5592,109223,512,1
274,512,241,5278,108481,512,1
275,512,241,6074,117037,512,1
276,512,222,5407,108537,512,1
277,512,222,5297,108574,512,1
278,512,223,5240,108389,512,1
279,512,240,5260,108593,512,1
280,512,240,5297,108759,512,1
281,512,222,5352,108703,512,1
282,512,222,5297,108130,512,1
283,512,240,5204,108130,512,1
284,512,223,5185,108333,512,1
285,512,240,5223,108111,512,1
286,512,241,5203,108796,512,1
287,512,241,5167,108611,512,1
288,512,222,5259,108408,512,1
289,512,222,5445,109037,512,1
290,512,240,5297,108611,512,1
291,512,241,5166,108463,512,1
292,512,241,5185,108352,512,1
293,512,241,5204,108167,512,1
294,512,241,5167,108444,512,1
295,512,241,5241,108185,512,1
296,512,240,5148,107908,512,1
297,512,241,5204,108592,512,1
298,512,241,5167,108352,512,1
299,512,241,5204,108667,512,1
300,512,223,5222,108222,512,1
301,512,241,5259,109278,512,1
302,512,222,5352,108575,512,1
303,512,241,5204,108463,512,1
304,512,240,5241,108519,512,1
305,512,223,5518,108426,512,1
306,512,241,5222,108629,512,1
307,512,241,5259,108203,512,1
308,512,241,5185,108703,512,1
309,512,222,5259,108018,512,1
310,512,241,5240,108408,512,1
311,512,222,5278,108222,512,1
312,512,241,5241,108166,512,1
313,512,241,5203,108407,512,1
314,512,240,5223,108445,512,1
315,512,222,5259,108741,512,1
316,512,241,5278,108259,512,1
317,512,241,5203,108129,512,1
318,512,223,5203,108426,512,1
319,512,240,5352,108204,512,1
320,512,222,5278,108815,512,1
321,512,223,5425,108630,512,1
322,512,240,5186,108204,512,1
323,512,222,5186,108241,512,1
324,512,241,5166,108186,512,1
325,512,241,5259,108407,512,1
326,512,241,5185,107944,512,1
327,512,222,5185,108092,512,1
328,512,222,5185,108129,512,1
329,512,241,5240,108074,512,1
330,512,223,5259,108723,512,1
331,512,223,5351,109333,512,1
332,512,241,5296,108963,512,1
333,512,222,5278,108278,512,1
334,512,222,5296,108667,512,1
335,512,241,5259,108463,512,1
336,512,241,5185,108111,512,1
337,512,222,5482,109593,512,1
338,512,241,5296,108444,512,1
339,512,241,5241,108259,512,1
340,512,222,5260,108129,512,1
341,512,240,5241,108630,512,1
342,512,240,5186,108278,512,1
343,512,222,5185,108074,512,1
344,512,222,5203,107963,512,1
345,512,222,5185,108463,512,1
346,512,222,5185,108314,512,1
347,512,222,5204,108445,512,1
348,512,223,5240,108426,512,1
349,512,222,5241,108093,512,1
350,512,241,5185,108259,512,1
351,512,241,5185,108037,512,1
352,512,223,5259,108500,512,1
353,512,222,5426,108611,512,1
354,512,241,5370,108740,512,1
355,512,241,5167,108296,512,1
356,512,222,5186,108611,512,1
357,512,241,5259,108277,512,1
358,512,240,5186,107797,512,1
359,512,222,5297,108278,512,1
360,512,241,5185,108149,512,1
361,512,241,5204,107722,512,1
362,512,241,5185,108223,512,1
363,512,241,5259,108870,512,1
364,512,241,5148,108296,512,1
365,512,240,5278,108722,512,1
366,512,240,5278,108796,512,1
367,512,222,5185,107871,512,1
368,512,241,5241,108518,512,1
369,512,241,5555,108333,512,1
370,512,223,5259,108204,512,1
371,512,222,5167,108408,512,1
372,512,241,5167,107963,512,1
373,512,241,5204,108907,512,1
374,512,241,5240,108575,512,1
375,512,241,5185,108685,512,1
376,512,241,5314,108537,512,1
377,512,222,5186,108000,512,1
378,512,241,5166,107945,512,1
379,512,222,5222,108445,512,1
380,512,241,5241,107833,512,1
381,512,222,5185,107945,512,1
382,512,241,5185,108259,512,1
383,512,222,5185,108408,512,1
384,512,222,5371,108518,512,1
385,512,241,5351,108945,512,1
386,512,240,5260,107908,512,1
387,512,222,5185,107741,512,1
388,512,241,5148,108315,512,1
389,512,222,5185,108092,512,1
390,512,241,5166,108000,512,1
391,512,241,5167,108907,512,1
392,512,241,5166,108463,512,1
393,512,241,5167,108203,512,1
394,512,222,5185,108352,512,1
395,512,241,5222,108463,512,1
396,512,240,5148,108204,512,1
397,512,240,5167,108056,512,1
398,512,241,5167,108130,512,1
399,512,222,5241,108981,512,1
400,512,222,5297,108926,512,1
401,512,241,5500,108667,512,1
402,512,241,5278,108407,512,1
403,512,222,5241,108648,512,1
404,512,223,5259,108722,512,1
405,512,241,5333,108555,512,1
406,512,241,5240,108463,512,1
407,512,222,5223,107963,512,1
408,512,241,5240,108260,512,1
409,512,223,5166,108148,512,1
410,512,241,5241,108648,512,1
411,512,240,5260,108371,512,1
412,512,241,5629,115630,512,1
413,512,222,5296,108092,512,1
414,512,222,5296,108722,512,1
415,512,222,5241,108240,512,1
416,512,241,5278,108463,512,1
417,512,241,5408,108296,512,1
418,512,240,5278,108463,512,1
419,512,241,5185,108204,512,1
420,512,241,5185,108112,512,1
421,512,241,5204,108315,512,1
422,512,241,5167,108611,512,1
423,512,241,5166,108537,512,1
424,512,241,5241,108240,512,1
425,512,241,5167,108444,512,1
426,512,241,5222,108612,512,1
427,512,222,5278,108352,512,1
428,512,241,5204,108019,512,1
429,512,241,5203,108241,512,1
430,512,241,5240,108056,512,1
431,512,222,5148,108093,512,1
432,512,240,5315,108296,512,1
433,512,241,5500,109463,512,1
434,512,241,5296,109037,512,1
435,512,241,5259,108630,512,1
436,512,240,5204,108834,512,1
437,512,241,5222,108204,512,1
438,512,241,5241,108333,512,1
439,512,241,5277,108851,512,1
440,512,241,5222,107796,512,1
441,512,240,5241,108000,512,1
442,512,222,5185,108351,512,1
443,512,222,5297,108370,512,1
444,512,222,5148,108093,512,1
445,512,240,5186,108204,512,1
446,512,222,5167,108037,512,1
447,512,241,5166,108296,512,1
448,512,222,5241,108037,512,1
449,512,240,5500,108611,512,1
450,512,241,5240,108260,512,1
451,512,241,5185,108685,512,1
452,512,241,5148,108444,512,1
453,512,241,5167,108129,512,1
454,512,241,5167,108148,512,1
455,512,241,5241,108444,512,1
456,512,222,5259,108370,512,1
457,512,241,5129,108519,512,1
458,512,240,5260,108297,512,1
459,512,241,5148,108018,512,1
460,512,222,5260,108296,512,1
461,512,241,5130,107815,512,1
462,512,241,5278,108759,512,1
463,512,222,5278,107834,512,1
464,512,240,5352,109019,512,1
465,512,241,5426,108537,512,1
466,512,240,5204,108167,512,1
467,512,222,5185,109092,512,1
468,512,222,5204,108611,512,1
469,512,223,5185,108297,512,1
470,512,223,5259,108388,512,1
471,512,240,5315,109389,512,1
472,512,241,5240,108611,512,1
473,512,222,5241,108852,512,1
474,512,223,5148,107815,512,1
475,512,222,5259,108500,512,1
476,512,241,5148,107963,512,1
477,512,222,5148,108037,512,1
478,512,241,5204,108352,512,1
479,512,222,5167,108092,512,1
480,512,223,5314,108222,512,1
481,512,223,5426,108741,512,1
482,512,240,5241,108000,512,1
483,512,241,5166,107908,512,1
484,512,222,5130,109388,512,1
485,512,240,5408,108297,512,1
486,512,222,5278,108296,512,1
487,512,241,5259,108556,512,1
488,512,241,5222,108074,512,1
489,512,222,5186,108333,512,1
490,512,241,5240,108982,512,1
491,512,240,5167,109278,512,1
492,512,240,5241,108482,512,1
493,512,223,5166,108056,512,1
494,512,222,5186,108129,512,1
495,512,222,5167,108203,512,1
496,512,222,5389,108259,512,1
497,512,240,5538,108334,512,1
498,512,222,5296,108167,512,1
499,512,222,5185,108204,512,1
500,512,222,5241,108741,512,1
501,512,223,5333,108871,512,1
502,512,240,5278,108519,512,1
503,512,241,5185,108037,512,1
504,512,222,5186,108148,512,1
505,512,222,5260,108222,512,1
506,512,240,5149,108019,512,1
507,512,241,5167,108556,512,1
508,512,223,5185,108111,512,1
509,512,241,5259,108648,512,1
510,512,222,5333,109019,512,1
511,512,241,5278,108500,512,1
512,512,241,5259,108056,512,1
513,512,222,5407,108408,512,1
514,512,222,5241,108204,512,1
515,512,241,5166,108167,512,1
516,512,241,5222,107741,512,1
517,512,241,5166,108500,512,1
518,512,241,5167,108315,512,1
519,512,241,5148,108704,512,1
520,512,241,5241,108370,512,1
521,512,222,5167,109445,512,1
522,512,240,5241,108389,512,1
523,512,241,5240,107982,512,1
524,512,240,5334,109519,512,1
525,512,223,5203,108630,512,1
526,512,222,5315,108296,512,1
527,512,222,5204,108259,512,1
528,512,240,5241,108296,512,1
529,512,222,5518,138277,512,1
530,512,241,6074,116352,512,1
531,512,241,5241,108796,512,1
532,512,240,5278,108815,512,1
533,512,222,5278,108537,512,1
534,512,222,5278,108259,512,1
535,512,240,5315,108537,512,1
536,512,222,5167,108371,512,1
537,512,240,5204,108296,512,1
538,512,241,5204,108648,512,1
539,512,240,5204,108056,512,1
540,512,241,5148,108352,512,1
541,512,240,5167,109333,512,1
542,512,222,5222,108296,512,1
543,512,241,5278,108815,512,1
544,512,222,5278,108425,512,1
545,512,241,5407,108740,512,1
546,512,241,5167,108370,512,1
547,512,222,5185,108612,512,1
548,512,241,5519,115926,512,1
549,512,240,5334,108574,512,1
550,512,241,5259,108667,512,1
551,512,223,5314,108370,512,1
552,512,222,5278,108074,512,1
553,512,223,5148,107778,512,1
554,512,222,5000,107482,512,1
555,512,241,5185,108037,512,1
556,512,204,5148,107852,512,1
557,512,222,5055,108445,512,1
558,512,203,5075,107833,512,1
559,512,222,5000,107556,512,1
560,512,222,5056,107629,512,1
561,512,222,5371,107889,512,1
562,512,203,5148,107740,512,1
563,512,222,4982,107537,512,1
564,512,222,4963,107963,512,1
565,512,223,4963,107778,512,1
566,512,222,5130,107722,512,1
567,512,203,5111,107925,512,1
568,512,222,4963,107926,512,1
569,512,222,5000,107389,512,1
570,512,222,4982,107334,512,1
571,512,222,5111,107685,512,1
572,512,222,5074,107260,512,1
573,512,222,4982,106908,512,1
574,512,222,5000,107333,512,1
575,512,222,5055,108389,512,1
576,512,222,4981,107704,512,1
577,512,222,5241,107982,512,1
578,512,222,5037,107612,512,1
579,512,204,5055,107629,512,1
580,512,222,5056,107685,512,1
581,512,203,5019,107685,512,1
582,512,223,4981,107407,512,1
583,512,222,4944,107611,512,1
584,512,223,4963,107444,512,1
585,512,222,4944,107648,512,1
586,512,223,4944,107925,512,1
587,512,222,5037,107556,512,1
588,512,223,5074,107111,512,1
589,512,204,4963,107389,512,1
590,512,204,4981,107704,512,1
591,512,222,4944,107686,512,1
592,512,222,4982,108537,512,1
593,512,223,5259,107537,512,1
594,512,222,5056,107834,512,1
595,512,223,5000,107204,512,1
596,512,222,4963,107666,512,1
597,512,222,4963,107352,512,1
598,512,222,4963,107537,512,1
599,512,222,5037,107555,512,1
600,512,222,5037,107852,512,1
601,512,222,4963,107463,512,1
602,512,222,5018,107611,512,1
603,512,222,5037,107667,512,1
604,512,222,5019,107371,512,1
605,512,222,4945,107297,512,1
606,512,222,4982,107982,512,1
607,512,222,4944,107222,512,1
608,512,222,5074,107944,512,1
609,512,204,5148,108204,512,1
610,512,222,5055,107963,512,1
611,512,222,5019,107926,512,1
612,512,222,4981,107685,512,1
613,512,222,4963,107445,512,1
614,512,222,4926,107482,512,1
615,512,223,5037,108129,512,1
616,512,222,5074,108259,512,1
617,512,222,4926,107704,512,1
618,512,222,4944,107519,512,1
619,512,204,4982,107371,512,1
620,512,222,5019,107204,512,1
621,512,223,5018,107908,512,1
622,512,204,5037,107741,512,1
623,512,223,5018,107352,512,1
624,512,222,5092,107426,512,1
625,512,222,5241,107889,512,1
626,512,223,4981,108056,512,1
627,512,203,5000,107777,512,1
628,512,222,4945,107296,512,1
629,512,222,4963,107519,512,1
630,512,222,4944,107445,512,1
631,512,223,4963,107944,512,1
632,512,222,5037,107759,512,1
633,512,222,4981,107463,512,1
634,512,223,4962,107315,512,1
635,512,223,5037,107944,512,1
636,512,222,4963,107926,512,1
637,512,222,5056,108000,512,1
638,512,222,5019,107463,512,1
639,512,222,4963,107315,512,1
640,512,222,4944,107371,512,1
641,512,222,5278,108018,512,1
642,512,222,5093,107888,512,1
643,512,222,4945,108185,512,1
644,512,222,5019,108019,512,1
645,512,222,5037,107334,512,1
646,512,223,4944,107463,512,1
647,512,203,4945,107833,512,1
648,512,222,4945,108019,512,1
649,512,204,5037,107407,512,1
650,512,222,4982,107519,512,1
651,512,222,4926,107444,512,1
652,512,222,4945,107408,512,1
653,512,222,5130,107722,512,1
654,512,223,5000,108037,512,1
655,512,203,4963,107500,512,1
656,512,223,5000,107315,512,1
657,512,222,5259,108000,512,1
658,512,222,5019,107648,512,1
659,512,222,5037,107389,512,1
660,512,204,4963,107889,512,1
661,512,222,5093,107556,512,1
662,512,222,5056,107685,512,1
663,512,222,5019,107574,512,1
664,512,222,4944,107593,512,1
665,512,222,5037,107685,512,1
666,512,222,4945,107648,512,1
667,512,222,5037,107519,512,1
668,512,222,5037,107408,512,1
669,512,222,6519,108907,512,1
670,512,222,5037,107685,512,1
671,512,222,4945,107334,512,1
672,512,222,5056,107871,512,1
673,512,222,5240,108111,512,1
674,512,223,5055,107426,512,1
675,512,222,4963,107315,512,1
676,512,222,4944,107259,512,1
677,512,222,5056,108296,512,1
678,512,222,4944,107741,512,1
679,512,222,5333,229296,512,1
680,512,241,14963,126500,512,1
681,512,222,5723,108129,512,1
682,512,222,5148,108055,512,1
683,512,223,5129,107149,512,1
684,512,223,5018,107352,512,1
685,512,222,5852,115889,512,1
686,512,222,5241,107555,512,1
687,512,203,5037,107555,512,1
688,512,222,5019,107370,512,1
689,512,223,5463,141407,512,1
690,512,241,9796,122222,512,1
691,512,222,6278,111648,512,1
692,512,203,5278,107907,512,1
693,512,222,5093,107574,512,1
694,512,222,5167,109055,512,1
695,512,223,5018,107852,512,1
696,512,223,5074,107667,512,1
697,512,223,5055,107444,512,1
698,512,222,5148,108018,512,1
699,512,223,4981,107444,512,1
700,512,223,5018,108037,512,1
701,512,222,5018,107704,512,1
702,512,222,4981,107592,512,1
703,512,222,5000,108000,512,1
704,512,204,5351,108092,512,1
705,512,203,5260,107666,512,1
706,512,222,5018,107463,512,1
707,512,222,5074,107666,512,1
708,512,222,5130,107592,512,1
709,512,223,4944,114167,512,1
710,512,223,5037,108370,512,1
711,512,223,4981,108334,512,1
712,512,223,5074,108167,512,1
713,512,223,4963,108148,512,1
714,512,222,5075,107796,512,1
715,512,222,5037,107686,512,1
716,512,222,5055,107852,512,1
717,512,222,5056,107352,512,1
718,512,223,4944,107463,512,1
719,512,222,4945,107500,512,1
720,512,222,5037,108111,512,1
721,512,222,5315,107963,512,1
722,512,203,5075,107370,512,1
723,512,222,4982,107796,512,1
724,512,222,5074,107297,512,1
725,512,222,4926,107704,512,1
726,512,222,4945,107278,512,1
727,512,223,5000,107704,512,1
728,512,204,5018,108648,512,1
729,512,222,5000,108241,512,1
730,512,222,5037,107722,512,1
731,512,203,5037,107759,512,1
732,512,222,4981,107315,512,1
733,512,222,4963,107593,512,1
734,512,204,4981,107370,512,1
735,512,222,4945,107333,512,1
736,512,222,5129,107371,512,1
737,512,222,5186,107870,512,1
738,512,223,5092,107444,512,1
739,512,222,4945,109407,512,1
740,512,222,5222,107852,512,1
741,512,222,4963,107222,512,1
742,512,222,4945,107129,512,1
743,512,222,5018,107463,512,1
744,512,222,5019,107611,512,1
745,512,222,4945,108148,512,1
746,512,223,4963,107815,512,1
747,512,222,5037,107407,512,1
748,512,222,5055,107426,512,1
749,512,222,5019,107871,512,1
750,512,222,5037,107685,512,1
751,512,223,4944,107648,512,1
752,512,222,4981,107593,512,1
753,512,222,5241,107629,512,1
754,512,222,5037,107760,512,1
755,512,222,4945,107778,512,1
756,512,222,5074,107889,512,1
757,512,222,5018,107537,512,1
758,512,223,4925,107834,512,1
759,512,204,5000,107370,512,1
760,512,222,5037,107667,512,1
761,512,222,5019,107407,512,1
762,512,223,4926,108000,512,1
763,512,222,5000,107334,512,1
764,512,222,5075,107778,512,1
765,512,203,5019,107759,512,1
766,512,222,4963,107574,512,1
767,512,204,5018,107352,512,1
768,512,222,5037,111222,512,1
769,512,222,5204,141407,512,1
770,512,241,9352,122648,512,1
771,512,223,8203,119334,512,1
772,512,222,6093,109666,512,1
773,512,204,5407,108555,512,1
774,512,222,5241,108277,512,1
775,512,222,5000,107666,512,1
776,512,222,5000,108352,512,1
777,512,222,5148,108334,512,1
778,512,223,5018,107592,512,1
779,512,222,5074,110203,512,1
780,512,222,5019,107907,512,1
781,512,223,5092,107685,512,1
782,512,222,5111,107704,512,1
783,512,222,5149,108203,512,1
784,512,222,7592,113445,512,1
785,512,222,9167,121259,512,1
786,512,222,5741,109278,512,1
787,512,222,5129,108037,512,1
788,512,204,5148,107815,512,1
789,512,222,5130,107686,512,1
790,512,204,5167,107667,512,1
791,512,222,5018,107556,512,1
792,512,203,5019,107500,512,1
793,512,223,5000,107889,512,1
794,512,223,4981,107814,512,1
795,512,222,5000,107611,512,1
796,512,222,4982,110075,512,1
797,512,222,5093,107944,512,1
798,512,223,5037,107519,512,1
799,512,204,5111,107741,512,1
800,512,222,5111,107945,512,1
801,512,222,5389,108241,512,1
802,512,222,4982,107945,512,1
803,512,222,4981,107204,512,1
804,512,222,5074,107759,512,1
805,512,222,5074,107704,512,1
806,512,222,5000,108167,512,1
807,512,223,5074,107963,512,1
808,512,222,5000,107574,512,1
809,512,222,4982,107537,512,1
810,512,222,4982,107482,512,1
811,512,223,5074,107407,512,1
812,512,222,4982,108092,512,1
813,512,223,5185,108629,512,1
814,512,222,5037,108297,512,1
815,512,223,4981,108074,512,1
816,512,203,5260,107759,512,1
817,512,222,5167,107926,512,1
818,512,223,5018,107778,512,1
819,512,222,5019,107889,512,1
820,512,204,4981,107648,512,1
821,512,222,5630,115241,512,1
822,512,223,5296,107797,512,1
823,512,222,5000,107704,512,1
824,512,222,5056,108186,512,1
825,512,223,4981,158815,512,1
826,512,241,12870,126629,512,1
827,512,222,8389,120889,512,1
828,512,241,7611,117908,512,1
829,512,222,5519,108703,512,1
830,512,223,5444,109722,512,1
831,512,204,5130,108519,512,1
832,512,204,5055,108019,512,1
833,512,223,5592,108556,512,1
834,512,204,5056,107926,512,1
835,512,222,5037,107981,512,1
836,512,222,5112,108000,512,1
837,512,222,5037,107518,512,1
838,512,204,5130,108074,512,1
839,512,222,5019,108203,512,1
840,512,222,5093,107981,512,1
841,512,222,5019,107945,512,1
842,512,203,5056,107518,512,1
843,512,223,5018,107815,512,1
844,512,223,5018,107926,512,1
845,512,222,4982,107481,512,1
846,512,222,5093,108055,512,1
847,512,204,5278,108556,512,1
848,512,223,5092,108259,512,1
849,512,223,5481,108556,512,1
850,512,222,5259,107815,512,1
851,512,204,5092,108055,512,1
852,512,222,5037,107666,512,1
853,512,222,5186,108370,512,1
854,512,222,5093,107741,512,1
855,512,222,5018,107593,512,1
856,512,222,5018,107704,512,1
857,512,222,5129,107833,512,1
858,512,222,5018,107741,512,1
859,512,222,5037,107982,512,1
860,512,223,5037,107130,512,1
861,512,223,5111,107815,512,1
862,512,222,5093,107630,512,1
863,512,222,5018,107667,512,1
864,512,222,5055,109315,512,1
865,512,222,5204,108703,512,1
866,512,222,5278,108167,512,1
867,512,204,5111,107685,512,1
868,512,222,5056,107630,512,1
869,512,223,5000,107685,512,1
870,512,222,5093,108056,512,1
871,512,222,5018,107981,512,1
872,512,222,5019,108130,512,1
873,512,222,5037,107741,512,1
874,512,222,5000,108260,512,1
875,512,222,5056,107778,512,1
876,512,223,5111,108037,512,1
877,512,222,5037,107704,512,1
878,512,222,5037,107408,512,1
879,512,223,5277,107555,512,1
880,512,222,5074,107481,512,1
881,512,222,5204,108223,512,1
882,512,223,5055,107704,512,1
883,512,223,5092,107852,512,1
884,512,223,5111,107741,512,1
885,512,223,5037,107852,512,1
886,512,204,5092,107704,512,1
887,512,223,5037,107519,512,1
888,512,222,5019,108018,512,1
889,512,222,5000,107982,512,1
890,512,222,5019,107815,512,1
891,512,204,5148,108296,512,1
892,512,222,5019,107574,512,1
893,512,222,5037,107444,512,1
894,512,223,5037,107722,512,1
895,512,222,5111,107815,512,1
896,512,222,5130,107575,512,1
897,512,222,5278,107852,512,1
898,512,223,5055,108407,512,1
899,512,222,5056,107667,512,1
900,512,223,5018,108167,512,1
901,512,223,5037,107926,512,1
902,512,222,5129,107889,512,1
903,512,222,5018,107222,512,1
904,512,222,5037,107518,512,1
905,512,204,5019,107685,512,1
906,512,223,5129,107944,512,1
907,512,222,5018,107889,512,1
908,512,222,5056,107519,512,1
909,512,222,5074,108130,512,1
910,512,223,5074,107741,512,1
911,512,223,5259,108056,512,1
912,512,203,5130,107870,512,1
913,512,222,5185,107760,512,1
914,512,222,5000,107445,512,1
915,512,222,5000,108130,512,1
916,512,223,5148,107852,512,1
917,512,222,5018,107778,512,1
918,512,222,5037,107815,512,1
919,512,222,5037,108019,512,1
920,512,223,5018,107814,512,1
921,512,222,5111,107888,512,1
922,512,222,5000,107518,512,1
923,512,222,5389,107222,512,1
924,512,223,5055,106778,512,1
925,512,222,4926,106741,512,1
926,512,222,5000,106426,512,1
927,512,222,4926,106833,512,1
928,512,204,5019,106723,512,1
929,512,222,5149,106889,512,1
930,512,222,4945,107037,512,1
931,512,222,5000,106908,512,1
932,512,222,4907,107741,512,1
933,512,223,5018,107315,512,1
934,512,223,5018,107278,512,1
935,512,222,4982,106815,512,1
936,512,223,4944,106778,512,1
937,512,203,4963,107092,512,1
938,512,222,4926,107112,512,1
939,512,222,5055,106926,512,1
940,512,223,4981,107667,512,1
941,512,222,5019,107297,512,1
942,512,223,4925,107111,512,1
943,512,203,5241,106926,512,1
944,512,223,5037,107148,512,1
945,512,241,5093,107166,512,1
946,512,222,4982,107018,512,1
947,512,222,4926,106388,512,1
948,512,222,4926,106537,512,1
949,512,223,4944,107704,512,1
950,512,223,5018,106907,512,1
951,512,204,5018,106982,512,1
952,512,204,5000,107315,512,1
953,512,222,4907,107074,512,1
954,512,222,4889,106796,512,1
955,512,203,4945,107092,512,1
956,512,222,4926,106741,512,1
957,512,223,4889,106500,512,1
958,512,223,6092,120648,512,1
959,512,222,5666,109722,512,1
960,512,240,5111,107611,512,1
961,512,204,5278,107815,512,1
962,512,222,5111,107870,512,1
963,512,222,4982,107908,512,1
964,512,223,5203,107537,512,1
965,512,222,5037,107722,512,1
966,512,222,4981,107889,512,1
967,512,222,5000,107815,512,1
968,512,222,5130,108130,512,1
969,512,222,5093,108260,512,1
970,512,222,5074,107408,512,1
971,512,222,4982,107537,512,1
972,512,222,5093,107722,512,1
973,512,222,5074,107685,512,1
974,512,222,5074,108074,512,1
975,512,223,5296,107630,512,1
976,512,223,5055,107481,512,1
977,512,222,5241,108000,512,1
978,512,222,5000,107630,512,1
979,512,222,5000,107648,512,1
980,512,222,5204,107871,512,1
981,512,222,5074,107518,512,1
982,512,222,5074,107759,512,1
983,512,222,5056,107963,512,1
984,512,222,5130,108389,512,1
985,512,222,5000,107815,512,1
986,512,222,4982,108166,512,1
987,512,222,5148,107908,512,1
988,512,222,5037,108148,512,1
989,512,223,5092,107704,512,1
990,512,223,4981,107611,512,1
991,512,204,5037,107537,512,1
992,512,222,4982,107722,512,1
993,512,222,5222,107833,512,1
994,512,222,5111,107574,512,1
995,512,203,5074,107703,512,1
996,512,222,5056,107018,512,1
997,512,223,5018,106833,512,1
998,512,241,4982,107167,512,1
999,512,223,4925,106426,512,1
1000,512,223,4907,108240,512,1
1001,512,204,5018,106963,512,1
1002,512,222,4889,107018,512,1
1003,512,222,4907,106519,512,1
1004,512,222,4889,107074,512,1
1005,512,222,4926,106778,512,1
1006,512,222,5037,107018,512,1
1007,512,222,5055,107463,512,1
1008,512,222,4944,106907,512,1
1009,512,223,5129,106704,512,1
1010,512,222,4945,106630,512,1
1011,512,204,4944,106630,512,1
1012,512,222,4889,106648,512,1
1013,512,222,4889,106371,512,1
1014,512,222,4926,106797,512,1
1015,512,222,4926,106593,512,1
1016,512,222,4981,106592,512,1
1017,512,222,4926,107426,512,1
1018,512,223,4944,106870,512,1
1019,512,223,5074,106814,512,1
1020,512,222,5000,106815,512,1
1021,512,222,4926,106740,512,1
1022,512,222,4945,106408,512,1
1023,512,223,4944,106297,512,1
1024,512,222,5019,106593,512,1
1025,512,204,5185,106907,512,1
1026,512,223,4926,106352,512,1
1027,512,203,4889,106963,512,1
1028,512,222,4945,106500,512,1
1029,512,222,4944,106333,512,1
1030,512,222,4982,106426,512,1
1031,512,222,4908,106352,512,1
1032,512,222,4870,114389,512,1
1033,512,222,5426,109185,512,1
1034,512,222,5000,108741,512,1
1035,512,222,5018,108074,512,1
1036,512,222,5074,107537,512,1
1037,512,204,5074,107389,512,1
1038,512,222,5074,107833,512,1
1039,512,222,5167,107666,512,1
1040,512,222,5055,107593,512,1
1041,512,222,5203,107666,512,1
1042,512,223,4981,107630,512,1
1043,512,223,4963,107704,512,1
1044,512,223,4981,107593,512,1
1045,512,222,5018,107833,512,1
1046,512,223,4981,107944,512,1
1047,512,204,5074,107722,512,1
1048,512,222,5000,107574,512,1
1049,512,222,5037,107519,512,1
1050,512,222,4963,107740,512,1
1051,512,222,4982,108463,512,1
1052,512,222,4982,107370,512,1
1053,512,222,4963,107333,512,1
1054,512,222,5019,107518,512,1
1055,512,222,5000,107778,512,1
1056,512,222,5000,108148,512,1
1057,512,222,5241,107593,512,1
1058,512,223,5000,107556,512,1
1059,512,222,5056,107648,512,1
1060,512,222,5000,107500,512,1
1061,512,222,4982,107574,512,1
1062,512,204,4981,107333,512,1
1063,512,222,5000,107481,512,1
1064,512,222,4963,107445,512,1
1065,512,223,4963,108056,512,1
1066,512,222,4963,107463,512,1
1067,512,222,5074,107481,512,1
1068,512,222,5000,108370,512,1
1069,512,223,5037,108019,512,1
1070,512,222,5130,106667,512,1
1071,512,222,5074,107037,512,1
1072,512,222,4982,106833,512,1
1073,512,222,5074,106666,512,1
1074,512,223,4926,106519,512,1
1075,512,222,4907,106926,512,1
1076,512,223,4981,106889,512,1
1077,512,222,4963,106685,512,1
1078,512,222,5019,106908,512,1
1079,512,222,4870,106371,512,1
1080,512,222,4963,106408,512,1
1081,512,222,4889,106500,512,1
1082,512,222,4982,107037,512,1
1083,512,222,4889,106148,512,1
1084,512,222,4889,106667,512,1
1085,512,222,4908,107722,512,1
1086,512,204,4889,106815,512,1
1087,512,222,4926,106944,512,1
1088,512,223,4981,106944,512,1
1089,512,222,5148,106982,512,1
1090,512,222,4926,107074,512,1
1091,512,223,5351,115074,512,1
1092,512,222,5093,107519,512,1
1093,512,222,4963,107167,512,1
1094,512,223,5018,107296,512,1
1095,512,222,4981,107333,512,1
1096,512,222,5092,107482,512,1
1097,512,223,4963,107630,512,1
1098,512,222,5111,107463,512,1
1099,512,222,4963,107166,512,1
1100,512,204,5018,106870,512,1
1101,512,222,5112,107518,512,1
1102,512,204,5074,108463,512,1
1103,512,222,5241,107945,512,1
1104,512,222,5018,107667,512,1
1105,512,204,5259,107518,512,1
1106,512,222,5075,108611,512,1
1107,512,222,5112,107778,512,1
1108,512,222,5038,107870,512,1
1109,512,223,5037,107611,512,1
1110,512,223,5092,107370,512,1
1111,512,222,4982,107481,512,1
1112,512,222,4963,107796,512,1
1113,512,223,4944,107667,512,1
1114,512,222,5000,107611,512,1
1115,512,222,5037,107704,512,1
1116,512,203,5093,107574,512,1
1117,512,315,5055,107833,512,1
1118,512,222,4963,107407,512,1
1119,512,223,5111,108204,512,1
1120,512,222,5074,108297,512,1
1121,512,222,5222,107463,512,1
1122,512,222,5018,107648,512,1
1123,512,204,5018,107593,512,1
1124,512,223,5018,107907,512,1
1125,512,222,5056,107648,512,1
1126,512,222,4982,107351,512,1
1127,512,222,4963,107908,512,1
1128,512,223,5018,108055,512,1
1129,512,222,4963,107426,512,1
1130,512,222,5056,107500,512,1
1131,512,222,5037,107648,512,1
1132,512,222,5000,107314,512,1
1133,512,204,5000,108371,512,1
1134,512,223,5185,108000,512,1
1135,512,222,5185,108000,512,1
1136,512,223,5092,108722,512,1
1137,512,223,5407,107685,512,1
1138,512,222,5074,107259,512,1
1139,512,222,4944,107648,512,1
1140,512,222,5037,107870,512,1
1141,512,204,5018,107630,512,1
1142,512,222,4944,107333,512,1
1143,512,222,5055,107907,512,1
1144,512,204,5148,106907,512,1
1145,512,222,4889,106555,512,1
1146,512,204,4963,106611,512,1
1147,512,222,4889,106592,512,1
1148,512,222,4944,106630,512,1
1149,512,222,4889,106389,512,1
1150,512,222,4870,106704,512,1
1151,512,222,4889,106555,512,1
1152,512,223,4907,106426,512,1
1153,512,222,5297,108167,512,1
1154,512,222,5019,107185,512,1
1155,512,223,4944,106852,512,1
1156,512,222,4908,106555,512,1
1157,512,223,4907,106760,512,1
1158,512,222,4982,106833,512,1
1159,512,222,5019,106648,512,1
1160,512,223,5000,106704,512,1
1161,512,222,4889,106611,512,1
1162,512,223,4870,107111,512,1
1163,512,222,5112,106852,512,1
1164,512,222,4982,106630,512,1
1165,512,222,4963,106629,512,1
1166,512,222,4926,106482,512,1
1167,512,223,5055,106870,512,1
1168,512,222,4944,106889,512,1
1169,512,222,5149,106889,512,1
1170,512,223,4926,107093,512,1
1171,512,222,4945,106908,512,1
1172,512,222,4889,107167,512,1
1173,512,223,4963,106500,512,1
1174,512,222,4871,107074,512,1
1175,512,223,4889,107222,512,1
1176,512,222,4871,106648,512,1
1177,512,222,4870,106334,512,1
1178,512,222,4889,106574,512,1
1179,512,223,4870,106519,512,1
1180,512,204,4889,107167,512,1
1181,512,241,5296,107074,512,1
1182,512,222,4889,107185,512,1
1183,512,222,4945,106351,512,1
1184,512,222,5092,106611,512,1
1185,512,223,5129,106981,512,1
1186,512,222,4908,106518,512,1
1187,512,222,4907,107185,512,1
1188,512,223,4889,107000,512,1
1189,512,222,4871,106481,512,1
1190,512,222,4889,106667,512,1
1191,512,222,4871,106574,512,1
1192,512,222,4889,106926,512,1
1193,512,222,4944,106611,512,1
1194,512,204,4852,106223,512,1
1195,512,222,4945,106741,512,1
1196,512,223,4870,107018,512,1
1197,512,222,4945,106500,512,1
1198,512,222,4871,106685,512,1
1199,512,223,5055,107037,512,1
1200,512,222,5000,106463,512,1
1201,512,222,5185,107481,512,1
1202,512,222,4908,106370,512,1
1203,512,223,4926,106630,512,1
1204,512,222,4870,107741,512,1
1205,512,223,4925,107074,512,1
1206,512,222,4871,106611,512,1
1207,512,222,4963,106740,512,1
1208,512,222,4926,106982,512,1
1209,512,222,4907,106500,512,1
1210,512,222,4852,106388,512,1
1211,512,204,4926,107260,512,1
1212,512,222,4907,106778,512,1
1213,512,223,4981,106944,512,1
1214,512,222,4963,106722,512,1
1215,512,222,4907,107000,512,1
1216,512,223,4944,106889,512,1
1217,512,222,5130,111851,512,1
1218,512,222,5407,108741,512,1
1219,512,203,5093,107666,512,1
1220,512,222,4982,107463,512,1
1221,512,223,4963,108518,512,1
1222,512,222,5000,108037,512,1
1223,512,223,5000,107685,512,1
1224,512,222,5667,115074,512,1
1225,512,222,5112,108056,512,1
1226,512,222,5056,107370,512,1
1227,512,204,5037,107685,512,1
1228,512,222,4982,107426,512,1
1229,512,223,5000,107685,512,1
1230,512,222,5037,108334,512,1
1231,512,222,5203,107519,512,1
1232,512,223,5129,107667,512,1
1233,512,204,5203,107574,512,1
1234,512,222,5056,107166,512,1
1235,512,222,5037,107389,512,1
1236,512,222,4963,109389,512,1
1237,512,223,4944,108148,512,1
1238,512,222,5019,109482,512,1
1239,512,222,5037,107833,512,1
1240,512,222,5019,107686,512,1
1241,512,222,5019,107426,512,1
1242,512,223,4926,107722,512,1
1243,512,222,4963,107518,512,1
1244,512,223,4962,107555,512,1
1245,512,222,4926,107408,512,1
1246,512,222,4944,107482,512,1
1247,512,203,5037,107722,512,1
1248,512,222,5019,107833,512,1
1249,512,222,5185,108130,512,1
1250,512,203,5074,107648,512,1
1251,512,222,5019,107351,512,1
1252,512,222,4945,107500,512,1
1253,512,222,4945,107259,512,1
1254,512,222,4945,108222,512,1
1255,512,222,5093,108296,512,1
1256,512,222,5056,107481,512,1
1257,512,204,5000,107092,512,1
1258,512,222,5056,107481,512,1
1259,512,222,5019,108314,512,1
1260,512,222,4981,107722,512,1
1261,512,222,5019,107296,512,1
1262,512,222,4981,107666,512,1
1263,512,204,5204,107852,512,1
1264,512,222,5111,107889,512,1
1265,512,223,5074,107630,512,1
1266,512,222,4982,107278,512,1
1267,512,222,5000,107685,512,1
1268,512,204,5037,107167,512,1
1269,512,222,4963,107797,512,1
1270,512,222,5056,107186,512,1
1271,512,223,4926,107222,512,1
1272,512,223,5037,108074,512,1
1273,512,222,5055,108333,512,1
1274,512,204,4944,107167,512,1
1275,512,222,4963,107574,512,1
1276,512,222,4963,107352,512,1
1277,512,203,4963,107463,512,1
1278,512,203,5056,107629,512,1
1279,512,222,4926,107593,512,1
1280,512,223,4962,107092,512,1
1281,512,222,5185,107537,512,1
1282,512,223,4981,107740,512,1
1283,512,223,5000,107370,512,1
1284,512,222,4963,107537,512,1
1285,512,204,4945,107223,512,1
1286,512,222,5000,107575,512,1
1287,512,222,4944,107297,512,1
1288,512,222,4945,107889,512,1
1289,512,204,4944,107704,512,1
1290,512,222,5093,107537,512,1
1291,512,222,4944,107296,512,1
1292,512,222,5093,106889,512,1
1293,512,222,4944,106740,512,1
1294,512,222,4907,106666,512,1
1295,512,223,5092,106537,512,1
1296,512,223,4944,106574,512,1
1297,512,222,5092,106908,512,1
1298,512,204,4963,107352,512,1
1299,512,222,4945,106814,512,1
1300,512,222,4963,106445,512,1
1301,512,222,4963,106796,512,1
1302,512,223,4888,106760,512,1
1303,512,223,4888,106167,512,1
1304,512,222,4944,106334,512,1
1305,512,222,4889,106667,512,1
1306,512,223,4870,107574,512,1
1307,512,222,4889,106834,512,1
1308,512,222,4963,106908,512,1
1309,512,222,4982,106870,512,1
1310,512,222,4852,106389,512,1
1311,512,222,5000,106259,512,1
1312,512,223,4907,106704,512,1
1313,512,222,5167,107130,512,1
1314,512,222,5074,106871,512,1
1315,512,222,4907,106296,512,1
1316,512,223,4870,106481,512,1
1317,512,222,5037,106852,512,1
1318,512,203,4963,106704,512,1
1319,512,222,4944,106760,512,1
1320,512,223,4888,106352,512,1
1321,512,223,4870,106704,512,1
1322,512,222,4945,106723,512,1
1323,512,223,4981,107019,512,1
1324,512,222,5056,106907,512,1
1325,512,223,4963,106889,512,1
1326,512,222,4908,106592,512,1
1327,512,223,5037,107093,512,1
1328,512,222,5000,107130,512,1
1329,512,240,5815,107852,512,1
1330,512,223,4926,106796,512,1
1331,512,223,4852,106297,512,1
1332,512,222,4834,106463,512,1
1333,512,222,4871,106629,512,1
1334,512,222,4852,106334,512,1
1335,512,223,4944,106926,512,1
1336,512,223,4944,106463,512,1
1337,512,222,4834,106889,512,1
1338,512,204,4870,106389,512,1
1339,512,222,4944,106759,512,1
1340,512,204,4889,111352,512,1
1341,512,222,5056,107796,512,1
1342,512,222,5000,107371,512,1
1343,512,222,4963,107092,512,1
1344,512,222,4982,107426,512,1
1345,512,222,5185,107926,512,1
1346,512,222,4963,107223,512,1
1347,512,222,4963,107574,512,1
1348,512,222,4963,107315,512,1
1349,512,222,5075,107685,512,1
1350,512,222,4945,107278,512,1
1351,512,222,5018,107426,512,1
1352,512,204,5000,106944,512,1
1353,512,222,5000,107296,512,1
1354,512,222,4926,107130,512,1
1355,512,222,5000,107611,512,1
1356,512,222,5352,114982,512,1
1357,512,203,5093,108703,512,1
1358,512,222,5037,107593,512,1
1359,512,223,5222,107667,512,1
1360,512,222,5074,107630,512,1
1361,512,223,5111,107537,512,1
1362,512,222,5019,107592,512,1
1363,512,241,5018,107092,512,1
1364,512,240,4926,107815,512,1
1365,512,222,4926,107704,512,1
1366,512,203,4963,107592,512,1
1367,512,241,5093,107241,512,1
1368,512,222,4945,107185,512,1
1369,512,204,4926,107186,512,1
1370,512,204,4963,106852,512,1
1371,512,204,5092,107463,512,1
1372,512,222,5037,107241,512,1
1373,512,222,5019,107278,512,1
1374,512,222,5037,108445,512,1
1375,512,222,5037,107667,512,1
1376,512,223,5055,107315,512,1
1377,512,222,5223,107592,512,1
1378,512,222,4945,107407,512,1
1379,512,222,5018,107204,512,1
1380,512,222,4926,107259,512,1
1381,512,203,4945,106944,512,1
1382,512,223,4926,107259,512,1
1383,512,223,4926,107204,512,1
1384,512,223,4981,107593,512,1
1385,512,222,5000,107444,512,1
1386,512,223,4944,107630,512,1
1387,512,222,5037,106797,512,1
1388,512,222,5019,107629,512,1
1389,512,223,4963,107148,512,1
1390,512,204,5055,107463,512,1
1391,512,203,5185,107685,512,1
1392,512,222,5000,107203,512,1
1393,512,223,5185,107093,512,1
1394,512,223,5055,107185,512,1
1395,512,223,5055,108130,512,1
1396,512,222,5037,107260,512,1
1397,512,223,5018,107333,512,1
1398,512,223,5018,107111,512,1
1399,512,223,5018,107296,512,1
1400,512,222,5000,106889,512,1
1401,512,222,4944,106945,512,1
1402,512,222,4926,107371,512,1
1403,512,204,5037,107315,512,1
1404,512,222,4944,107074,512,1
1405,512,222,4963,107575,512,1
1406,512,222,5148,106982,512,1
1407,512,203,5037,107463,512,1
1408,512,222,5019,108259,512,1
1409,512,222,5130,107111,512,1
1410,512,222,5093,107055,512,1
1411,512,222,5019,107055,512,1
1412,512,223,4944,107370,512,1
1413,512,222,4926,106926,512,1
1414,512,222,4963,107370,512,1
1415,512,223,5018,107444,512,1
1416,512,222,5055,107426,512,1
1417,512,204,4963,106759,512,1
1418,512,223,4944,107185,512,1
1419,512,222,5000,107037,512,1
1420,512,222,5000,107426,512,1
1421,512,222,5037,107167,512,1
1422,512,223,5055,107130,512,1
1423,512,222,5315,107334,512,1
1424,512,222,5019,107852,512,1
1425,512,223,5203,107722,512,1
1426,512,222,5278,107481,512,1
1427,512,222,4963,106852,512,1
1428,512,223,4963,107759,512,1
1429,512,223,5018,107481,512,1
1430,512,222,5018,107260,512,1
1431,512,222,4926,107056,512,1
1432,512,222,4944,107130,512,1
1433,512,222,5092,107666,512,1
1434,512,223,5037,108093,512,1
1435,512,222,5019,107093,512,1
1436,512,222,5056,107148,512,1
1437,512,222,5018,107463,512,1
1438,512,222,5056,107593,512,1
1439,512,222,5000,107167,512,1
1440,512,222,5112,106796,512,1
1441,512,204,5259,107037,512,1
1442,512,222,4963,107852,512,1
1443,512,223,4981,107444,512,1
1444,512,222,4963,106574,512,1
1445,512,222,5018,106945,512,1
1446,512,204,5000,107278,512,1
1447,512,223,4944,106778,512,1
1448,512,223,4944,106704,512,1
1449,512,222,4926,129612,512,1
1450,512,241,9907,122055,512,1
1451,512,222,5815,108666,512,1
1452,512,222,5112,107703,512,1
1453,512,222,5037,108500,512,1
1454,512,222,5130,107611,512,1
1455,512,222,5426,108314,512,1
1456,512,222,5204,108093,512,1
1457,512,222,5167,107444,512,1
1458,512,222,5093,107463,512,1
1459,512,222,5074,108814,512,1
1460,512,203,5130,107907,512,1
1461,512,223,5037,108148,512,1
1462,512,223,5000,107926,512,1
1463,512,222,5148,107778,512,1
1464,512,222,5056,107722,512,1
1465,512,222,5037,107185,512,1
1466,512,222,5130,107463,512,1
1467,512,222,5019,107703,512,1
1468,512,204,5037,107926,512,1
1469,512,203,5019,107259,512,1
1470,512,223,5000,107129,512,1
1471,512,222,5111,107871,512,1
1472,512,222,5111,107926,512,1
1473,512,222,5500,107870,512,1
1474,512,204,5000,107704,512,1
1475,512,222,5056,108370,512,1
1476,512,222,5130,108426,512,1
1477,512,223,5166,130167,512,1
1478,512,260,6907,119259,512,1
1479,512,241,8333,119407,512,1
1480,512,203,5315,108203,512,1
1481,512,222,5130,108204,512,1
1482,512,222,5185,107260,512,1
1483,512,203,5130,107592,512,1
1484,512,222,5018,107297,512,1
1485,512,222,5056,107889,512,1
1486,512,223,5074,107778,512,1
1487,512,222,5352,108259,512,1
1488,512,222,5630,115871,512,1
1489,512,222,5555,108037,512,1
1490,512,222,5167,107538,512,1
1491,512,222,5149,107963,512,1
1492,512,222,5055,107648,512,1
1493,512,222,5222,108462,512,1
1494,512,222,5056,107963,512,1
1495,512,222,5074,107574,512,1
1496,512,222,5037,107852,512,1
1497,512,222,5093,107648,512,1
1498,512,222,5093,107833,512,1
1499,512,222,5055,107796,512,1
1500,512,222,5149,108037,512,1
1501,512,223,5148,108074,512,1
1502,512,223,5111,107407,512,1
1503,512,222,5130,107777,512,1
1504,512,222,5093,107815,512,1
1505,512,203,5278,107685,512,1
1506,512,222,5056,107389,512,1
1507,512,222,5093,107722,512,1
1508,512,223,5111,107648,512,1
1509,512,222,5130,107630,512,1
1510,512,222,5056,109315,512,1
1511,512,222,5093,107592,512,1
1512,512,223,14111,109463,512,1
1513,512,204,6093,109222,512,1
1514,512,203,5112,107574,512,1
1515,512,222,5055,107630,512,1
1516,512,222,5000,107204,512,1
1517,512,222,5018,107982,512,1
1518,512,204,5111,108055,512,1
1519,512,222,5223,108111,512,1
1520,512,222,5111,108463,512,1
1521,512,222,5259,108148,512,1
1522,512,223,5055,107815,512,1
1523,512,223,5000,107741,512,1
1524,512,223,5092,107833,512,1
1525,512,222,5092,107704,512,1
1526,512,222,4963,107519,512,1
1527,512,222,5000,108278,512,1
1528,512,223,5111,107907,512,1
1529,512,222,5000,107926,512,1
1530,512,222,5074,107833,512,1
1531,512,222,5000,107740,512,1
1532,512,203,4982,107333,512,1
1533,512,222,5018,107556,512,1
1534,512,222,5074,107982,512,1
1535,512,222,4982,107833,512,1
1536,512,222,5056,108000,512,1
1537,512,222,5260,107945,512,1
1538,512,222,5074,107704,512,1
1539,512,223,4981,107944,512,1
1540,512,222,5056,107982,512,1
1541,512,222,5000,107574,512,1
1542,512,222,5093,107537,512,1
1543,512,204,5037,107926,512,1
1544,512,222,5019,108371,512,1
1545,512,222,4982,107815,512,1
1546,512,222,5000,107426,512,1
1547,512,223,5018,107630,512,1
1548,512,223,5000,108481,512,1
1549,512,222,6444,109574,512,1
1550,512,222,5037,107703,512,1
1551,512,222,5185,107648,512,1
1552,512,222,5167,107796,512,1
1553,512,222,5166,107796,512,1
1554,512,222,5056,107519,512,1
1555,512,223,5092,107667,512,1
1556,512,222,5000,107741,512,1
1557,512,223,5129,107407,512,1
1558,512,222,4982,107611,512,1
1559,512,222,4981,107574,512,1
1560,512,222,4945,107704,512,1
1561,512,222,5056,108500,512,1
1562,512,204,5018,107574,512,1
1563,512,222,5056,107352,512,1
1564,512,222,5037,107574,512,1
1565,512,203,5074,107740,512,1
1566,512,222,4963,107648,512,1
1567,512,222,5018,107167,512,1
1568,512,222,5055,107945,512,1
1569,512,222,5241,107574,512,1
1570,512,222,5111,107408,512,1
1571,512,223,5037,107759,512,1
1572,512,223,4944,107481,512,1
1573,512,222,4982,107444,512,1
1574,512,204,4981,107352,512,1
1575,512,203,4982,107500,512,1
1576,512,223,4981,107667,512,1
1577,512,222,5074,107593,512,1
1578,512,222,4963,108871,512,1
1579,512,222,5000,107593,512,1
1580,512,204,5092,107593,512,1
1581,512,222,5074,107648,512,1
1582,512,204,5055,107852,512,1
1583,512,222,5167,107685,512,1
1584,512,222,5093,107500,512,1
1585,512,204,5129,107518,512,1
1586,512,222,5167,107871,512,1
1587,512,223,5000,108111,512,1
1588,512,223,4981,107592,512,1
1589,512,203,5093,107629,512,1
1590,512,222,4982,107426,512,1
1591,512,222,4963,107167,512,1
1592,512,223,5055,107389,512,1
1593,512,222,5074,107314,512,1
1594,512,203,4963,107518,512,1
1595,512,222,5111,107889,512,1
1596,512,222,4982,107463,512,1
1597,512,223,4981,107981,512,1
1598,512,222,5093,107537,512,1
1599,512,223,5074,107537,512,1
1600,512,222,5037,107426,512,1
1601,512,222,5371,107685,512,1
1602,512,204,4981,107685,512,1
1603,512,222,4963,107592,512,1
1604,512,222,4945,107075,512,1
1605,512,222,4982,107241,512,1
1606,512,223,5000,107500,512,1
1607,512,222,5000,107870,512,1
1608,512,222,5056,107185,512,1
1609,512,222,5075,107148,512,1
1610,512,222,5000,107056,512,1
1611,512,222,5019,107852,512,1
1612,512,222,5018,108463,512,1
1613,512,223,5018,107352,512,1
1614,512,222,5037,107556,512,1
1615,512,223,5296,107759,512,1
1616,512,204,5111,108352,512,1
1617,512,222,5223,107870,512,1
1618,512,222,4982,107870,512,1
1619,512,222,4982,107482,512,1
1620,512,222,5426,115055,512,1
1621,512,222,5111,107592,512,1
1622,512,204,5167,107889,512,1
1623,512,222,5056,107796,512,1
1624,512,222,4963,107167,512,1
1625,512,222,4981,107426,512,1
1626,512,222,5000,107871,512,1
1627,512,222,5056,107722,512,1
1628,512,222,4981,107685,512,1
1629,512,222,5000,107926,512,1
1630,512,222,5000,107611,512,1
1631,512,203,5074,107333,512,1
1632,512,222,5056,107408,512,1
1633,512,222,5240,107815,512,1
1634,512,222,5018,107334,512,1
1635,512,222,5056,107592,512,1
1636,512,222,5074,107166,512,1
1637,512,222,5074,107593,512,1
1638,512,223,5074,107500,512,1
1639,512,222,5074,107371,512,1
1640,512,223,5037,107278,512,1
1641,512,222,4982,107203,512,1
1642,512,222,4981,107815,512,1
1643,512,204,5092,107741,512,1
1644,512,203,5019,107296,512,1
1645,512,204,5056,107815,512,1
1646,512,222,5019,108352,512,1
1647,512,222,5166,107759,512,1
1648,512,203,5167,107389,512,1
1649,512,222,5241,107907,512,1
1650,512,223,5055,107648,512,1
1651,512,223,5055,107722,512,1
1652,512,222,5056,107630,512,1
1653,512,222,5056,107555,512,1
1654,512,222,4982,107574,512,1
1655,512,222,5074,107815,512,1
1656,512,222,4945,107185,512,1
1657,512,222,5074,107481,512,1
1658,512,222,5037,107630,512,1
1659,512,204,5074,107760,512,1
1660,512,204,5166,107648,512,1
1661,512,222,5074,107445,512,1
1662,512,222,5074,107389,512,1
1663,512,204,5093,108519,512,1
1664,512,222,5074,107704,512,1
1665,512,222,5166,107445,512,1
1666,512,223,5055,107352,512,1
1667,512,223,5055,107796,512,1
1668,512,222,5037,107444,512,1
1669,512,204,5037,107649,512,1
1670,512,222,5038,107500,512,1
1671,512,222,5037,107296,512,1
1672,512,222,5037,107315,512,1
1673,512,222,5056,107722,512,1
1674,512,204,5037,107760,512,1
1675,512,223,5074,107315,512,1
1676,512,223,5055,107370,512,1
1677,512,222,5056,107518,512,1
1678,512,222,5056,107500,512,1
1679,512,222,5371,108148,512,1
1680,512,222,5093,108296,512,1
1681,512,222,5204,107760,512,1
1682,512,223,5092,107296,512,1
1683,512,222,5056,107260,512,1
1684,512,223,5055,108037,512,1
1685,512,223,5000,107815,512,1
1686,512,223,5074,107667,512,1
1687,512,223,5092,107611,512,1
1688,512,222,5056,107204,512,1
1689,512,222,5000,107334,512,1
1690,512,204,5000,107612,512,1
1691,512,223,5055,107370,512,1
1692,512,222,5056,107518,512,1
1693,512,222,4981,106981,512,1
1694,512,222,5037,107481,512,1
1695,512,222,5000,107093,512,1
1696,512,222,5074,107760,512,1
1697,512,222,5297,108092,512,1
1698,512,222,5111,107407,512,1
1699,512,222,5000,107741,512,1
1700,512,222,5056,107834,512,1
1701,512,222,5000,107130,512,1
1702,512,223,4944,107111,512,1
1703,512,222,5093,108167,512,1
1704,512,222,5056,107834,512,1
1705,512,222,4982,107778,512,1
1706,512,222,5074,107926,512,1
1707,512,222,5000,107389,512,1
1708,512,222,5056,107797,512,1
1709,512,222,5074,107704,512,1
1710,512,222,4981,107426,512,1
1711,512,222,5148,107648,512,1
1712,512,222,5074,107260,512,1
1713,512,222,5186,107944,512,1
1714,512,222,5000,108666,512,1
1715,512,222,5019,107592,512,1
1716,512,204,4982,107519,512,1
1717,512,222,4981,107148,512,1
1718,512,222,5111,107611,512,1
1719,512,222,5019,107296,512,1
1720,512,204,5055,107778,512,1
1721,512,222,4981,107371,512,1
1722,512,204,5074,107333,512,1
1723,512,222,5019,107333,512,1
1724,512,222,5055,107871,512,1
1725,512,222,4963,107185,512,1
1726,512,222,4963,107426,512,1
1727,512,223,4981,107315,512,1
1728,512,222,5074,107519,512,1
1729,512,204,5259,107611,512,1
1730,512,223,5000,107741,512,1
1731,512,222,5056,107741,512,1
1732,512,222,5056,107926,512,1
1733,512,222,5093,107611,512,1
1734,512,222,5037,107093,512,1
1735,512,223,5055,107481,512,1
1736,512,222,4963,107240,512,1
1737,512,222,4963,107278,512,1
1738,512,222,5000,107648,512,1
1739,512,222,5074,107648,512,1
1740,512,203,5000,107426,512,1
1741,512,204,4982,107352,512,1
1742,512,223,4981,107833,512,1
1743,512,222,5167,107518,512,1
1744,512,222,5037,107445,512,1
1745,512,222,5148,107797,512,1
1746,512,222,5000,107296,512,1
1747,512,223,4963,107352,512,1
1748,512,222,5056,107870,512,1
1749,512,222,4981,107519,512,1
1750,512,204,5019,107722,512,1
1751,512,223,5055,107667,512,1
1752,512,222,5408,115056,512,1
1753,512,223,5129,107593,512,1
1754,512,222,4981,107778,512,1
1755,512,222,5000,107630,512,1
1756,512,203,5075,107574,512,1
1757,512,222,5037,107389,512,1
1758,512,223,5092,107704,512,1
1759,512,223,5074,107926,512,1
1760,512,203,5204,107555,512,1
1761,512,222,5222,107963,512,1
1762,512,222,5111,107722,512,1
1763,512,222,5093,107167,512,1
1764,512,222,4981,107426,512,1
1765,512,223,5000,107815,512,1
1766,512,223,5055,107611,512,1
1767,512,223,4981,107481,512,1
1768,512,222,4982,107537,512,1
1769,512,223,5092,108463,512,1
1770,512,204,5037,107723,512,1
1771,512,222,5038,107907,512,1
1772,512,222,5093,107518,512,1
1773,512,204,5093,107389,512,1
1774,512,223,5000,108259,512,1
1775,512,222,5259,107982,512,1
1776,512,222,5019,107000,512,1
1777,512,222,5149,107648,512,1
1778,512,222,5000,107259,512,1
1779,512,222,5000,107444,512,1
1780,512,222,5000,107667,512,1
1781,512,222,5037,107445,512,1
1782,512,204,5018,108519,512,1
1783,512,223,5148,107611,512,1
1784,512,222,5185,107667,512,1
1785,512,222,5093,107723,512,1
1786,512,223,5000,107407,512,1
1787,512,222,5018,107574,512,1
1788,512,223,5055,107518,512,1
1789,512,222,5019,107481,512,1
1790,512,222,4963,108111,512,1
1791,512,223,5000,107648,512,1
1792,512,222,5056,107389,512,1
1793,512,222,5241,107777,512,1
1794,512,222,5000,107463,512,1
1795,512,222,5000,107519,512,1
1796,512,222,5055,107611,512,1
1797,512,222,5000,107240,512,1
1798,512,203,5019,107333,512,1
1799,512,222,4982,107537,512,1
1800,512,222,5037,108074,512,1
1801,512,222,5000,107444,512,1
1802,512,222,5019,107518,512,1
1803,512,222,5074,107592,512,1
1804,512,222,5000,107445,512,1
1805,512,222,5074,107667,512,1
1806,512,222,4981,107574,512,1
1807,512,223,5203,107444,512,1
1808,512,222,5111,107445,512,1
1809,512,223,5240,107982,512,1
1810,512,222,5000,107630,512,1
1811,512,222,5000,107834,512,1
1812,512,222,4982,107352,512,1
1813,512,223,5000,107093,512,1
1814,512,223,5000,107055,512,1
1815,512,222,4982,107500,512,1
1816,512,223,4981,108370,512,1
1817,512,222,4963,107481,512,1
1818,512,222,5037,107389,512,1
1819,512,222,5093,108074,512,1
1820,512,223,5074,107889,512,1
1821,512,203,4982,107740,512,1
1822,512,203,5074,107759,512,1
1823,512,222,4981,107408,512,1
1824,512,223,5111,107408,512,1
1825,512,204,5241,107741,512,1
1826,512,222,5018,107982,512,1
1827,512,204,5074,107704,512,1
1828,512,222,4963,107593,512,1
1829,512,223,5000,107370,512,1
1830,512,222,5093,107407,512,1
1831,512,222,4963,107574,512,1
1832,512,222,5000,107648,512,1
1833,512,204,4981,107982,512,1
1834,512,222,5075,107611,512,1
1835,512,222,5074,107666,512,1
1836,512,222,5056,108445,512,1
1837,512,222,5074,107685,512,1
1838,512,222,5093,108149,512,1
1839,512,222,5241,107797,512,1
1840,512,223,5037,107333,512,1
1841,512,222,5148,107537,512,1
1842,512,222,5074,107722,512,1
1843,512,223,4981,107870,512,1
1844,512,223,5018,107500,512,1
1845,512,222,5074,107574,512,1
1846,512,203,4982,107166,512,1
1847,512,240,5111,107685,512,1
1848,512,222,5037,107722,512,1
1849,512,222,5074,107407,512,1
1850,512,222,4963,108389,512,1
1851,512,222,5019,107426,512,1
1852,512,222,4982,107592,512,1
1853,512,222,5000,107666,512,1
1854,512,222,5000,107389,512,1
1855,512,241,5000,107370,512,1
1856,512,222,4982,107462,512,1
1857,512,222,5241,107870,512,1
1858,512,223,5000,108111,512,1
1859,512,222,5019,107685,512,1
1860,512,222,4981,107315,512,1
1861,512,222,5000,107334,512,1
1862,512,222,5000,107296,512,1
1863,512,222,5093,107814,512,1
1864,512,222,4982,107463,512,1
1865,512,223,4981,107037,512,1
1866,512,222,4982,107315,512,1
1867,512,223,5185,108852,512,1
1868,512,222,5111,107963,512,1
1869,512,204,5037,107630,512,1
1870,512,222,5093,107611,512,1
1871,512,222,5241,107815,512,1
1872,512,223,5092,107574,512,1
1873,512,222,5149,107463,512,1
1874,512,223,5018,107611,512,1
1875,512,223,4981,107000,512,1
1876,512,222,5019,107370,512,1
1877,512,222,5000,108000,512,1
1878,512,203,5000,107666,512,1
1879,512,222,5000,107574,512,1
1880,512,223,4981,107296,512,1
1881,512,240,5037,106722,512,1
1882,512,222,5055,106333,512,1
1883,512,222,4907,106704,512,1
1884,512,222,5408,114388,512,1
1885,512,222,5019,107074,512,1
1886,512,222,4981,106648,512,1
1887,512,222,4982,106889,512,1
1888,512,222,4963,106648,512,1
1889,512,222,5167,106963,512,1
1890,512,223,4889,106593,512,1
1891,512,222,4963,106537,512,1
1892,512,222,4926,106759,512,1
1893,512,222,5018,106630,512,1
1894,512,222,4907,106426,512,1
1895,512,204,4926,106556,512,1
1896,512,222,4871,106852,512,1
1897,512,222,4908,106389,512,1
1898,512,223,4888,106667,512,1
1899,512,223,4888,106315,512,1
1900,512,204,4981,106704,512,1
1901,512,222,4907,107278,512,1
1902,512,223,4963,106685,512,1
1903,512,222,5130,107186,512,1
1904,512,203,5038,106778,512,1
1905,512,222,5037,107130,512,1
1906,512,222,4907,106797,512,1
1907,512,222,5000,106667,512,1
1908,512,222,4908,106518,512,1
1909,512,222,4963,106593,512,1
1910,512,222,5056,106722,512,1
1911,512,223,4851,106519,512,1
1912,512,222,4945,106778,512,1
1913,512,222,4871,106556,512,1
1914,512,204,4889,106574,512,1
1915,512,223,4888,106852,512,1
1916,512,222,4889,106519,512,1
1917,512,222,4908,108389,512,1
1918,512,241,5981,109814,512,1
1919,512,222,5111,108352,512,1
1920,512,222,5093,108185,512,1
1921,512,222,5222,108093,512,1
1922,512,222,5074,108092,512,1
1923,512,223,5055,107759,512,1
1924,512,222,5074,107852,512,1
1925,512,222,5019,107778,512,1
1926,512,222,5019,108222,512,1
1927,512,204,5055,107371,512,1
1928,512,222,5093,107834,512,1
1929,512,222,4963,107796,512,1
1930,512,223,5055,107870,512,1
1931,512,222,5000,107648,512,1
1932,512,203,5074,107851,512,1
1933,512,222,4981,107574,512,1
1934,512,222,5000,107481,512,1
1935,512,203,5186,108741,512,1
1936,512,222,5148,107907,512,1
1937,512,223,5148,107649,512,1
1938,512,223,5092,107797,512,1
1939,512,222,4963,107611,512,1
1940,512,223,5000,107926,512,1
1941,512,223,5000,107648,512,1
1942,512,222,4982,107481,512,1
1943,512,204,4981,107463,512,1
1944,512,223,5037,107889,512,1
1945,512,222,4982,107926,512,1
1946,512,204,5000,107389,512,1
1947,512,223,5018,107370,512,1
1948,512,222,4981,107389,512,1
1949,512,222,4982,107815,512,1
1950,512,222,5000,107815,512,1
1951,512,223,5000,107685,512,1
1952,512,204,5092,108167,512,1
1953,512,222,5241,107944,512,1
1954,512,222,5018,107445,512,1
1955,512,222,5130,108296,512,1
1956,512,223,5018,107426,512,1
1957,512,222,4982,107963,512,1
1958,512,222,5000,107685,512,1
1959,512,222,4945,107481,512,1
1960,512,222,5000,107611,512,1
1961,512,204,5000,107611,512,1
1962,512,222,5000,107500,512,1
1963,512,204,5074,107389,512,1
1964,512,222,5074,107981,512,1
1965,512,223,4963,107593,512,1
1966,512,222,5075,107685,512,1
1967,512,222,5223,107352,512,1
1968,512,204,5055,107148,512,1
1969,512,222,5223,108241,512,1
1970,512,222,5186,107815,512,1
1971,512,222,4963,107593,512,1
1972,512,222,5056,107500,512,1
1973,512,222,5019,107333,512,1
1974,512,222,5037,107426,512,1
1975,512,222,5074,107759,512,1
1976,512,223,5037,107537,512,1
1977,512,222,5000,107444,512,1
1978,512,222,5037,107445,512,1
1979,512,222,5019,107407,512,1
1980,512,222,4944,107759,512,1
1981,512,223,5055,107704,512,1
1982,512,223,4981,107037,512,1
1983,512,204,4981,107241,512,1
1984,512,222,5074,107777,512,1
1985,512,203,5278,107926,512,1
1986,512,204,4982,108037,512,1
1987,512,203,5019,107444,512,1
1988,512,223,5000,107389,512,1
1989,512,222,4945,107130,512,1
1990,512,222,4982,107741,512,1
1991,512,223,4981,107630,512,1
1992,512,222,5037,107408,512,1
1993,512,222,4982,107388,512,1
1994,512,204,4981,107500,512,1
1995,512,223,5018,107352,512,1
1996,512,222,4982,107333,512,1
1997,512,222,5000,107407,512,1
1998,512,223,5037,107574,512,1
1999,512,222,5241,107500,512,1
2000,512,222,5222,107963,512,1
2001,512,222,5149,107518,512,1
2002,512,204,5037,107241,512,1
2003,512,222,4981,108296,512,1
2004,512,222,5037,107759,512,1
2005,512,222,4981,107741,512,1
2006,512,204,5000,107222,512,1
2007,512,222,5000,107519,512,1
2008,512,222,4982,107593,512,1
2009,512,222,4982,107611,512,1
2010,512,222,5000,107833,512,1
2011,512,223,5000,107185,512,1
2012,512,222,5018,108648,512,1
2013,512,222,5019,108592,512,1
2014,512,222,5019,107537,512,1
2015,512,222,4963,107871,512,1
2016,512,222,5463,114926,512,1
2017,512,222,5278,107944,512,1
2018,512,203,5074,107352,512,1
2019,512,222,5056,107223,512,1
2020,512,222,4963,108574,512,1
2021,512,222,4982,107926,512,1
2022,512,204,5074,109871,512,1
2023,512,222,5241,107556,512,1
2024,512,222,4982,107352,512,1
2025,512,223,5111,107370,512,1
2026,512,222,5000,107074,512,1
2027,512,223,5000,107185,512,1
2028,512,223,4981,108055,512,1
2029,512,204,5074,107334,512,1
2030,512,222,5074,107408,512,1
2031,512,222,5204,107500,512,1
2032,512,222,5037,107666,512,1
2033,512,222,5185,107482,512,1
2034,512,222,4963,107093,512,1
2035,512,223,4944,106926,512,1
2036,512,222,4945,107351,512,1
2037,512,222,5111,107871,512,1
2038,512,203,4963,107148,512,1
2039,512,222,5074,106981,512,1
2040,512,223,5037,107389,512,1
2041,512,222,4963,107129,512,1
2042,512,204,4981,107315,512,1
2043,512,222,5056,107074,512,1
2044,512,222,4963,107278,512,1
2045,512,222,5037,107518,512,1
2046,512,204,4981,107259,512,1
2047,512,222,5037,106982,512,1
2048,512,222,4981,107148,512,1
2049,512,222,5204,107444,512,1
2050,512,222,4963,107111,512,1
2051,512,222,4963,107352,512,1
2052,512,222,4982,107185,512,1
2053,512,222,4945,107074,512,1
2054,512,223,5000,107741,512,1
2055,512,222,4982,107055,512,1
2056,512,222,4945,107000,512,1
2057,512,222,4981,107352,512,1
2058,512,222,4963,106908,512,1
2059,512,222,5037,107519,512,1
2060,512,222,4963,107018,512,1
2061,512,222,5037,107445,512,1
2062,512,222,5037,107185,512,1
2063,512,222,5259,107945,512,1
2064,512,222,5019,106871,512,1
2065,512,222,5111,107648,512,1
2066,512,223,5037,107333,512,1
2067,512,222,4981,107093,512,1
2068,512,222,5019,107149,512,1
2069,512,222,4982,107149,512,1
2070,512,222,5000,107223,512,1
2071,512,222,4926,108074,512,1
2072,512,222,5056,107129,512,1
2073,512,222,5000,107315,512,1
2074,512,222,4945,107129,512,1
2075,512,203,4982,107074,512,1
2076,512,222,4945,106908,512,1
2077,512,222,4982,107000,512,1
2078,512,222,5019,107352,512,1
2079,512,223,5018,106889,512,1
2080,512,222,5055,107759,512,1
2081,512,203,5241,107426,512,1
2082,512,222,5037,107074,512,1
2083,512,222,5037,106963,512,1
2084,512,223,4944,106981,512,1
2085,512,222,4981,107000,512,1
2086,512,204,4982,106982,512,1
2087,512,222,4963,107074,512,1
2088,512,222,4963,107555,512,1
2089,512,223,4944,107444,512,1
2090,512,222,4944,107426,512,1
2091,512,222,5037,107000,512,1
2092,512,222,4945,106908,512,1
2093,512,222,4963,107148,512,1
2094,512,222,5000,107111,512,1
2095,512,222,5222,107389,512,1
2096,512,222,5093,107074,512,1
2097,512,222,5148,107500,512,1
2098,512,222,5093,107259,512,1
2099,512,223,4963,106815,512,1
2100,512,204,5000,107463,512,1
2101,512,222,5037,106852,512,1
2102,512,222,5056,108111,512,1
2103,512,203,5111,107463,512,1
2104,512,223,5018,107018,512,1
2105,512,222,5000,107611,512,1
2106,512,222,4982,107296,512,1
2107,512,204,4981,107185,512,1
2108,512,222,4982,107129,512,1
2109,512,222,4982,107352,512,1
2110,512,222,5037,107166,512,1
2111,512,222,4981,107296,512,1
2112,512,222,5074,107222,512,1
2113,512,222,5204,107537,512,1
2114,512,223,5037,107259,512,1
2115,512,223,5074,107481,512,1
2116,512,222,5019,107129,512,1
2117,512,222,5037,107148,512,1
2118,512,222,5055,107019,512,1
2119,512,222,5000,107833,512,1
2120,512,223,5055,107056,512,1
2121,512,222,5037,107037,512,1
2122,512,203,4963,108296,512,1
2123,512,222,5000,107704,512,1
2124,512,222,4963,107389,512,1
2125,512,222,4982,106629,512,1
2126,512,222,4963,107092,512,1
2127,512,204,5203,107556,512,1
2128,512,222,5111,107482,512,1
2129,512,222,5148,107833,512,1
2130,512,204,4981,106982,512,1
2131,512,223,5018,106907,512,1
2132,512,222,4981,106982,512,1
2133,512,204,5055,106926,512,1
2134,512,222,5037,106981,512,1
2135,512,223,4981,107000,512,1
2136,512,222,4963,107203,512,1
2137,512,222,4963,106704,512,1
2138,512,222,4945,106926,512,1
2139,512,222,4963,108463,512,1
2140,512,222,5092,107778,512,1
2141,512,222,5092,107593,512,1
2142,512,222,5037,107463,512,1
2143,512,222,5111,107722,512,1
2144,512,222,5111,108074,512,1
2145,512,222,5222,107518,512,1
2146,512,223,4981,107259,512,1
2147,512,223,5055,107407,512,1
2148,512,222,5556,114908,512,1
2149,512,222,5018,107648,512,1
2150,512,203,5000,107426,512,1
2151,512,223,4963,107074,512,1
2152,512,222,4963,107000,512,1
2153,512,222,4982,107518,512,1
2154,512,222,4963,107074,512,1
2155,512,222,5037,107203,512,1
2156,512,222,5018,108074,512,1
2157,512,204,5019,107500,512,1
2158,512,222,5074,107889,512,1
2159,512,222,5241,107852,512,1
2160,512,222,5037,107500,512,1
2161,512,222,5204,107667,512,1
2162,512,240,5037,107352,512,1
2163,512,223,4981,107296,512,1
2164,512,223,4981,107389,512,1
2165,512,222,5056,107296,512,1
2166,512,222,4981,107185,512,1
2167,512,222,4944,107315,512,1
2168,512,222,5000,107370,512,1
2169,512,223,5037,107260,512,1
2170,512,222,4963,107297,512,1
2171,512,222,5000,107612,512,1
2172,512,222,4963,107445,512,1
2173,512,222,4982,108277,512,1
2174,512,222,5037,107259,512,1
2175,512,203,4982,108129,512,1
2176,512,222,5222,107537,512,1
2177,512,222,5241,108260,512,1
2178,512,222,5074,107926,512,1
2179,512,222,4963,107315,512,1
2180,512,222,4982,107148,512,1
2181,512,222,4963,107056,512,1
2182,512,222,4982,107334,512,1
2183,512,204,4944,107389,512,1
2184,512,222,4963,107278,512,1
2185,512,222,4981,107130,512,1
2186,512,222,5037,107315,512,1
2187,512,222,5018,107704,512,1
2188,512,222,5075,107407,512,1
2189,512,222,4963,107297,512,1
2190,512,222,5093,108518,512,1
2191,512,222,5278,107796,512,1
2192,512,222,5241,107593,512,1
2193,512,222,5204,107407,512,1
2194,512,223,5055,107426,512,1
2195,512,222,5000,107092,512,1
2196,512,223,4963,107278,512,1
2197,512,203,5056,107500,512,1
2198,512,204,5074,107407,512,1
2199,512,223,4981,107352,512,1
2200,512,222,4945,107463,512,1
2201,512,223,4963,107315,512,1
2202,512,223,5055,107315,512,1
2203,512,222,4982,106963,512,1
2204,512,222,5000,107463,512,1
2205,512,223,4963,107166,512,1
2206,512,223,5000,107519,512,1
2207,512,315,4944,107926,512,1
2208,512,223,5000,107500,512,1
2209,512,222,5241,107703,512,1
2210,512,222,5018,107389,512,1
2211,512,222,5112,107333,512,1
2212,512,223,4963,108037,512,1
2213,512,222,5222,107297,512,1
2214,512,222,4945,107333,512,1
2215,512,222,4982,107389,512,1
2216,512,223,4963,107630,512,1
2217,512,223,5055,107278,512,1
2218,512,222,4945,107593,512,1
2219,512,223,5037,107592,512,1
2220,512,222,4981,107000,512,1
2221,512,223,5055,107204,512,1
2222,512,222,5074,106963,512,1
2223,512,222,5111,107482,512,1
2224,512,222,5000,108074,512,1
2225,512,222,5204,107426,512,1
2226,512,204,4963,107463,512,1
2227,512,222,5074,107797,512,1
2228,512,222,4963,107518,512,1
2229,512,222,5000,107148,512,1
2230,512,223,4944,107019,512,1
2231,512,222,4963,107203,512,1
2232,512,222,5130,107760,512,1
2233,512,222,5093,107223,512,1
2234,512,222,5037,107074,512,1
2235,512,222,5019,107389,512,1
2236,512,222,4981,107408,512,1
2237,512,222,5074,107426,512,1
2238,512,222,4963,107296,512,1
2239,512,222,5000,106963,512,1
2240,512,223,5037,107556,512,1
2241,512,222,5222,108371,512,1
2242,512,222,5000,108149,512,1
2243,512,222,4982,107074,512,1
2244,512,222,5037,107111,512,1
2245,512,222,5000,107537,512,1
2246,512,223,5074,107722,512,1
2247,512,222,5037,107223,512,1
2248,512,222,5000,107315,512,1
2249,512,223,5055,108296,512,1
2250,512,222,5092,107519,512,1
2251,512,222,5074,107574,512,1
2252,512,222,5000,107500,512,1
2253,512,223,5111,107741,512,1
2254,512,222,4963,107129,512,1
2255,512,223,5166,108056,512,1
2256,512,222,5130,107741,512,1
2257,512,222,5149,107759,512,1
2258,512,223,5092,108259,512,1
2259,512,223,5074,107926,512,1
2260,512,204,5074,107296,512,1
2261,512,222,5092,107908,512,1
2262,512,222,5056,107778,512,1
2263,512,223,5074,107944,512,1
2264,512,222,5037,107833,512,1
2265,512,222,5055,107574,512,1
2266,512,203,4982,107351,512,1
2267,512,222,5056,107963,512,1
2268,512,223,4981,107704,512,1
2269,512,222,5093,107667,512,1
2270,512,223,4962,107352,512,1
2271,512,223,5074,107370,512,1
2272,512,222,4963,107482,512,1
2273,512,204,5148,107704,512,1
2274,512,223,5000,107611,512,1
2275,512,222,5019,108166,512,1
2276,512,222,4981,107259,512,1
2277,512,222,4981,107871,512,1
2278,512,222,5019,107760,512,1
2279,512,223,4963,106981,512,1
2280,512,222,5018,107222,512,1
2281,512,222,5463,114574,512,1
2282,512,222,5018,107556,512,1
2283,512,222,5000,107519,512,1
2284,512,204,5037,107445,512,1
2285,512,222,5074,107371,512,1
2286,512,222,4963,107389,512,1
2287,512,222,5297,107778,512,1
2288,512,223,5074,107833,512,1
2289,512,222,5148,107797,512,1
2290,512,222,4982,106925,512,1
2291,512,204,4981,107241,512,1
2292,512,222,4963,107852,512,1
2293,512,222,5019,107741,512,1
2294,512,223,5055,107426,512,1
2295,512,222,4982,107351,512,1
2296,512,222,5037,107371,512,1
2297,512,223,5000,107093,512,1
2298,512,222,4963,107315,512,1
2299,512,222,5000,107278,512,1
2300,512,204,4963,107297,512,1
2301,512,222,5000,107371,512,1
2302,512,222,4963,107314,512,1
2303,512,222,4981,107648,512,1
2304,512,222,5037,107500,512,1
2305,512,223,5166,107296,512,1
2306,512,222,5000,107148,512,1
2307,512,204,4982,107352,512,1
2308,512,223,4981,107315,512,1
2309,512,203,4982,108111,512,1
2310,512,222,5056,107166,512,1
2311,512,204,5000,107389,512,1
2312,512,222,4981,107352,512,1
2313,512,222,4982,107685,512,1
2314,512,203,5074,107481,512,1
2315,512,223,5000,106981,512,1
2316,512,222,5074,107408,512,1
2317,512,222,5056,107741,512,1
2318,512,223,5037,107426,512,1
2319,512,222,5241,107500,512,1
2320,512,223,5037,107685,512,1
2321,512,223,5222,107944,512,1
2322,512,222,5000,107259,512,1
2323,512,204,5055,107685,512,1
2324,512,222,5111,107444,512,1
2325,512,222,5056,107741,512,1
2326,512,222,5093,108704,512,1
2327,512,222,5056,107778,512,1
2328,512,222,4982,107371,512,1
2329,512,204,5074,107185,512,1
2330,512,222,5056,107204,512,1
2331,512,223,5037,107815,512,1
2332,512,223,5074,107444,512,1
2333,512,222,5093,107463,512,1
2334,512,222,4982,107148,512,1
2335,512,223,5092,107722,512,1
2336,512,223,4963,107482,512,1
2337,512,222,5222,107519,512,1
2338,512,204,5093,107037,512,1
2339,512,204,5093,107019,512,1
2340,512,222,5129,107482,512,1
2341,512,222,5074,107241,512,1
2342,512,223,5074,107722,512,1
2343,512,223,5055,107685,512,1
2344,512,204,4981,107500,512,1
2345,512,222,5037,107722,512,1
2346,512,222,5000,107296,512,1
2347,512,222,5074,107278,512,1
2348,512,222,5000,107018,512,1
2349,512,222,5037,107388,512,1
2350,512,222,5018,107722,512,1
2351,512,222,5241,107815,512,1
2352,512,222,5019,107426,512,1
2353,512,223,5148,107519,512,1
2354,512,223,5074,107760,512,1
2355,512,222,4963,107297,512,1
2356,512,222,4963,107556,512,1
2357,512,222,5000,107296,512,1
2358,512,222,5056,107204,512,1
2359,512,222,5000,107648,512,1
2360,512,222,5019,107796,512,1
2361,512,222,5167,107519,512,1
2362,512,204,4963,107296,512,1
2363,512,222,5055,107537,512,1
2364,512,204,5000,107649,512,1
2365,512,222,4982,107074,512,1
2366,512,222,4963,107148,512,1
2367,512,222,4963,107130,512,1
2368,512,222,5074,107870,512,1
2369,512,222,5149,107740,512,1
2370,512,203,5056,107185,512,1
2371,512,222,4945,107518,512,1
2372,512,222,5259,107926,512,1
2373,512,222,5093,107777,512,1
2374,512,222,5112,107907,512,1
2375,512,223,4981,107445,512,1
2376,512,222,4982,107296,512,1
2377,512,222,5056,108166,512,1
2378,512,222,5000,107778,512,1
2379,512,222,4981,107834,512,1
2380,512,222,5075,108000,512,1
2381,512,222,5056,107555,512,1
2382,512,204,5055,107870,512,1
2383,512,204,5204,107870,512,1
2384,512,222,5186,108055,512,1
2385,512,204,5296,108352,512,1
2386,512,222,5074,107777,512,1
2387,512,222,5037,107519,512,1
2388,512,223,5055,107352,512,1
2389,512,204,5055,107574,512,1
2390,512,223,4981,107815,512,1
2391,512,223,4963,107407,512,1
2392,512,203,4963,106963,512,1
2393,512,222,4982,107111,512,1
2394,512,222,5037,108093,512,1
2395,512,222,5056,107796,512,1
2396,512,222,5037,107407,512,1
2397,512,223,4981,107556,512,1
2398,512,204,5111,107445,512,1
2399,512,223,5092,107648,512,1
2400,512,223,5074,108148,512,1
2401,512,222,5260,107648,512,1
2402,512,222,5000,107370,512,1
2403,512,223,5055,107241,512,1
2404,512,222,4982,107649,512,1
2405,512,222,5056,107352,512,1
2406,512,204,5055,107778,512,1
2407,512,204,5037,107315,512,1
2408,512,222,4945,107555,512,1
2409,512,223,5055,107537,512,1
2410,512,222,5037,107630,512,1
2411,512,222,5056,107740,512,1
2412,512,222,5055,107630,512,1
2413,512,223,5296,114518,512,1
2414,512,222,5037,107482,512,1
2415,512,222,5260,107629,512,1
2416,512,222,5000,107481,512,1
2417,512,223,5185,107389,512,1
2418,512,222,5000,107778,512,1
2419,512,203,5056,108129,512,1
2420,512,204,5000,107167,512,1
2421,512,222,5074,107426,512,1
2422,512,222,4963,107055,512,1
2423,512,223,4981,107370,512,1
2424,512,222,5055,107148,512,1
2425,512,223,5074,107259,512,1
2426,512,223,4981,106982,512,1
2427,512,222,5056,107463,512,1
2428,512,222,5000,108037,512,1
2429,512,222,5056,108037,512,1
2430,512,222,5148,107611,512,1
2431,512,222,4982,107111,512,1
2432,512,222,5074,107741,512,1
2433,512,223,5277,107963,512,1
2434,512,222,5074,107685,512,1
2435,512,222,6074,108407,512,1
2436,512,222,4982,107611,512,1
2437,512,204,4981,107315,512,1
2438,512,222,4981,108000,512,1
2439,512,204,4963,107481,512,1
2440,512,222,5075,107426,512,1
2441,512,222,5056,107204,512,1
2442,512,222,5074,107315,512,1
2443,512,223,5055,107593,512,1
2444,512,222,5056,107297,512,1
2445,512,222,5000,107926,512,1
2446,512,222,5000,107648,512,1
2447,512,222,5148,107167,512,1
2448,512,222,5037,107722,512,1
2449,512,222,5185,107240,512,1
2450,512,222,5018,107222,512,1
2451,512,204,5000,107445,512,1
2452,512,222,5000,107741,512,1
2453,512,203,4963,107592,512,1
2454,512,222,5130,107648,512,1
2455,512,222,4963,107315,512,1
2456,512,222,5000,107148,512,1
2457,512,204,5000,107370,512,1
2458,512,222,5056,107426,512,1
2459,512,204,5000,107278,512,1
2460,512,223,5000,106944,512,1
2461,512,222,4981,107482,512,1
2462,512,222,5074,108223,512,1
2463,512,222,5000,107778,512,1
2464,512,223,5111,107444,512,1
2465,512,222,5222,107408,512,1
2466,512,222,5111,107741,512,1
2467,512,223,5055,108185,512,1
2468,512,222,5093,107297,512,1
2469,512,222,5074,107389,512,1
2470,512,223,4981,107518,512,1
2471,512,222,4963,107500,512,1
2472,512,223,5111,107648,512,1
2473,512,222,4945,107371,512,1
2474,512,222,4982,107388,512,1
2475,512,222,5037,107408,512,1
2476,512,222,5093,107741,512,1
2477,512,223,5074,107722,512,1
2478,512,222,5074,107500,512,1
2479,512,222,5185,108185,512,1
2480,512,222,5129,107722,512,1
2481,512,222,5223,107814,512,1
2482,512,222,5018,107463,512,1
2483,512,223,4963,107186,512,1
2484,512,222,5019,107667,512,1
2485,512,223,5000,107407,512,1
2486,512,222,4981,107611,512,1
2487,512,223,4981,107741,512,1
2488,512,222,5056,107352,512,1
2489,512,222,4963,107388,512,1
2490,512,222,4981,107056,512,1
2491,512,222,5019,107537,512,1
2492,512,222,5000,107037,512,1
2493,512,222,4981,107167,512,1
2494,512,222,5000,107426,512,1
2495,512,204,4981,107444,512,1
2496,512,222,5074,108278,512,1
2497,512,222,5204,107814,512,1
2498,512,222,5092,107259,512,1
2499,512,222,4981,107093,512,1
2500,512,222,5056,107740,512,1
2501,512,222,4981,107519,512,1
2502,512,222,5093,107575,512,1
2503,512,222,4963,107518,512,1
2504,512,222,4981,107241,512,1
2505,512,222,4982,107351,512,1
2506,512,222,4981,107704,512,1
2507,512,222,4982,107037,512,1
2508,512,222,4982,107240,512,1
2509,512,223,5092,107667,512,1
2510,512,222,5056,107334,512,1
2511,512,222,5166,107167,512,1
2512,512,223,5018,107351,512,1
2513,512,203,5167,107870,512,1
2514,512,222,5037,107685,512,1
2515,512,222,4982,107222,512,1
2516,512,222,5000,107777,512,1
2517,512,222,5074,107463,512,1
2518,512,204,5019,107167,512,1
2519,512,223,4963,107241,512,1
2520,512,222,5111,107463,512,1
2521,512,222,5055,107389,512,1
2522,512,223,4981,107186,512,1
2523,512,222,4981,107630,512,1
2524,512,222,4982,107167,512,1
2525,512,222,5056,107426,512,1
2526,512,222,5019,107278,512,1
2527,512,204,5037,107760,512,1
2528,512,222,5074,107611,512,1
2529,512,222,5241,107556,512,1
2530,512,222,5019,108481,512,1
2531,512,204,5056,107574,512,1
2532,512,222,5037,107389,512,1
2533,512,222,4981,107666,512,1
2534,512,222,4944,107407,512,1
2535,512,223,5018,107649,512,1
2536,512,222,4981,107204,512,1
2537,512,222,4982,107352,512,1
2538,512,204,5019,107408,512,1
2539,512,204,5018,107296,512,1
2540,512,222,5037,107555,512,1
2541,512,223,4963,107130,512,1
2542,512,222,5074,107870,512,1
2543,512,222,5130,107259,512,1
2544,512,222,5056,107240,512,1
2545,512,222,5981,115963,512,1
2546,512,222,5092,107871,512,1
2547,512,222,5075,108241,512,1
2548,512,222,5056,107760,512,1
2549,512,222,5056,107407,512,1
2550,512,223,5074,107222,512,1
2551,512,223,5037,107944,512,1
2552,512,222,5037,107704,512,1
2553,512,222,5167,107815,512,1
2554,512,203,5075,107518,512,1
2555,512,222,5018,107148,512,1
2556,512,222,5000,107426,512,1
2557,512,222,4981,107352,512,1
2558,512,222,4981,107352,512,1
2559,512,223,5037,107389,512,1
2560,512,222,5092,107000,512,1
2561,512,223,5185,107444,512,1
2562,512,222,5018,107500,512,1
2563,512,223,4981,107111,512,1
2564,512,222,4963,108055,512,1
2565,512,222,5074,107518,512,1
2566,512,223,4981,107685,512,1
2567,512,204,4981,107371,512,1
2568,512,222,5074,107297,512,1
2569,512,222,5000,107518,512,1
2570,512,222,4982,107797,512,1
2571,512,222,5037,107629,512,1
2572,512,222,5074,107593,512,1
2573,512,222,5019,107240,512,1
2574,512,222,4963,107389,512,1
2575,512,222,5352,107889,512,1
2576,512,222,5019,107482,512,1
2577,512,222,5167,107408,512,1
2578,512,222,5019,107723,512,1
2579,512,222,5056,107260,512,1
2580,512,222,4982,107519,512,1
2581,512,222,5037,108685,512,1
2582,512,222,5222,108148,512,1
2583,512,222,5055,107815,512,1
2584,512,222,4982,107555,512,1
2585,512,222,5055,107482,512,1
2586,512,203,5056,107555,512,1
2587,512,222,5055,107556,512,1
2588,512,222,5056,107149,512,1
2589,512,222,5093,107130,512,1
2590,512,222,5038,107130,512,1
2591,512,222,5092,107778,512,1
2592,512,203,5056,107129,512,1
2593,512,222,5222,107926,512,1
2594,512,223,5074,107426,512,1
2595,512,222,5074,107777,512,1
2596,512,222,5074,107333,512,1
2597,512,222,4981,107315,512,1
2598,512,222,5055,107871,512,1
2599,512,222,5056,107130,512,1
2600,512,222,5093,107759,512,1
2601,512,204,5019,107371,512,1
2602,512,222,5074,107426,512,1
2603,512,222,5037,107852,512,1
2604,512,222,5093,107500,512,1
2605,512,203,5074,107666,512,1
2606,512,223,5037,107371,512,1
2607,512,204,5203,107463,512,1
2608,512,222,5019,107204,512,1
2609,512,222,5148,107222,512,1
2610,512,222,5000,107278,512,1
2611,512,222,4982,107611,512,1
2612,512,222,4981,107500,512,1
2613,512,223,5037,107185,512,1
2614,512,223,4963,107463,512,1
2615,512,204,5055,107426,512,1
2616,512,223,5074,107463,512,1
2617,512,222,5000,107203,512,1
2618,512,222,4981,107852,512,1
2619,512,204,5055,107722,512,1
2620,512,222,5000,107333,512,1
2621,512,223,4981,107444,512,1
2622,512,222,5056,107722,512,1
2623,512,222,5056,107907,512,1
2624,512,222,5074,107722,512,1
2625,512,222,5204,107703,512,1
2626,512,222,5037,107352,512,1
2627,512,222,4981,107185,512,1
2628,512,222,4982,107537,512,1
2629,512,222,5019,107722,512,1
2630,512,204,5148,107519,512,1
2631,512,222,4981,107167,512,1
2632,512,222,4982,108389,512,1
2633,512,222,5130,107593,512,1
2634,512,204,5018,107796,512,1
2635,512,223,5055,107574,512,1
2636,512,223,4981,107259,512,1
2637,512,223,5092,107167,512,1
2638,512,222,5000,107537,512,1
2639,512,222,5223,107648,512,1
2640,512,223,5055,107296,512,1
2641,512,222,5129,107759,512,1
2642,512,222,5074,107574,512,1
2643,512,222,5000,107223,512,1
2644,512,222,5000,107649,512,1
2645,512,222,5056,107018,512,1
2646,512,222,5037,107334,512,1
2647,512,222,4963,107130,512,1
2648,512,222,4982,107630,512,1
2649,512,222,5000,107611,512,1
2650,512,222,5111,107538,512,1
2651,512,222,5037,107778,512,1
2652,512,223,5000,107333,512,1
2653,512,223,5092,107574,512,1
2654,512,222,5019,107148,512,1
2655,512,222,5056,107630,512,1
2656,512,222,5148,107259,512,1
2657,512,222,5204,107740,512,1
2658,512,204,5018,107519,512,1
2659,512,222,5056,107260,512,1
2660,512,222,4982,107333,512,1
2661,512,222,5037,107666,512,1
2662,512,222,5018,107482,512,1
2663,512,222,5037,107518,512,1
2664,512,222,5019,107111,512,1
2665,512,222,4963,107334,512,1
2666,512,203,5000,108037,512,1
2667,512,223,5092,107870,512,1
2668,512,223,5203,107611,512,1
2669,512,223,4981,107074,512,1
2670,512,222,5093,107222,512,1
2671,512,222,5260,107796,512,1
2672,512,223,5129,107722,512,1
2673,512,223,5148,107148,512,1
2674,512,222,5075,107278,512,1
2675,512,222,5000,107389,512,1
2676,512,222,4982,107334,512,1
2677,512,222,5852,114814,512,1
2678,512,222,5056,107278,512,1
2679,512,223,5018,107592,512,1
2680,512,222,5056,107852,512,1
2681,512,222,5111,107167,512,1
2682,512,223,4962,107223,512,1
2683,512,222,5056,108370,512,1
2684,512,223,5000,107612,512,1
2685,512,203,5019,107500,512,1
2686,512,222,4981,107130,512,1
2687,512,204,5000,107112,512,1
2688,512,222,5111,107111,512,1
2689,512,222,5241,107815,512,1
2690,512,222,5074,108074,512,1
2691,512,222,5037,107370,512,1
2692,512,223,5018,107555,512,1
2693,512,222,5111,107407,512,1
2694,512,223,5000,107704,512,1
2695,512,222,5019,107278,512,1
2696,512,222,4982,107334,512,1
2697,512,222,5000,107186,512,1
2698,512,222,4982,107204,512,1
2699,512,223,4963,107444,512,1
2700,512,240,5000,107852,512,1
2701,512,222,5075,107463,512,1
2702,512,223,5074,107704,512,1
2703,512,222,5278,107778,512,1
2704,512,222,5130,107407,512,1
2705,512,222,5130,107333,512,1
2706,512,223,5000,107759,512,1
2707,512,222,4982,107204,512,1
2708,512,204,5111,107667,512,1
2709,512,222,5075,107889,512,1
2710,512,222,5056,107315,512,1
2711,512,223,5055,107389,512,1
2712,512,222,5074,107537,512,1
2713,512,204,4981,107500,512,1
2714,512,203,5075,107426,512,1
2715,512,223,5055,107278,512,1
2716,512,223,5055,107370,512,1
2717,512,222,5092,108130,512,1
2718,512,222,5056,107777,512,1
2719,512,222,5037,107556,512,1
2720,512,223,5074,107204,512,1
2721,512,222,5259,107500,512,1
2722,512,222,5000,107648,512,1
2723,512,222,5018,107574,512,1
2724,512,204,5074,107704,512,1
2725,512,223,5074,107518,512,1
2726,512,222,5092,107167,512,1
2727,512,222,5037,107667,512,1
2728,512,222,5000,107945,512,1
2729,512,222,5074,107408,512,1
2730,512,223,5055,106463,512,1
2731,512,222,4870,106741,512,1
2732,512,204,4926,106852,512,1
2733,512,222,5037,106408,512,1
2734,512,204,5000,107407,512,1
2735,512,203,5093,107074,512,1
2736,512,222,5130,106796,512,1
2737,512,222,5185,106759,512,1
2738,512,222,4982,107148,512,1
2739,512,222,4945,106851,512,1
2740,512,222,4907,106592,512,1
2741,512,204,5000,106666,512,1
2742,512,223,5000,106871,512,1
2743,512,204,4981,106630,512,1
2744,512,223,4963,106667,512,1
2745,512,222,4945,106685,512,1
2746,512,223,4944,106481,512,1
2747,512,222,4982,106185,512,1
2748,512,223,5000,107148,512,1
2749,512,222,4908,106426,512,1
2750,512,222,5000,106426,512,1
2751,512,222,4981,107130,512,1
2752,512,204,4926,106537,512,1
2753,512,222,5204,106814,512,1
2754,512,222,4981,106796,512,1
2755,512,222,4926,106592,512,1
2756,512,223,4963,106611,512,1
2757,512,223,4870,106593,512,1
2758,512,222,4889,106463,512,1
2759,512,222,5000,106482,512,1
2760,512,204,4926,106630,512,1
2761,512,204,4944,106408,512,1
2762,512,222,4889,106389,512,1
2763,512,223,4963,107112,512,1
2764,512,222,4907,106667,512,1
2765,512,222,4889,106722,512,1
2766,512,222,4907,107278,512,1
2767,512,222,5389,107797,512,1
2768,512,222,5093,107612,512,1
2769,512,222,5130,106796,512,1
2770,512,223,5018,106555,512,1
2771,512,222,4889,106593,512,1
2772,512,222,5000,106444,512,1
2773,512,222,4981,106334,512,1
2774,512,204,4907,106592,512,1
2775,512,203,4963,106518,512,1
2776,512,222,4889,106444,512,1
2777,512,222,4981,106963,512,1
2778,512,222,4908,106593,512,1
2779,512,222,4889,106408,512,1
2780,512,204,4889,106852,512,1
2781,512,222,4908,106389,512,1
2782,512,222,4889,106574,512,1
2783,512,204,4907,106463,512,1
2784,512,222,4926,106500,512,1
2785,512,222,5130,107092,512,1
2786,512,223,5111,106741,512,1
2787,512,222,4926,106815,512,1
2788,512,223,4870,106408,512,1
2789,512,222,4889,106537,512,1
2790,512,222,4963,106593,512,1
2791,512,222,4871,106352,512,1
2792,512,223,4907,106611,512,1
2793,512,222,4870,106463,512,1
2794,512,223,4889,106593,512,1
2795,512,222,4870,106370,512,1
2796,512,204,4908,106740,512,1
2797,512,204,4963,106907,512,1
2798,512,222,4982,106519,512,1
2799,512,223,5055,106630,512,1
2800,512,222,4926,106223,512,1
2801,512,222,5111,106685,512,1
2802,512,204,4944,107408,512,1
2803,512,222,4926,114630,512,1
2804,512,204,5796,114630,512,1
2805,512,222,5148,107723,512,1
2806,512,222,5000,107519,512,1
2807,512,222,5056,107111,512,1
2808,512,222,5092,107277,512,1
2809,512,222,5482,114611,512,1
2810,512,223,5111,107389,512,1
2811,512,222,5111,107482,512,1
2812,512,204,5055,107500,512,1
2813,512,222,5093,107167,512,1
2814,512,222,4981,107111,512,1
2815,512,222,5093,107148,512,1
2816,512,222,5092,107556,512,1
2817,512,222,5167,106981,512,1
2818,512,203,5093,107259,512,1
2819,512,223,5055,107852,512,1
2820,512,222,5130,107408,512,1
2821,512,222,5037,107167,512,1
2822,512,222,5074,107111,512,1
2823,512,204,4981,107111,512,1
2824,512,223,5000,107426,512,1
2825,512,222,4963,107092,512,1
2826,512,223,5018,107463,512,1
2827,512,222,5093,107333,512,1
2828,512,222,5112,107556,512,1
2829,512,222,5056,107537,512,1
2830,512,222,5019,107074,512,1
2831,512,222,5185,107148,512,1
2832,512,204,5018,107315,512,1
2833,512,222,5223,107537,512,1
2834,512,222,5056,107518,512,1
2835,512,204,5000,107796,512,1
2836,512,223,4981,107612,512,1
2837,512,203,5075,107389,512,1
2838,512,222,4982,106982,512,1
2839,512,222,5056,107000,512,1
2840,512,204,5019,107148,512,1
2841,512,223,5000,107278,512,1
2842,512,223,5018,107463,512,1
2843,512,222,4963,107222,512,1
2844,512,222,4981,107000,512,1
2845,512,222,4963,107686,512,1
2846,512,222,5037,107297,512,1
2847,512,204,5018,107037,512,1
2848,512,222,4963,106870,512,1
2849,512,222,5148,107241,512,1
2850,512,222,5056,107186,512,1
2851,512,204,5055,107018,512,1
2852,512,203,4982,106944,512,1
2853,512,222,5000,107760,512,1
2854,512,222,5074,107445,512,1
2855,512,204,5055,107389,512,1
2856,512,222,4963,106797,512,1
2857,512,223,4944,107204,512,1
2858,512,222,4981,107408,512,1
2859,512,222,5056,106833,512,1
2860,512,222,4963,110426,512,1
2861,512,222,5241,110278,512,1
2862,512,241,6093,116167,512,1
2863,512,223,5426,107704,512,1
2864,512,222,5111,107925,512,1
2865,512,203,5204,107555,512,1
2866,512,222,5018,107574,512,1
2867,512,204,5018,107574,512,1
2868,512,223,4981,107129,512,1
2869,512,222,5000,107204,512,1
2870,512,222,5056,108463,512,1
2871,512,222,5130,108000,512,1
2872,512,222,5112,107760,512,1
2873,512,222,5037,107426,512,1
2874,512,223,5166,107963,512,1
2875,512,222,5130,107592,512,1
2876,512,222,5018,107593,512,1
2877,512,223,5092,107981,512,1
2878,512,203,5112,107741,512,1
2879,512,222,5075,107444,512,1
2880,512,223,5055,107093,512,1
2881,512,222,5278,107537,512,1
2882,512,222,5130,107648,512,1
2883,512,222,5074,107537,512,1
2884,512,223,4944,107574,512,1
2885,512,222,4982,106944,512,1
2886,512,223,4963,107667,512,1
2887,512,204,4963,107889,512,1
2888,512,222,5037,107408,512,1
2889,512,222,5056,107445,512,1
2890,512,222,5056,107592,512,1
2891,512,223,5037,107667,512,1
2892,512,223,5055,107926,512,1
2893,512,222,5092,108093,512,1
2894,512,204,5074,107167,512,1
2895,512,223,5148,107611,512,1
2896,512,222,5111,107259,512,1
2897,512,222,5204,107815,512,1
2898,512,222,5074,107204,512,1
2899,512,223,4963,107074,512,1
2900,512,222,5018,107056,512,1
2901,512,203,4982,107333,512,1
2902,512,222,5000,107222,512,1
2903,512,222,4982,107611,512,1
2904,512,222,4963,107963,512,1
2905,512,222,4963,107518,512,1
2906,512,222,4981,107445,512,1
2907,512,203,5075,107444,512,1
2908,512,223,5000,107296,512,1
2909,512,222,4981,107241,512,1
2910,512,222,4982,107685,512,1
2911,512,222,5056,107351,512,1
2912,512,222,5000,107482,512,1
2913,512,223,5222,107500,512,1
2914,512,222,5018,107574,512,1
2915,512,204,5092,107408,512,1
2916,512,222,5056,107555,512,1
2917,512,222,5074,106963,512,1
2918,512,222,5056,107537,512,1
2919,512,222,5037,107389,512,1
2920,512,223,5055,107518,512,1
2921,512,203,5074,107870,512,1
2922,512,222,5056,107741,512,1
2923,512,222,5056,107371,512,1
2924,512,222,5037,108315,512,1
2925,512,203,5056,107592,512,1
2926,512,223,5074,107555,512,1
2927,512,222,5204,107629,512,1
2928,512,222,5037,107500,512,1
2929,512,223,5222,107611,512,1
2930,512,222,5056,107537,512,1
2931,512,222,5000,107037,512,1
2932,512,222,5056,107445,512,1
2933,512,222,4982,107685,512,1
2934,512,222,5037,107555,512,1
2935,512,223,5092,107574,512,1
2936,512,203,5056,107111,512,1
2937,512,222,5000,107315,512,1
2938,512,222,5037,108426,512,1
2939,512,222,4982,107556,512,1
2940,512,222,5148,107778,512,1
2941,512,222,5407,114797,512,1
2942,512,223,5148,107667,512,1
2943,512,223,4981,107389,512,1
2944,512,222,5092,107389,512,1
2945,512,222,5241,107592,512,1
2946,512,222,4982,107593,512,1
2947,512,222,4981,107278,512,1
2948,512,222,4981,107333,512,1
2949,512,222,4981,107093,512,1
2950,512,222,5000,107389,512,1
2951,512,222,11852,107241,512,1
2952,512,222,5333,107129,512,1
2953,512,222,4908,106185,512,1
2954,512,222,4907,106815,512,1
2955,512,222,4963,107019,512,1
2956,512,223,5000,106815,512,1
2957,512,222,4908,106889,512,1
2958,512,204,4981,106278,512,1
2959,512,222,5148,106371,512,1
2960,512,223,4962,106574,512,1
2961,512,222,5129,106871,512,1
2962,512,222,4963,106370,512,1
2963,512,204,4889,106612,512,1
2964,512,222,4926,106167,512,1
2965,512,222,4907,106408,512,1
2966,512,223,4981,106685,512,1
2967,512,222,5019,106537,512,1
2968,512,222,4963,106500,512,1
2969,512,222,4908,106741,512,1
2970,512,223,4870,105982,512,1
2971,512,222,4889,106889,512,1
2972,512,222,4963,107166,512,1
2973,512,222,4926,106500,512,1
2974,512,222,4908,106352,512,1
2975,512,204,4907,106574,512,1
2976,512,223,5037,106519,512,1
2977,512,222,5130,106667,512,1
2978,512,204,4944,106704,512,1
2979,512,222,4944,106426,512,1
2980,512,222,4926,106315,512,1
2981,512,223,4888,106648,512,1
2982,512,204,4981,106630,512,1
2983,512,222,4963,106703,512,1
2984,512,222,4889,106537,512,1
2985,512,204,4907,106370,512,1
2986,512,222,4889,106592,512,1
2987,512,222,4889,106426,512,1
2988,512,222,4889,107518,512,1
2989,512,223,5240,108371,512,1
2990,512,222,5056,107445,512,1
2991,512,222,5278,107426,512,1
2992,512,223,5018,107259,512,1
2993,512,223,5148,107296,512,1
2994,512,203,5000,107111,512,1
2995,512,222,5000,107056,512,1
2996,512,222,5038,107370,512,1
2997,512,223,5000,107241,512,1
2998,512,223,4963,107056,512,1
2999,512,222,4963,107129,512,1
3000,512,222,5074,107611,512,1
3001,512,204,5074,107019,512,1
3002,512,222,4963,107130,512,1
3003,512,222,5019,107129,512,1
3004,512,222,4944,107185,512,1
3005,512,222,4963,107018,512,1
3006,512,204,5037,107889,512,1
3007,512,222,5056,107203,512,1
3008,512,223,5055,107444,512,1
3009,512,222,5148,107593,512,1
3010,512,203,5000,107481,512,1
3011,512,222,5037,107223,512,1
3012,512,222,4963,107130,512,1
3013,512,204,5000,107297,512,1
3014,512,222,5000,107222,512,1
3015,512,222,4945,107166,512,1
3016,512,222,4945,106981,512,1
3017,512,222,4982,107371,512,1
3018,512,222,4963,106963,512,1
3019,512,222,5056,107408,512,1
3020,512,222,4982,107370,512,1
3021,512,222,4981,107445,512,1
3022,512,222,4982,106926,512,1
3023,512,222,5111,107482,512,1
3024,512,315,5111,107149,512,1
3025,512,222,5130,107500,512,1
3026,512,222,5074,107037,512,1
3027,512,222,5019,107111,512,1
3028,512,222,5000,107129,512,1
3029,512,222,4963,107630,512,1
3030,512,222,5000,106963,512,1
3031,512,222,4963,107482,512,1
3032,512,222,4963,107037,512,1
3033,512,222,5000,107426,512,1
3034,512,222,5000,107333,512,1
3035,512,222,4982,107074,512,1
3036,512,222,5000,106796,512,1
3037,512,222,4982,107148,512,1
3038,512,222,5111,107166,512,1
3039,512,223,4981,107500,512,1
3040,512,222,5018,107722,512,1
3041,512,222,5223,107574,512,1
3042,512,204,5018,107574,512,1
3043,512,204,5056,107093,512,1
3044,512,222,4963,107074,512,1
3045,512,223,4981,107167,512,1
3046,512,222,5074,107426,512,1
3047,512,222,4982,106777,512,1
3048,512,222,5000,107093,512,1
3049,512,222,4945,107407,512,1
3050,512,222,4981,107019,512,1
3051,512,223,4963,107019,512,1
3052,512,222,5056,106981,512,1
3053,512,222,5037,107277,512,1
3054,512,222,5000,107259,512,1
3055,512,222,5129,107148,512,1
3056,512,204,5111,107296,512,1
3057,512,203,5130,107740,512,1
3058,512,222,5000,107778,512,1
3059,512,222,5000,106833,512,1
3060,512,203,4982,107129,512,1
3061,512,222,5000,107019,512,1
3062,512,222,4982,107704,512,1
3063,512,204,5092,107352,512,1
3064,512,222,5074,107000,512,1
3065,512,222,5056,107241,512,1
3066,512,223,5000,107333,512,1
3067,512,222,4982,106723,512,1
3068,512,222,5130,107593,512,1
3069,512,222,4982,107223,512,1
3070,512,222,5018,107093,512,1
3071,512,203,5037,107000,512,1
3072,512,222,5056,106963,512,1
3073,512,222,5518,114852,512,1
3074,512,223,5148,108185,512,1
3075,512,222,5111,107149,512,1
3076,512,222,5056,107037,512,1
3077,512,222,5000,107500,512,1
3078,512,223,5092,107167,512,1
3079,512,222,5000,106815,512,1
3080,512,223,5000,107111,512,1
3081,512,223,4981,107241,512,1
3082,512,222,5074,107223,512,1
3083,512,222,5056,106963,512,1
3084,512,222,5019,107111,512,1
3085,512,222,5093,107222,512,1
3086,512,222,5204,107814,512,1
3087,512,222,5148,107408,512,1
3088,512,223,5277,107408,512,1
3089,512,223,5148,107111,512,1
3090,512,223,5018,107333,512,1
3091,512,223,5055,107759,512,1
3092,512,223,5074,107130,512,1
3093,512,222,5148,107185,512,1
3094,512,223,5037,106815,512,1
3095,512,222,5000,107426,512,1
3096,512,222,4981,106796,512,1
3097,512,222,5000,107463,512,1
3098,512,223,5018,107612,512,1
3099,512,222,5019,108037,512,1
3100,512,222,5056,107500,512,1
3101,512,223,5037,107241,512,1
3102,512,222,5000,106944,512,1
3103,512,222,4945,107111,512,1
3104,512,222,5111,107000,512,1
3105,512,223,5259,107315,512,1
3106,512,223,5018,106926,512,1
3107,512,222,5056,107703,512,1
3108,512,222,5074,107703,512,1
3109,512,222,4981,107278,512,1
3110,512,222,5000,107037,512,1
3111,512,223,5000,107296,512,1
3112,512,222,5037,107444,512,1
3113,512,203,5000,106907,512,1
3114,512,204,5018,107111,512,1
3115,512,223,4944,107223,512,1
3116,512,222,5019,107482,512,1
3117,512,222,5037,107037,512,1
3118,512,223,5092,107130,512,1
3119,512,222,5167,107592,512,1
3120,512,222,5018,107093,512,1
3121,512,222,5185,107203,512,1
3122,512,204,5019,107111,512,1
3123,512,204,4963,106870,512,1
3124,512,223,4963,107204,512,1
3125,512,223,5074,107611,512,1
3126,512,223,5000,107574,512,1
3127,512,203,5000,107203,512,1
3128,512,222,4963,107259,512,1
3129,512,222,4981,107278,512,1
3130,512,204,5000,107111,512,1
3131,512,222,4981,107148,512,1
3132,512,222,4981,107241,512,1
3133,512,204,5018,106945,512,1
3134,512,222,4963,106945,512,1
3135,512,222,4945,107074,512,1
3136,512,223,5074,107907,512,1
3137,512,222,5259,107148,512,1
3138,512,222,5000,106982,512,1
3139,512,222,5037,107296,512,1
3140,512,204,5167,107241,512,1
3141,512,222,4982,107018,512,1
3142,512,222,5093,107982,512,1
3143,512,222,4944,106945,512,1
3144,512,222,4982,107241,512,1
3145,512,222,5019,107166,512,1
3146,512,222,5000,106815,512,1
3147,512,222,4982,107000,512,1
3148,512,222,4982,107186,512,1
3149,512,222,5019,107519,512,1
3150,512,222,5000,107148,512,1
3151,512,222,5130,107092,512,1
3152,512,223,5074,107241,512,1
3153,512,222,5204,107241,512,1
3154,512,204,5000,107241,512,1
3155,512,222,4963,107260,512,1
3156,512,222,5000,107185,512,1
3157,512,222,5000,107278,512,1
3158,512,223,5074,107000,512,1
3159,512,222,5093,107592,512,1
3160,512,222,4963,107129,512,1
3161,512,203,4982,107018,512,1
3162,512,223,4981,107167,512,1
3163,512,222,5037,107092,512,1
3164,512,222,5000,107259,512,1
3165,512,222,5093,107629,512,1
3166,512,222,5074,107370,512,1
3167,512,222,5000,107259,512,1
3168,512,222,5037,107370,512,1
3169,512,222,5278,107297,512,1
3170,512,222,5000,106944,512,1
3171,512,203,5000,106963,512,1
3172,512,222,4963,107241,512,1
3173,512,223,5018,107500,512,1
3174,512,222,5056,106944,512,1
3175,512,204,5019,107612,512,1
3176,512,223,4981,107963,512,1
3177,512,222,5092,107222,512,1
3178,512,204,5018,106796,512,1
3179,512,222,5000,107019,512,1
3180,512,222,5074,107278,512,1
3181,512,223,5092,107130,512,1
3182,512,222,5056,107056,512,1
3183,512,222,5149,107018,512,1
3184,512,222,5055,107593,512,1
3185,512,222,5167,107371,512,1
3186,512,222,5019,107037,512,1
3187,512,204,4982,107112,512,1
3188,512,222,5000,107241,512,1
3189,512,222,5056,106889,512,1
3190,512,222,4982,107000,512,1
3191,512,222,5037,106926,512,1
3192,512,223,5074,107204,512,1
3193,512,222,4982,107833,512,1
3194,512,223,5000,107518,512,1
3195,512,222,5075,107111,512,1
3196,512,222,4963,107074,512,1
3197,512,223,4981,106963,512,1
3198,512,222,5093,107203,512,1
3199,512,222,5055,107111,512,1
3200,512,204,5092,107074,512,1
3201,512,223,5222,107093,512,1
3202,512,222,5019,107037,512,1
3203,512,222,5000,107148,512,1
3204,512,222,4981,107389,512,1
3205,512,222,5315,114148,512,1
3206,512,223,5092,106889,512,1
3207,512,222,4963,107037,512,1
3208,512,204,5055,107056,512,1
3209,512,222,4926,107111,512,1
3210,512,203,5037,108092,512,1
3211,512,222,5111,107500,512,1
3212,512,204,4981,106907,512,1
3213,512,223,5037,107333,512,1
3214,512,222,5037,107167,512,1
3215,512,204,5222,107222,512,1
3216,512,222,5092,107444,512,1
3217,512,222,5093,107203,512,1
3218,512,222,5000,106889,512,1
3219,512,222,4945,107223,512,1
3220,512,222,4963,107186,512,1
3221,512,204,5074,106815,512,1
3222,512,223,4944,106889,512,1
3223,512,222,5019,107926,512,1
3224,512,222,5019,107223,512,1
3225,512,204,5037,107074,512,1
3226,512,222,5055,107278,512,1
3227,512,222,5056,107555,512,1
3228,512,222,4944,107259,512,1
3229,512,203,5074,107203,512,1
3230,512,222,4944,107129,512,1
3231,512,223,5037,107056,512,1
3232,512,222,5074,107389,512,1
3233,512,222,5204,107612,512,1
3234,512,222,5019,107093,512,1
3235,512,222,4963,107481,512,1
3236,512,223,4981,107426,512,1
3237,512,222,4963,107352,512,1
3238,512,222,5037,106889,512,1
3239,512,204,4945,107075,512,1
3240,512,204,4981,107260,512,1
3241,512,222,4981,107130,512,1
3242,512,222,5056,107111,512,1
3243,512,222,5074,106963,512,1
3244,512,222,4963,108074,512,1
3245,512,222,5074,107685,512,1
3246,512,222,5055,107037,512,1
3247,512,223,5148,107241,512,1
3248,512,222,5167,107407,512,1
3249,512,222,5149,107611,512,1
3250,512,222,5130,107574,512,1
3251,512,204,4981,107130,512,1
3252,512,222,4981,107519,512,1
3253,512,204,5129,107352,512,1
3254,512,222,4963,107185,512,1
3255,512,222,5055,107482,512,1
3256,512,222,5019,107223,512,1
3257,512,222,5074,107352,512,1
3258,512,222,5056,107444,512,1
3259,512,222,5019,107222,512,1
3260,512,222,4963,107148,512,1
3261,512,204,4963,107500,512,1
3262,512,223,4981,107685,512,1
3263,512,222,5074,107278,512,1
3264,512,223,5037,107185,512,1
3265,512,223,5185,107370,512,1
3266,512,222,5000,107370,512,1
3267,512,203,4963,107444,512,1
3268,512,223,4944,106852,512,1
3269,512,204,4982,107037,512,1
3270,512,223,5000,107334,512,1
3271,512,223,4944,107167,512,1
3272,512,222,4926,106815,512,1
3273,512,223,5074,107241,512,1
3274,512,222,5000,107093,512,1
3275,512,223,4962,106963,512,1
3276,512,222,5055,107352,512,1
3277,512,222,5056,106871,512,1
3278,512,203,5056,108222,512,1
3279,512,222,5259,107667,512,1
3280,512,222,5093,107055,512,1
3281,512,204,5203,107407,512,1
3282,512,222,5000,107222,512,1
3283,512,222,4944,107352,512,1
3284,512,222,4982,107130,512,1
3285,512,203,5000,106889,512,1
3286,512,222,4945,107000,512,1
3287,512,222,4945,107148,512,1
3288,512,222,4944,107074,512,1
3289,512,222,4963,107037,512,1
3290,512,222,4945,107370,512,1
3291,512,223,5000,107278,512,1
3292,512,223,4944,106944,512,1
3293,512,222,5055,106852,512,1
3294,512,222,4944,107278,512,1
3295,512,223,4962,107778,512,1
3296,512,222,4963,113870,512,1
3297,512,241,10092,122204,512,1
3298,512,222,5574,108629,512,1
3299,512,222,5019,107851,512,1
3300,512,222,5055,108259,512,1
3301,512,222,5111,107389,512,1
3302,512,223,5000,107796,512,1
3303,512,222,5056,107351,512,1
3304,512,222,5056,107685,512,1
3305,512,222,5000,107685,512,1
3306,512,222,5055,107500,512,1
3307,512,223,5074,107463,512,1
3308,512,222,5148,107185,512,1
3309,512,222,4981,107537,512,1
3310,512,223,5000,107648,512,1
3311,512,222,5241,107352,512,1
3312,512,223,5111,108389,512,1
3313,512,222,5185,107796,512,1
3314,512,222,5000,107241,512,1
3315,512,223,4981,107352,512,1
3316,512,204,5019,107315,512,1
3317,512,222,5074,107407,512,1
3318,512,203,5000,107018,512,1
3319,512,222,5092,107963,512,1
3320,512,204,5056,115556,512,1
3321,512,222,6741,115833,512,1
3322,512,222,5167,107630,512,1
3323,512,222,5055,107741,512,1
3324,512,222,5075,107407,512,1
3325,512,204,5018,107481,512,1
3326,512,222,4963,107241,512,1
3327,512,222,5111,107371,512,1
3328,512,223,5055,107519,512,1
3329,512,203,5204,108740,512,1
3330,512,222,5056,107722,512,1
3331,512,222,5074,107537,512,1
3332,512,203,5074,107425,512,1
3333,512,222,5093,107426,512,1
3334,512,223,5074,107611,512,1
3335,512,222,5056,107667,512,1
3336,512,223,5111,107555,512,1
3337,512,222,5037,107389,512,1
3338,512,223,5740,115296,512,1
3339,512,222,5148,108148,512,1
3340,512,222,4982,107555,512,1
3341,512,223,4963,107370,512,1
3342,512,222,4945,107259,512,1
3343,512,222,5223,107666,512,1
3344,512,222,5000,107481,512,1
3345,512,223,5092,107630,512,1
3346,512,204,4981,108408,512,1
3347,512,223,5185,107389,512,1
3348,512,222,4982,107722,512,1
3349,512,203,4982,107166,512,1
3350,512,222,4944,107333,512,1
3351,512,222,4982,107241,512,1
3352,512,222,5000,107723,512,1
3353,512,222,4926,107260,512,1
3354,512,204,5037,107611,512,1
3355,512,222,5018,107519,512,1
3356,512,223,5037,107166,512,1
3357,512,222,4963,107297,512,1
3358,512,222,5055,106926,512,1
3359,512,222,4907,106629,512,1
3360,512,222,4945,106556,512,1
3361,512,223,5111,106519,512,1
3362,512,222,4926,106834,512,1
3363,512,204,5000,106926,512,1
3364,512,222,5018,106556,512,1
3365,512,223,4888,106574,512,1
3366,512,222,4945,106759,512,1
3367,512,222,4908,106519,512,1
3368,512,222,4926,106963,512,1
3369,512,203,4982,106555,512,1
3370,512,203,4852,106574,512,1
3371,512,222,4963,106574,512,1
3372,512,222,4871,106371,512,1
3373,512,223,4814,106333,512,1
3374,512,204,4945,106667,512,1
3375,512,223,5092,106537,512,1
3376,512,222,5000,106629,512,1
3377,512,222,5148,106981,512,1
3378,512,222,4908,106666,512,1
3379,512,222,4908,106352,512,1
3380,512,222,4870,107019,512,1
3381,512,222,4889,106593,512,1
3382,512,222,4963,106611,512,1
3383,512,222,4833,106778,512,1
3384,512,223,5037,106907,512,1
3385,512,203,5000,106481,512,1
3386,512,223,4833,106371,512,1
3387,512,223,4944,106889,512,1
3388,512,222,4944,106408,512,1
3389,512,222,4852,106500,512,1
3390,512,222,4815,106592,512,1
3391,512,222,4945,106575,512,1
3392,512,222,4926,106444,512,1
3393,512,223,5129,106759,512,1
3394,512,223,4963,110889,512,1
3395,512,222,5481,108408,512,1
3396,512,223,5055,108093,512,1
3397,512,223,5018,108519,512,1
3398,512,222,5037,107592,512,1
3399,512,222,5019,107314,512,1
3400,512,222,5055,107370,512,1
3401,512,203,5037,107370,512,1
3402,512,222,4982,107297,512,1
3403,512,204,5056,107629,512,1
3404,512,223,5037,107426,512,1
3405,512,204,5055,107445,512,1
3406,512,223,5092,107537,512,1
3407,512,222,5241,108111,512,1
3408,512,222,5129,107370,512,1
3409,512,222,5093,107389,512,1
3410,512,223,5055,107241,512,1
3411,512,223,5018,107000,512,1
3412,512,222,5111,106981,512,1
3413,512,204,5018,107167,512,1
3414,512,223,4926,108278,512,1
3415,512,222,4963,107518,512,1
3416,512,204,5074,107723,512,1
3417,512,223,5037,107074,512,1
3418,512,222,5000,107074,512,1
3419,512,222,4926,107445,512,1
3420,512,222,5111,107315,512,1
3421,512,222,4963,107278,512,1
3422,512,204,5018,107111,512,1
3423,512,222,5019,106945,512,1
3424,512,222,5000,107092,512,1
3425,512,222,5185,107260,512,1
3426,512,223,5037,107611,512,1
3427,512,222,5019,107389,512,1
3428,512,222,5019,107018,512,1
3429,512,223,4944,107222,512,1
3430,512,204,5000,106981,512,1
3431,512,222,4926,107833,512,1
3432,512,222,5074,107130,512,1
3433,512,222,4944,106945,512,1
3434,512,204,4982,107186,512,1
3435,512,222,5037,107278,512,1
3436,512,222,5000,107797,512,1
3437,512,222,4907,106778,512,1
3438,512,222,4944,107037,512,1
3439,512,223,5166,107111,512,1
3440,512,222,5019,107297,512,1
3441,512,223,5203,107722,512,1
3442,512,222,4963,107408,512,1
3443,512,203,4926,107240,512,1
3444,512,204,4926,107222,512,1
3445,512,204,4963,107240,512,1
3446,512,222,4908,107240,512,1
3447,512,222,4926,107055,512,1
3448,512,222,4981,107778,512,1
3449,512,222,4963,107074,512,1
3450,512,222,4926,106926,512,1
3451,512,222,4945,107092,512,1
3452,512,222,4963,107315,512,1
3453,512,222,4926,106908,512,1
3454,512,223,5000,107075,512,1
3455,512,222,4944,107445,512,1
3456,512,223,4907,106982,512,1
3457,512,222,5223,107352,512,1
3458,512,222,5037,107093,512,1
3459,512,222,4963,107370,512,1
3460,512,222,4908,107426,512,1
3461,512,222,5000,106944,512,1
3462,512,222,5019,106945,512,1
3463,512,203,4945,106870,512,1
3464,512,222,5019,107500,512,1
3465,512,222,5000,107685,512,1
3466,512,222,5055,107407,512,1
3467,512,222,4944,107074,512,1
3468,512,222,4926,107574,512,1
3469,512,222,5056,107111,512,1
3470,512,222,5370,114741,512,1
3471,512,223,5203,107574,512,1
3472,512,222,4981,107185,512,1
3473,512,222,5149,107371,512,1
3474,512,223,4944,106741,512,1
3475,512,223,5018,107093,512,1
3476,512,222,4945,107204,512,1
3477,512,222,4963,107445,512,1
3478,512,223,5074,106963,512,1
3479,512,222,5000,107370,512,1
3480,512,222,5037,107149,512,1
3481,512,223,4944,107574,512,1
3482,512,222,5019,108278,512,1
3483,512,222,5074,107185,512,1
3484,512,222,4926,107630,512,1
3485,512,222,4963,107241,512,1
3486,512,204,5093,107389,512,1
3487,512,222,4982,107593,512,1
3488,512,222,5056,107148,512,1
3489,512,222,5204,107648,512,1
3490,512,222,5074,107222,512,1
3491,512,204,5037,107056,512,1
3492,512,222,5056,107018,512,1
3493,512,222,5075,107111,512,1
3494,512,222,4981,107611,512,1
3495,512,222,5056,107445,512,1
3496,512,223,4944,107074,512,1
3497,512,222,4963,106870,512,1
3498,512,222,5037,107278,512,1
3499,512,223,5055,108296,512,1
3500,512,222,5000,107722,512,1
3501,512,223,5055,107240,512,1
3502,512,222,5056,107407,512,1
3503,512,222,5259,107426,512,1
3504,512,222,4963,108018,512,1
3505,512,222,5130,107666,512,1
3506,512,222,5037,107352,512,1
3507,512,223,5000,106963,512,1
3508,512,222,4944,107352,512,1
3509,512,222,5000,107500,512,1
3510,512,222,5037,107129,512,1
3511,512,222,4963,107407,512,1
3512,512,222,5018,107185,512,1
3513,512,222,5000,107759,512,1
3514,512,204,4963,107334,512,1
3515,512,223,4981,107297,512,1
3516,512,223,4963,107611,512,1
3517,512,222,4963,107241,512,1
3518,512,222,5000,107315,512,1
3519,512,223,4944,107000,512,1
3520,512,222,5019,107092,512,1
3521,512,222,5223,107426,512,1
3522,512,223,4963,107315,512,1
3523,512,223,4944,107407,512,1
3524,512,204,5037,107334,512,1
3525,512,222,5074,107315,512,1
3526,512,222,5093,107537,512,1
3527,512,222,5037,107297,512,1
3528,512,222,5038,107260,512,1
3529,512,223,4981,106963,512,1
3530,512,222,5037,107463,512,1
3531,512,222,5037,107445,512,1
3532,512,222,5018,107500,512,1
3533,512,222,5000,108037,512,1
3534,512,222,5074,107315,512,1
3535,512,222,5204,107778,512,1
3536,512,222,5093,107500,512,1
3537,512,222,5167,107518,512,1
3538,512,222,5000,106925,512,1
3539,512,222,4945,107166,512,1
3540,512,222,5000,107334,512,1
3541,512,222,4963,106871,512,1
3542,512,222,5037,107537,512,1
3543,512,222,5111,107482,512,1
3544,512,223,5037,107185,512,1
3545,512,223,5037,107407,512,1
3546,512,222,4963,107000,512,1
3547,512,223,5037,107167,512,1
3548,512,223,5000,107481,512,1
3549,512,204,4963,106982,512,1
3550,512,223,5000,108241,512,1
3551,512,222,4982,107166,512,1
3552,512,222,5037,107871,512,1
3553,512,203,5315,107518,512,1
3554,512,222,5056,107278,512,1
3555,512,222,5037,107112,512,1
3556,512,223,4963,107092,512,1
3557,512,222,4982,107352,512,1
3558,512,223,4963,107130,512,1
3559,512,223,5055,107111,512,1
3560,512,222,4963,107037,512,1
3561,512,222,4944,107241,512,1
3562,512,222,5019,107222,512,1
3563,512,222,4963,107148,512,1
3564,512,222,4982,107555,512,1
3565,512,204,4981,107148,512,1
3566,512,222,4982,107278,512,1
3567,512,204,5148,107685,512,1
3568,512,222,5037,107389,512,1
3569,512,222,5278,107407,512,1
3570,512,222,4982,107203,512,1
3571,512,222,5037,107703,512,1
3572,512,222,5037,107093,512,1
3573,512,222,5037,107037,512,1
3574,512,204,5000,107315,512,1
3575,512,222,4963,107092,512,1
3576,512,222,5019,107370,512,1
3577,512,204,5000,107130,512,1
3578,512,223,5018,107612,512,1
3579,512,204,5019,107556,512,1
3580,512,222,5018,107130,512,1
3581,512,222,5000,107426,512,1
3582,512,204,4981,107315,512,1
3583,512,222,4982,107556,512,1
3584,512,222,5056,108000,512,1
3585,512,222,5185,107389,512,1
3586,512,222,5000,107222,512,1
3587,512,222,5037,107760,512,1
3588,512,222,4945,107259,512,1
3589,512,223,4981,107389,512,1
3590,512,223,5074,107352,512,1
3591,512,222,4945,107370,512,1
3592,512,203,5056,107500,512,1
3593,512,222,5037,107481,512,1
3594,512,222,5056,107111,512,1
3595,512,222,4944,107260,512,1
3596,512,222,5038,107611,512,1
3597,512,222,4981,107389,512,1
3598,512,222,5000,107223,512,1
3599,512,204,5111,107093,512,1
3600,512,222,5074,107148,512,1
3601,512,204,5092,108426,512,1
3602,512,222,5444,114556,512,1
3603,512,222,5093,107259,512,1
3604,512,222,5037,107371,512,1
3605,512,222,5019,107389,512,1
3606,512,222,4981,107352,512,1
3607,512,222,4944,107074,512,1
3608,512,222,4944,106982,512,1
3609,512,223,5018,107481,512,1
3610,512,222,5037,107537,512,1
3611,512,204,5037,107444,512,1
3612,512,203,5019,107092,512,1
3613,512,222,5037,107703,512,1
3614,512,222,5167,107259,512,1
3615,512,222,5055,107352,512,1
3616,512,222,5112,107648,512,1
3617,512,222,5259,107630,512,1
3618,512,222,5055,108259,512,1
3619,512,222,5074,107815,512,1
3620,512,222,5038,107778,512,1
3621,512,222,5074,107167,512,1
3622,512,222,4981,107204,512,1
3623,512,222,4944,107648,512,1
3624,512,222,5037,107518,512,1
3625,512,223,4963,107185,512,1
3626,512,204,4963,106889,512,1
3627,512,222,5056,107407,512,1
3628,512,222,5037,107519,512,1
3629,512,222,5019,107222,512,1
3630,512,222,5074,107055,512,1
3631,512,222,5278,107425,512,1
3632,512,222,5019,107352,512,1
3633,512,223,5129,107111,512,1
3634,512,222,5056,107037,512,1
3635,512,222,5000,107666,512,1
3636,512,204,4963,107463,512,1
3637,512,222,4963,107166,512,1
3638,512,222,4982,106981,512,1
3639,512,222,4963,107740,512,1
3640,512,222,4963,107426,512,1
3641,512,203,5037,107592,512,1
3642,512,204,5055,107019,512,1
3643,512,223,5037,107037,512,1
3644,512,222,5056,107130,512,1
3645,512,222,4963,107407,512,1
3646,512,222,5037,107278,512,1
3647,512,223,5018,107093,512,1
3648,512,204,5093,107297,512,1
3649,512,223,5222,107796,512,1
3650,512,222,5037,107037,512,1
3651,512,222,5019,107315,512,1
3652,512,223,5000,107760,512,1
3653,512,222,4963,107371,512,1
3654,512,222,5018,107593,512,1
3655,512,223,4963,107093,512,1
3656,512,223,5000,107167,512,1
3657,512,222,4944,106908,512,1
3658,512,222,4963,107445,512,1
3659,512,222,5000,107593,512,1
3660,512,222,5037,107222,512,1
3661,512,222,4945,106852,512,1
3662,512,204,5093,107556,512,1
3663,512,222,5111,107482,512,1
3664,512,222,5093,107093,512,1
3665,512,203,5112,107111,512,1
3666,512,222,4981,107333,512,1
3667,512,222,5037,107223,512,1
3668,512,222,4945,107704,512,1
3669,512,222,4908,108129,512,1
3670,512,222,5055,107778,512,1
3671,512,222,5018,107574,512,1
3672,512,222,4926,107148,512,1
3673,512,222,4963,107685,512,1
3674,512,223,4963,107277,512,1
3675,512,222,4926,107593,512,1
3676,512,204,5037,107334,512,1
3677,512,222,4926,107111,512,1
3678,512,223,4963,107574,512,1
3679,512,222,5038,107463,512,1
3680,512,222,5055,107296,512,1
3681,512,222,5186,107444,512,1
3682,512,223,5018,107333,512,1
3683,512,222,5000,107629,512,1
3684,512,222,5019,107204,512,1
3685,512,222,4945,107389,512,1
3686,512,222,4963,107777,512,1
3687,512,222,4945,107537,512,1
3688,512,204,4981,107537,512,1
3689,512,241,4944,107389,512,1
3690,512,223,4944,107723,512,1
3691,512,223,5037,107444,512,1
3692,512,222,4963,107241,512,1
3693,512,222,4963,107129,512,1
3694,512,222,4963,107537,512,1
3695,512,223,5203,107815,512,1
3696,512,222,5000,107111,512,1
3697,512,222,5204,107666,512,1
3698,512,222,4982,107186,512,1
3699,512,222,4963,107297,512,1
3700,512,204,4963,107277,512,1
3701,512,222,4944,107148,512,1
3702,512,222,4945,107074,512,1
3703,512,223,4963,108111,512,1
3704,512,222,4981,107371,512,1
3705,512,223,4926,107111,512,1
3706,512,222,4944,107092,512,1
3707,512,222,5019,107759,512,1
3708,512,203,5093,107703,512,1
3709,512,222,4945,107074,512,1
3710,512,204,4981,107148,512,1
3711,512,222,4945,107037,512,1
3712,512,222,4963,107278,512,1
3713,512,222,5167,107260,512,1
3714,512,223,4981,107074,512,1
3715,512,204,4981,107111,512,1
3716,512,222,4926,107092,512,1
3717,512,222,4945,107185,512,1
3718,512,222,4963,106814,512,1
3719,512,222,5000,107352,512,1
3720,512,222,5074,108019,512,1
3721,512,222,5148,107833,512,1
3722,512,222,4963,107278,512,1
3723,512,223,5018,107352,512,1
3724,512,223,5018,107278,512,1
3725,512,222,4944,107777,512,1
3726,512,222,5037,107944,512,1
3727,512,222,5130,107463,512,1
3728,512,222,5148,107167,512,1
3729,512,222,5222,107777,512,1
3730,512,222,5056,107278,512,1
3731,512,222,4907,106889,512,1
3732,512,222,4944,107167,512,1
3733,512,222,4963,107185,512,1
3734,512,222,5222,114444,512,1
3735,512,222,5055,107037,512,1
3736,512,222,5019,107555,512,1
3737,512,222,5037,108038,512,1
3738,512,222,4982,107555,512,1
3739,512,222,5019,107333,512,1
3740,512,222,5037,107056,512,1
3741,512,222,5037,107426,512,1
3742,512,222,5148,107593,512,1
3743,512,203,4945,107055,512,1
3744,512,222,5074,106926,512,1
3745,512,222,5204,107037,512,1
3746,512,222,5000,107704,512,1
3747,512,222,5037,107074,512,1
3748,512,222,5037,107111,512,1
3749,512,222,5037,107037,512,1
3750,512,203,4963,107111,512,1
3751,512,222,5037,107093,512,1
3752,512,222,4963,107000,512,1
3753,512,223,4962,107352,512,1
3754,512,223,4944,108519,512,1
3755,512,222,4963,107759,512,1
3756,512,223,4981,107185,512,1
3757,512,204,5056,107167,512,1
3758,512,222,4944,107111,512,1
3759,512,222,5278,107926,512,1
3760,512,222,5093,107926,512,1
3761,512,222,5093,107500,512,1
3762,512,223,5092,107389,512,1
3763,512,222,4926,106926,512,1
3764,512,222,4963,107741,512,1
3765,512,223,5074,107611,512,1
3766,512,222,5000,107333,512,1
3767,512,204,4981,107463,512,1
3768,512,222,4963,107537,512,1
3769,512,223,5000,107389,512,1
3770,512,222,4982,107407,512,1
3771,512,222,5056,107723,512,1
3772,512,223,4981,107537,512,1
3773,512,222,5092,107667,512,1
3774,512,222,4981,107389,512,1
3775,512,222,4963,107592,512,1
3776,512,222,5074,107222,512,1
3777,512,222,5222,107648,512,1
3778,512,222,5018,107482,512,1
3779,512,223,4944,107241,512,1
3780,512,222,4963,107408,512,1
3781,512,203,4982,107259,512,1
3782,512,222,5093,107518,512,1
3783,512,222,4982,107389,512,1
3784,512,222,5000,107685,512,1
3785,512,222,4981,107167,512,1
3786,512,222,5037,107314,512,1
3787,512,204,5037,107445,512,1
3788,512,222,5000,107741,512,1
3789,512,204,5018,107630,512,1
3790,512,222,5056,107537,512,1
3791,512,204,5129,107500,512,1
3792,512,222,5056,107667,512,1
3793,512,222,5111,107630,512,1
3794,512,222,5019,107723,512,1
3795,512,222,4981,107111,512,1
3796,512,222,5000,107148,512,1
3797,512,222,5055,107648,512,1
3798,512,222,5000,107296,512,1
3799,512,222,4963,107574,512,1
3800,512,204,4963,107518,512,1
3801,512,222,4963,107666,512,1
3802,512,222,5056,107778,512,1
3803,512,223,4944,107315,512,1
3804,512,223,5000,107593,512,1
3805,512,223,4962,107778,512,1
3806,512,223,5055,107426,512,1
3807,512,222,5055,107537,512,1
3808,512,204,5129,107593,512,1
3809,512,204,5204,107389,512,1
3810,512,222,5019,107444,512,1
3811,512,222,5093,107648,512,1
3812,512,222,5000,107519,512,1
3813,512,223,5037,107185,512,1
3814,512,223,5000,107185,512,1
3815,512,223,5037,107537,512,1
3816,512,222,5055,107537,512,1
3817,512,222,5019,107370,512,1
3818,512,222,5037,107111,512,1
3819,512,222,5037,107648,512,1
3820,512,222,5000,108018,512,1
3821,512,222,4926,107352,512,1
3822,512,223,5000,107722,512,1
3823,512,223,5129,107944,512,1
3824,512,203,5000,106907,512,1
3825,512,204,5129,107333,512,1
3826,512,222,4963,107574,512,1
3827,512,204,4944,107222,512,1
3828,512,223,4963,107037,512,1
3829,512,222,4963,107277,512,1
3830,512,204,4981,107185,512,1
3831,512,204,4981,107630,512,1
3832,512,222,5000,107037,512,1
3833,512,223,4926,107241,512,1
3834,512,223,5018,107649,512,1
3835,512,223,4944,106852,512,1
3836,512,222,4982,107055,512,1
3837,512,223,5092,107167,512,1
3838,512,223,5037,107648,512,1
3839,512,222,5056,107592,512,1
3840,512,222,5056,107018,512,1
3841,512,222,5222,107611,512,1
3842,512,222,4944,107185,512,1
3843,512,222,4963,107797,512,1
3844,512,223,4944,107260,512,1
3845,512,222,4945,107019,512,1
3846,512,222,5074,107426,512,1
3847,512,223,5000,107500,512,1
3848,512,222,4963,107093,512,1
3849,512,222,4944,107204,512,1
3850,512,222,4982,107203,512,1
3851,512,204,5018,107296,512,1
3852,512,222,5092,107352,512,1
3853,512,222,5056,107241,512,1
3854,512,222,4963,106963,512,1
3855,512,203,5111,107518,512,1
3856,512,222,5019,108352,512,1
3857,512,222,5278,107574,512,1
3858,512,222,4982,107537,512,1
3859,512,222,4907,106907,512,1
3860,512,222,4963,107315,512,1
3861,512,222,4963,107314,512,1
3862,512,222,4982,107703,512,1
3863,512,222,5037,107037,512,1
3864,512,223,4944,107389,512,1
3865,512,222,5037,107463,512,1
3866,512,222,5518,114778,512,1
3867,512,222,5185,107148,512,1
3868,512,204,5055,107074,512,1
3869,512,222,5037,107092,512,1
3870,512,223,5000,107296,512,1
3871,512,222,4963,107000,512,1
3872,512,222,5093,107315,512,1
3873,512,222,5241,108537,512,1
3874,512,204,5092,109130,512,1
3875,512,222,5111,107667,512,1
3876,512,222,5019,107351,512,1
3877,512,222,5018,106945,512,1
3878,512,223,5037,107093,512,1
3879,512,222,5019,107315,512,1
3880,512,204,5019,107723,512,1
3881,512,222,4963,107315,512,1
3882,512,223,5037,107259,512,1
3883,512,222,5037,107037,512,1
3884,512,222,4944,107241,512,1
3885,512,204,5037,107278,512,1
3886,512,223,4944,107018,512,1
3887,512,222,5149,107130,512,1
3888,512,222,5055,107278,512,1
3889,512,222,5130,107315,512,1
3890,512,204,5074,107796,512,1
3891,512,222,4963,107518,512,1
3892,512,222,4963,107315,512,1
3893,512,223,5074,107482,512,1
3894,512,222,4944,107407,512,1
3895,512,222,5000,107296,512,1
3896,512,222,4982,107445,512,1
3897,512,222,5074,107333,512,1
3898,512,222,4945,107389,512,1
3899,512,222,4963,107130,512,1
3900,512,203,4963,107278,512,1
3901,512,204,4982,107556,512,1
3902,512,222,5018,107519,512,1
3903,512,222,4963,106907,512,1
3904,512,203,5000,107111,512,1
3905,512,203,5222,107777,512,1
3906,512,222,4963,107482,512,1
3907,512,222,4945,107889,512,1
3908,512,222,4963,107185,512,1
3909,512,222,4945,107037,512,1
3910,512,204,4982,107630,512,1
3911,512,222,5056,108259,512,1
3912,512,222,5093,107148,512,1
3913,512,222,5000,107130,512,1
3914,512,222,5037,107167,512,1
3915,512,222,4926,107408,512,1
3916,512,223,5018,107092,512,1
3917,512,222,5019,107111,512,1
3918,512,222,4963,107314,512,1
3919,512,222,5204,107463,512,1
3920,512,223,5092,107518,512,1
3921,512,222,5112,107185,512,1
3922,512,222,5055,106982,512,1
3923,512,222,5037,107333,512,1
3924,512,222,5056,107407,512,1
3925,512,222,5037,107204,512,1
3926,512,204,4981,107426,512,1
3927,512,223,5055,107222,512,1
3928,512,222,4945,107425,512,1
3929,512,222,5037,107334,512,1
3930,512,223,5000,107370,512,1
3931,512,204,5000,107500,512,1
3932,512,222,5056,107259,512,1
3933,512,222,4963,106815,512,1
3934,512,222,5000,107186,512,1
3935,512,223,4963,107296,512,1
3936,512,222,5074,107463,512,1
3937,512,222,5204,107055,512,1
3938,512,222,5093,107314,512,1
3939,512,222,4963,107074,512,1
3940,512,222,4963,107259,512,1
3941,512,222,5000,107314,512,1
3942,512,222,5018,107130,512,1
3943,512,222,4963,106982,512,1
3944,512,223,4944,107352,512,1
3945,512,222,4982,107204,512,1
3946,512,223,4963,107074,512,1
3947,512,222,4982,107056,512,1
3948,512,222,5074,107907,512,1
3949,512,222,5111,107371,512,1
3950,512,222,5018,107222,512,1
3951,512,222,5241,107333,512,1
3952,512,222,5000,107352,512,1
3953,512,223,5240,107611,512,1
3954,512,222,5000,107074,512,1
3955,512,222,5074,107241,512,1
3956,512,222,5056,106889,512,1
3957,512,223,5018,107463,512,1
3958,512,222,5056,108537,512,1
3959,512,222,5111,107686,512,1
3960,512,222,4982,106926,512,1
3961,512,222,5093,107444,512,1
3962,512,223,5055,107537,512,1
3963,512,222,5019,107055,512,1
3964,512,204,5037,107166,512,1
3965,512,223,5000,107037,512,1
3966,512,203,4945,107370,512,1
3967,512,222,4982,107112,512,1
3968,512,223,5018,107297,512,1
3969,512,223,5222,107389,512,1
3970,512,222,5055,107370,512,1
3971,512,222,4963,107055,512,1
3972,512,222,5000,107296,512,1
3973,512,222,4963,106945,512,1
3974,512,223,4981,107389,512,1
3975,512,222,4963,107648,512,1
3976,512,204,5037,107148,512,1
3977,512,222,4982,107445,512,1
3978,512,203,5074,107629,512,1
3979,512,222,5074,107537,512,1
3980,512,222,5056,107260,512,1
3981,512,223,5055,107389,512,1
3982,512,204,5055,107019,512,1
3983,512,223,5166,107389,512,1
3984,512,222,5111,107296,512,1
3985,512,222,5149,108018,512,1
3986,512,222,5148,107259,512,1
3987,512,222,5000,107185,512,1
3988,512,222,5037,107759,512,1
3989,512,222,4963,106889,512,1
3990,512,222,5056,107037,512,1
3991,512,222,4944,107463,512,1
3992,512,222,4963,107926,512,1
3993,512,222,5000,107277,512,1
3994,512,222,5055,107296,512,1
3995,512,222,4908,107000,512,1
3996,512,223,5037,107462,512,1
3997,512,222,4945,107500,512,1
3998,512,222,5463,114833,512,1
3999,512,222,5074,107130,512,1
4000,512,222,5074,107129,512,1
4001,512,222,5241,107297,512,1
4002,512,223,5074,107241,512,1
4003,512,223,5018,107334,512,1
4004,512,204,4981,107278,512,1
4005,512,222,5056,107277,512,1
4006,512,222,4981,107000,512,1
4007,512,223,4963,107278,512,1
4008,512,222,4944,107611,512,1
4009,512,222,4945,108112,512,1
4010,512,223,5037,107186,512,1
4011,512,204,4981,107037,512,1
4012,512,222,4945,107129,512,1
4013,512,222,5000,107314,512,1
4014,512,222,4945,106926,512,1
4015,512,222,5111,107092,512,1
4016,512,222,5037,106963,512,1
4017,512,222,5111,107722,512,1
4018,512,223,4981,107277,512,1
4019,512,204,4963,107074,512,1
4020,512,204,4944,107055,512,1
4021,512,204,4981,107537,512,1
4022,512,222,5056,107277,512,1
4023,512,222,5000,107629,512,1
4024,512,222,5037,107426,512,1
4025,512,222,5056,107500,512,1
4026,512,222,5037,108425,512,1
4027,512,222,5445,108203,512,1
4028,512,222,5037,107760,512,1
4029,512,222,5019,107074,512,1
4030,512,204,5037,107074,512,1
4031,512,222,5056,107333,512,1
4032,512,222,4944,107111,512,1
4033,512,222,5222,107240,512,1
4034,512,222,5056,107037,512,1
4035,512,223,5018,107241,512,1
4036,512,223,4944,107074,512,1
4037,512,204,4963,106889,512,1
4038,512,222,4982,107074,512,1
4039,512,223,4981,107222,512,1
4040,512,204,5000,107000,512,1
4041,512,222,4926,107222,512,1
4042,512,222,5018,108000,512,1
4043,512,222,4982,108037,512,1
4044,512,222,4944,107371,512,1
4045,512,223,5000,107000,512,1
4046,512,222,4926,107426,512,1
4047,512,222,5185,107352,512,1
4048,512,222,5000,107611,512,1
4049,512,223,5074,107241,512,1
4050,512,222,4963,107055,512,1
4051,512,222,4944,107037,512,1
4052,512,222,5000,107407,512,1
4053,512,222,5037,107093,512,1
4054,512,222,4963,107037,512,1
4055,512,222,4963,107111,512,1
4056,512,204,4945,107555,512,1
4057,512,204,5018,107167,512,1
4058,512,222,4926,106889,512,1
4059,512,223,4963,107463,512,1
4060,512,222,4945,108074,512,1
4061,512,222,4926,107037,512,1
4062,512,223,4963,106981,512,1
4063,512,222,4926,107241,512,1
4064,512,222,5000,107203,512,1
4065,512,222,5111,107907,512,1
4066,512,204,4925,107259,512,1
4067,512,222,5000,107371,512,1
4068,512,222,4907,107056,512,1
4069,512,222,4945,107426,512,1
4070,512,204,5129,107204,512,1
4071,512,203,4963,107111,512,1
4072,512,204,4945,107074,512,1
4073,512,222,4944,107111,512,1
4074,512,222,4908,107130,512,1
4075,512,222,4926,107129,512,1
4076,512,222,4963,107148,512,1
4077,512,223,4944,107963,512,1
4078,512,222,5055,107093,512,1
4079,512,222,5166,107130,512,1
4080,512,222,4944,107055,512,1
4081,512,222,5148,107352,512,1
4082,512,204,5018,107370,512,1
4083,512,204,4963,107019,512,1
4084,512,223,4907,107037,512,1
4085,512,222,4981,107722,512,1
4086,512,223,4925,106908,512,1
4087,512,223,5000,107074,512,1
4088,512,223,5074,107018,512,1
4089,512,222,4945,107296,512,1
4090,512,222,4982,106796,512,1
4091,512,204,5018,107148,512,1
4092,512,222,4981,106981,512,1
4093,512,222,4982,107463,512,1
4094,512,203,5000,107592,512,1
4095,512,222,4963,107314,512,1
4096,512,203,5037,107444,512,1
4097,512,223,5129,107462,512,1
4098,512,222,5019,107055,512,1
4099,512,222,4945,107000,512,1
4100,512,204,5019,107093,512,1
4101,512,222,5000,107333,512,1
4102,512,222,5037,107482,512,1
4103,512,222,4945,107148,512,1
4104,512,222,4926,107463,512,1
4105,512,223,4981,107444,512,1
4106,512,222,4926,107519,512,1
4107,512,223,4925,107037,512,1
4108,512,203,5000,107185,512,1
4109,512,222,4926,107055,512,1
4110,512,222,5019,107426,512,1
4111,512,222,5074,107871,512,1
4112,512,223,5055,107204,512,1
4113,512,222,5167,107408,512,1
4114,512,222,4944,107574,512,1
4115,512,223,5018,107018,512,1
4116,512,222,4945,107000,512,1
4117,512,222,5000,107481,512,1
4118,512,222,4963,107334,512,1
4119,512,204,4907,107426,512,1
4120,512,222,4981,107259,512,1
4121,512,222,4926,107130,512,1
4122,512,222,5000,107166,512,1
4123,512,222,4926,107241,512,1
4124,512,223,5018,107407,512,1
4125,512,222,5000,107389,512,1
4126,512,222,4963,106926,512,1
4127,512,203,4926,107407,512,1
4128,512,222,5056,107703,512,1
4129,512,222,5112,107315,512,1
4130,512,222,5315,114611,512,1
4131,512,222,5018,107555,512,1
4132,512,223,4944,107111,512,1
4133,512,222,5074,107981,512,1
4134,512,222,5074,107537,512,1
4135,512,204,4982,107537,512,1
4136,512,204,5000,107463,512,1
4137,512,222,4926,107148,512,1
4138,512,222,5037,107055,512,1
4139,512,223,5018,107352,512,1
4140,512,223,4926,107186,512,1
4141,512,222,4926,107371,512,1
4142,512,222,5037,107278,512,1
4143,512,222,5204,107777,512,1
4144,512,222,4963,107463,512,1
4145,512,222,5130,107797,512,1
4146,512,222,4982,107388,512,1
4147,512,222,4945,107259,512,1
4148,512,222,5037,107000,512,1
4149,512,222,4963,107500,512,1
4150,512,222,4944,107426,512,1
4151,512,222,5037,108037,512,1
4152,512,223,5000,107056,512,1
4153,512,223,5074,107981,512,1
4154,512,222,4981,107408,512,1
4155,512,222,4945,107315,512,1
4156,512,222,5019,106944,512,1
4157,512,222,5074,107166,512,1
4158,512,222,4926,107167,512,1
4159,512,222,4945,106944,512,1
4160,512,203,5019,107092,512,1
4161,512,204,5185,107167,512,1
4162,512,222,5037,108740,512,1
4163,512,222,5037,107593,512,1
4164,512,223,4944,107185,512,1
4165,512,222,5037,107075,512,1
4166,512,222,4944,107296,512,1
4167,512,223,4944,107055,512,1
4168,512,222,5018,107111,512,1
4169,512,222,4926,107222,512,1
4170,512,222,4926,107629,512,1
4171,512,222,5056,107222,512,1
4172,512,222,4945,107314,512,1
4173,512,222,4944,107056,512,1
4174,512,223,5037,107167,512,1
4175,512,222,5111,107426,512,1
4176,512,222,5000,107166,512,1
4177,512,222,5185,107685,512,1
4178,512,222,4944,107074,512,1
4179,512,222,5019,107797,512,1
4180,512,222,5056,107537,512,1
4181,512,223,5018,107130,512,1
4182,512,222,4926,107296,512,1
4183,512,222,5000,107204,512,1
4184,512,222,4926,107333,512,1
4185,512,222,5019,107260,512,1
4186,512,222,4963,107038,512,1
4187,512,222,5000,107167,512,1
4188,512,222,4982,107315,512,1
4189,512,204,4963,107167,512,1
4190,512,222,4945,107129,512,1
4191,512,222,4963,107444,512,1
4192,512,222,5037,107334,512,1
4193,512,223,5111,107204,512,1
4194,512,222,5056,107351,512,1
4195,512,222,5000,107278,512,1
4196,512,222,5037,107981,512,1
4197,512,222,4981,107445,512,1
4198,512,223,4962,107352,512,1
4199,512,204,5037,107352,512,1
4200,512,204,4963,107000,512,1
4201,512,204,4963,107722,512,1
4202,512,204,5000,107481,512,1
4203,512,222,5018,107389,512,1
4204,512,222,4944,107129,512,1
4205,512,222,5037,107556,512,1
4206,512,222,5093,107407,512,1
4207,512,223,5111,107315,512,1
4208,512,223,5907,108149,512,1
4209,512,223,5111,107241,512,1
4210,512,204,4982,107463,512,1
4211,512,222,4926,107222,512,1
4212,512,222,5018,107167,512,1
4213,512,222,5037,107889,512,1
4214,512,222,4945,107574,512,1
4215,512,222,4963,107482,512,1
4216,512,223,5000,107260,512,1
4217,512,223,4944,106944,512,1
4218,512,222,4926,107222,512,1
4219,512,222,4963,107370,512,1
4220,512,223,4926,107945,512,1
4221,512,222,5574,108019,512,1
4222,512,222,5000,107426,512,1
4223,512,204,4981,107556,512,1
4224,512,222,5074,107462,512,1
4225,512,222,5259,107945,512,1
4226,512,223,5000,107093,512,1
4227,512,223,4963,107167,512,1
4228,512,223,4962,107352,512,1
4229,512,223,4944,107444,512,1
4230,512,222,5074,108648,512,1
4231,512,222,4982,107870,512,1
4232,512,223,4944,107519,512,1
4233,512,222,4963,106889,512,1
4234,512,222,5074,107408,512,1
4235,512,223,4963,107556,512,1
4236,512,222,4982,107093,512,1
4237,512,222,4963,107130,512,1
4238,512,222,5074,107444,512,1
4239,512,222,5093,107778,512,1
4240,512,222,5093,107834,512,1
4241,512,222,5074,107445,512,1
4242,512,223,5000,107167,512,1
4243,512,222,4963,107130,512,1
4244,512,222,4982,107518,512,1
4245,512,223,5111,107296,512,1
4246,512,222,4944,107167,512,1
4247,512,222,5018,107870,512,1
4248,512,222,5074,107834,512,1
4249,512,204,5037,108056,512,1
4250,512,222,4963,107296,512,1
4251,512,222,4982,107333,512,1
4252,512,223,4944,107167,512,1
4253,512,223,4963,107371,512,1
4254,512,222,4945,107351,512,1
4255,512,204,4981,107519,512,1
4256,512,222,5056,107260,512,1
4257,512,222,5167,107686,512,1
4258,512,222,5074,107445,512,1
4259,512,222,5000,107463,512,1
4260,512,223,4944,106981,512,1
4261,512,222,4963,107185,512,1
4262,512,222,5296,114778,512,1
4263,512,223,5037,107204,512,1
4264,512,223,4981,108019,512,1
4265,512,222,4926,107315,512,1
4266,512,222,4907,107093,512,1
4267,512,222,5018,107315,512,1
4268,512,222,4926,107149,512,1
4269,512,204,5000,107537,512,1
4270,512,222,5074,107704,512,1
4271,512,222,5166,107703,512,1
4272,512,222,4963,107185,512,1
4273,512,222,5166,107019,512,1
4274,512,223,4963,107389,512,1
4275,512,222,4907,106870,512,1
4276,512,222,4908,107074,512,1
4277,512,222,5019,107129,512,1
4278,512,222,5019,107667,512,1
4279,512,222,5037,107760,512,1
4280,512,223,4981,107278,512,1
4281,512,222,4945,107648,512,1
4282,512,222,5111,107371,512,1
4283,512,222,4945,107333,512,1
4284,512,222,4926,107445,512,1
4285,512,223,4981,107167,512,1
4286,512,223,4926,107185,512,1
4287,512,223,4981,107018,512,1
4288,512,222,5000,107611,512,1
4289,512,222,5222,107333,512,1
4290,512,203,4963,107111,512,1
4291,512,203,4945,107314,512,1
4292,512,222,4945,107537,512,1
4293,512,223,4963,107111,512,1
4294,512,222,4963,106926,512,1
4295,512,222,4945,107240,512,1
4296,512,222,5018,107278,512,1
4297,512,222,5037,106907,512,1
4298,512,223,4944,108111,512,1
4299,512,203,5056,107370,512,1
4300,512,222,4982,107445,512,1
4301,512,222,5093,107500,512,1
4302,512,222,5019,107296,512,1
4303,512,222,5167,107148,512,1
4304,512,223,5055,107351,512,1
4305,512,222,5130,107500,512,1
4306,512,222,4982,107056,512,1
4307,512,222,5000,107389,512,1
4308,512,222,4926,106852,512,1
4309,512,222,5092,107315,512,1
4310,512,222,4907,106852,512,1
4311,512,222,4944,107111,512,1
4312,512,222,4908,107371,512,1
4313,512,223,4925,106907,512,1
4314,512,222,5019,107037,512,1
4315,512,222,5000,107778,512,1
4316,512,222,5037,107278,512,1
4317,512,223,5018,107944,512,1
4318,512,222,5018,107741,512,1
4319,512,222,5000,107092,512,1
4320,512,222,5000,106963,512,1
4321,512,222,5204,107871,512,1
4322,512,222,5111,107277,512,1
4323,512,222,4982,107370,512,1
4324,512,222,4945,106944,512,1
4325,512,223,5018,107166,512,1
4326,512,222,5037,107649,512,1
4327,512,223,4981,107574,512,1
4328,512,222,5018,106871,512,1
4329,512,222,4945,107593,512,1
4330,512,222,5038,107481,512,1
4331,512,222,5018,107278,512,1
4332,512,222,5018,107537,512,1
4333,512,223,5037,107370,512,1
4334,512,222,5185,107352,512,1
4335,512,222,5167,107759,512,1
4336,512,222,5000,107352,512,1
4337,512,222,5167,107630,512,1
4338,512,222,5093,107241,512,1
4339,512,204,4925,107315,512,1
4340,512,223,4926,107370,512,1
4341,512,222,4981,107685,512,1
4342,512,204,4963,107093,512,1
4343,512,223,5000,107093,512,1
4344,512,223,5000,107204,512,1
4345,512,222,4944,106834,512,1
4346,512,223,4926,107463,512,1
4347,512,222,4963,107333,512,1
4348,512,222,4945,107259,512,1
4349,512,223,4962,107667,512,1
4350,512,222,4963,107389,512,1
4351,512,222,4945,106945,512,1
4352,512,222,5037,107426,512,1
4353,512,223,5166,107333,512,1
4354,512,222,4963,106925,512,1
4355,512,222,4926,107445,512,1
4356,512,222,4963,107815,512,1
4357,512,203,5019,107463,512,1
4358,512,204,4963,107167,512,1
4359,512,222,4982,107129,512,1
4360,512,222,4926,107482,512,1
4361,512,223,5000,107333,512,1
4362,512,222,4926,107296,512,1
4363,512,222,4926,107148,512,1
4364,512,222,5019,107611,512,1
4365,512,222,4945,107519,512,1
4366,512,222,5018,108463,512,1
4367,512,222,5204,107333,512,1
4368,512,222,4981,107389,512,1
4369,512,222,5148,107500,512,1
4370,512,222,4963,107240,512,1
4371,512,204,4944,107426,512,1
4372,512,223,5037,107241,512,1
4373,512,223,5037,107055,512,1
4374,512,204,5037,107352,512,1
4375,512,222,5019,107815,512,1
4376,512,223,4944,107019,512,1
4377,512,222,4945,106852,512,1
4378,512,223,5018,107741,512,1
4379,512,223,5037,107389,512,1
4380,512,203,4982,106907,512,1
4381,512,222,4963,107056,512,1
4382,512,203,4963,107166,512,1
4383,512,222,5056,107833,512,1
4384,512,222,5055,107352,512,1
4385,512,223,5166,107648,512,1
4386,512,222,5000,107092,512,1
4387,512,222,5019,107277,512,1
4388,512,222,4963,107037,512,1
4389,512,204,4944,106926,512,1
4390,512,222,5074,107111,512,1
4391,512,222,4926,107315,512,1
4392,512,203,4963,107000,512,1
4393,512,222,5018,106963,512,1
4394,512,204,4963,107093,512,1
4395,512,223,5629,115000,512,1
4396,512,222,5056,107463,512,1
4397,512,204,5055,107408,512,1
4398,512,223,5037,106981,512,1
4399,512,222,5204,107185,512,1
4400,512,203,5000,108000,512,1
4401,512,223,5148,107722,512,1
4402,512,222,4982,107055,512,1
4403,512,222,4963,107037,512,1
4404,512,222,5055,107482,512,1
4405,512,223,5000,107630,512,1
4406,512,223,5055,107870,512,1
4407,512,222,5056,107814,512,1
4408,512,222,5019,107407,512,1
4409,512,223,5055,107370,512,1
4410,512,204,4981,107333,512,1
4411,512,222,5074,107481,512,1
4412,512,222,4963,107389,512,1
4413,512,204,4963,107315,512,1
4414,512,203,5019,108037,512,1
4415,512,222,4963,107223,512,1
4416,512,223,5055,107167,512,1
4417,512,222,5204,108074,512,1
4418,512,222,5000,107297,512,1
4419,512,222,5074,107537,512,1
4420,512,222,5037,107741,512,1
4421,512,222,4963,107037,512,1
4422,512,222,4982,107148,512,1
4423,512,223,5037,106926,512,1
4424,512,203,4963,107648,512,1
4425,512,222,5018,107278,512,1
4426,512,222,4963,107185,512,1
4427,512,222,5037,107092,512,1
4428,512,223,4963,107407,512,1
4429,512,222,5167,107834,512,1
4430,512,204,5074,107093,512,1
4431,512,222,5130,107685,512,1
4432,512,222,5111,107241,512,1
4433,512,222,5111,108056,512,1
4434,512,222,5074,108074,512,1
4435,512,204,5000,107111,512,1
4436,512,222,4981,107297,512,1
4437,512,204,5074,107278,512,1
4438,512,222,4982,107260,512,1
4439,512,223,4963,107315,512,1
4440,512,222,4907,107019,512,1
4441,512,222,4982,107037,512,1
4442,512,222,4963,107297,512,1
4443,512,223,4981,107518,512,1
4444,512,222,4982,107166,512,1
4445,512,204,5000,107111,512,1
4446,512,222,5000,107370,512,1
4447,512,222,5055,107130,512,1
4448,512,222,5055,107333,512,1
4449,512,222,5241,107074,512,1
4450,512,222,4981,107500,512,1
4451,512,222,5019,107612,512,1
4452,512,222,5019,106945,512,1
4453,512,222,4981,107370,512,1
4454,512,222,4981,107593,512,1
4455,512,222,5037,107314,512,1
4456,512,222,4963,107426,512,1
4457,512,222,5037,107260,512,1
4458,512,223,4981,107167,512,1
4459,512,222,4963,107352,512,1
4460,512,222,5037,107148,512,1
4461,512,223,4981,107333,512,1
4462,512,222,5111,107129,512,1
4463,512,222,5129,107426,512,1
4464,512,222,5037,107185,512,1
4465,512,222,5167,107500,512,1
4466,512,203,5000,107055,512,1
4467,512,223,5055,107389,512,1
4468,512,222,4963,108185,512,1
4469,512,223,5000,107278,512,1
4470,512,203,4982,107444,512,1
4471,512,203,5093,107481,512,1
4472,512,204,5037,107574,512,1
4473,512,222,5000,107889,512,1
4474,512,203,5037,107407,512,1
4475,512,203,5075,107407,512,1
4476,512,204,4963,107037,512,1
4477,512,222,5093,107870,512,1
4478,512,222,5037,107686,512,1
4479,512,223,5148,107352,512,1
4480,512,222,5037,107389,512,1
4481,512,222,5222,107352,512,1
4482,512,222,5000,107667,512,1
4483,512,222,5000,107426,512,1
4484,512,222,4945,107203,512,1
4485,512,223,5000,107759,512,1
4486,512,204,5018,107611,512,1
4487,512,204,4981,107500,512,1
4488,512,222,4981,107092,512,1
4489,512,222,5037,107148,512,1
4490,512,222,4982,107037,512,1
4491,512,223,5037,107408,512,1
4492,512,222,5019,107518,512,1
4493,512,223,5092,107185,512,1
4494,512,222,4963,107500,512,1
4495,512,222,5129,107667,512,1
4496,512,222,5037,107537,512,1
4497,512,223,5203,107537,512,1
4498,512,222,5000,106945,512,1
4499,512,222,4963,107482,512,1
4500,512,222,5074,107333,512,1
4501,512,222,5038,107666,512,1
4502,512,222,5000,107889,512,1
4503,512,222,5019,107741,512,1
4504,512,222,5037,107186,512,1
4505,512,222,5000,107297,512,1
4506,512,223,4981,107370,512,1
4507,512,222,5074,107445,512,1
4508,512,223,5074,107518,512,1
4509,512,222,4963,107666,512,1
4510,512,222,5056,107871,512,1
4511,512,223,4962,107444,512,1
4512,512,222,5018,107074,512,1
4513,512,222,5204,107555,512,1
4514,512,222,5037,107574,512,1
4515,512,222,5000,107408,512,1
4516,512,222,4963,107315,512,1
4517,512,223,4926,107055,512,1
4518,512,222,4963,107444,512,1
4519,512,204,5000,108093,512,1
4520,512,223,4944,107296,512,1
4521,512,222,4926,107074,512,1
4522,512,223,5055,107259,512,1
4523,512,222,4963,107462,512,1
4524,512,222,4963,107185,512,1
4525,512,222,4945,106963,512,1
4526,512,222,5037,107056,512,1
4527,512,222,5315,114518,512,1
4528,512,222,5093,107463,512,1
4529,512,222,5185,107481,512,1
4530,512,223,5037,107667,512,1
4531,512,223,4962,107518,512,1
4532,512,222,4945,106963,512,1
4533,512,222,4963,107352,512,1
4534,512,222,5148,107481,512,1
4535,512,222,5037,108204,512,1
4536,512,222,5019,108223,512,1
4537,512,223,5055,107574,512,1
4538,512,222,5037,107222,512,1
4539,512,203,4963,107092,512,1
4540,512,222,14056,122185,512,1
4541,512,240,5297,107796,512,1
4542,512,241,5037,107240,512,1
4543,512,222,4945,107370,512,1
4544,512,204,5055,107444,512,1
4545,512,222,5278,107685,512,1
4546,512,222,4963,107259,512,1
4547,512,222,4982,107129,512,1
4548,512,222,4926,107167,512,1
4549,512,222,5037,107425,512,1
4550,512,222,5093,107703,512,1
4551,512,204,4963,107185,512,1
4552,512,222,4963,107166,512,1
4553,512,204,5037,108185,512,1
4554,512,222,5000,107314,512,1
4555,512,222,5074,107278,512,1
4556,512,222,5075,107389,512,1
4557,512,222,4945,107056,512,1
4558,512,222,5019,107334,512,1
4559,512,223,5129,107704,512,1
4560,512,222,5093,107408,512,1
4561,512,222,5111,107389,512,1
4562,512,203,4963,107296,512,1
4563,512,222,4945,107556,512,1
4564,512,222,5056,107315,512,1
4565,512,222,4944,106871,512,1
4566,512,223,4944,107223,512,1
4567,512,223,4963,107278,512,1
4568,512,222,4907,107240,512,1
4569,512,222,4944,107463,512,1
4570,512,222,4945,108204,512,1
4571,512,222,5000,107185,512,1
4572,512,222,5018,107537,512,1
4573,512,222,4963,106945,512,1
4574,512,223,4944,107463,512,1
4575,512,222,4963,107130,512,1
4576,512,223,5018,108333,512,1
4577,512,203,5260,113055,512,1
4578,512,222,5056,107982,512,1
4579,512,222,5000,107352,512,1
4580,512,223,5018,107500,512,1
4581,512,222,5037,107277,512,1
4582,512,222,4945,107074,512,1
4583,512,222,4963,107000,512,1
4584,512,223,5074,107481,512,1
4585,512,222,5019,106981,512,1
4586,512,222,5074,107204,512,1
4587,512,222,5130,108556,512,1
4588,512,222,5037,107500,512,1
4589,512,222,4963,107481,512,1
4590,512,222,4963,106982,512,1
4591,512,222,5092,107204,512,1
4592,512,222,5111,107537,512,1
4593,512,223,5111,107537,512,1
4594,512,222,5000,107408,512,1
4595,512,222,5111,107167,512,1
4596,512,222,4945,107093,512,1
4597,512,222,5037,107426,512,1
4598,512,222,5056,107926,512,1
4599,512,222,5000,107889,512,1
4600,512,223,5018,107056,512,1
4601,512,222,4945,107092,512,1
4602,512,204,4963,107278,512,1
4603,512,222,4981,107593,512,1
4604,512,223,5000,107777,512,1
4605,512,222,4982,107259,512,1
4606,512,222,4944,107148,512,1
4607,512,203,4963,107333,512,1
4608,512,222,5019,107203,512,1
4609,512,222,5204,107500,512,1
4610,512,222,5037,107723,512,1
4611,512,223,4944,107463,512,1
4612,512,222,4945,107426,512,1
4613,512,204,5000,107389,512,1
4614,512,222,5074,107240,512,1
4615,512,222,5019,107185,512,1
4616,512,222,5019,107333,512,1
4617,512,222,5037,107371,512,1
4618,512,223,4963,107185,512,1
4619,512,223,5037,107055,512,1
4620,512,222,5018,107500,512,1
4621,512,223,4944,108056,512,1
4622,512,222,5038,107334,512,1
4623,512,223,5092,107018,512,1
4624,512,222,5074,107222,512,1
4625,512,222,5130,107778,512,1
4626,512,222,4981,107093,512,1
4627,512,222,4926,107333,512,1
4628,512,222,4963,107370,512,1
4629,512,222,4945,107612,512,1
4630,512,223,4944,107222,512,1
4631,512,222,4982,107223,512,1
4632,512,223,4944,107222,512,1
4633,512,222,5000,107260,512,1
4634,512,223,4944,106833,512,1
4635,512,222,4981,107130,512,1
4636,512,223,4926,107093,512,1
4637,512,223,5018,107704,512,1
4638,512,222,5037,108278,512,1
4639,512,222,4963,107481,512,1
4640,512,222,5019,107185,512,1
4641,512,222,5222,107556,512,1
4642,512,223,4963,107259,512,1
4643,512,222,5000,107389,512,1
4644,512,203,4963,106815,512,1
4645,512,223,4962,107222,512,1
4646,512,204,5055,107555,512,1
4647,512,222,5019,107629,512,1
4648,512,222,5019,107203,512,1
4649,512,204,5018,107000,512,1
4650,512,223,4963,107481,512,1
4651,512,222,5056,107259,512,1
4652,512,222,4926,107018,512,1
4653,512,222,5000,106796,512,1
4654,512,203,5019,107537,512,1
4655,512,223,5222,108055,512,1
4656,512,222,5130,107592,512,1
4657,512,222,5111,107185,512,1
4658,512,222,5000,107240,512,1
4659,512,222,5315,115537,512,1
4660,512,204,5648,108222,512,1
4661,512,204,5111,107408,512,1
4662,512,222,4963,107000,512,1
4663,512,223,5000,107648,512,1
4664,512,223,5000,107481,512,1
4665,512,222,4945,107037,512,1
4666,512,204,5019,107259,512,1
4667,512,222,5037,107592,512,1
4668,512,222,5000,107167,512,1
4669,512,223,4963,107185,512,1
4670,512,222,4982,107389,512,1
4671,512,222,5019,107241,512,1
4672,512,222,5018,107982,512,1
4673,512,223,5166,107704,512,1
4674,512,223,4925,107241,512,1
4675,512,222,4944,107278,512,1
4676,512,223,5000,107278,512,1
4677,512,222,4926,107297,512,1
4678,512,222,5019,107463,512,1
4679,512,222,4926,107260,512,1
4680,512,223,5111,107333,512,1
4681,512,223,5018,107130,512,1
4682,512,223,5000,107426,512,1
4683,512,222,5093,107407,512,1
4684,512,222,4963,107352,512,1
4685,512,222,5000,107796,512,1
4686,512,222,5037,107259,512,1
4687,512,222,5203,108185,512,1
4688,512,222,5148,107333,512,1
4689,512,222,5130,108055,512,1
4690,512,204,5074,107259,512,1
4691,512,222,5074,107759,512,1
4692,512,222,4981,107574,512,1
4693,512,223,5092,107575,512,1
4694,512,204,5056,107278,512,1
4695,512,222,5019,107481,512,1
4696,512,222,4963,107389,512,1
4697,512,203,5038,107500,512,1
4698,512,222,4963,107259,512,1
4699,512,222,5037,107278,512,1
4700,512,222,4926,106944,512,1
4701,512,222,5019,107445,512,1
4702,512,222,5037,107129,512,1
4703,512,222,4926,107166,512,1
4704,512,222,4963,107444,512,1
4705,512,223,5166,107722,512,1
4706,512,222,4944,108111,512,1
4707,512,222,4944,107371,512,1
4708,512,223,5018,107241,512,1
4709,512,223,5018,107074,512,1
4710,512,222,4963,107278,512,1
4711,512,223,4944,106945,512,1
4712,512,222,4926,107167,512,1
4713,512,222,4907,107000,512,1
4714,512,222,4945,107575,512,1
4715,512,222,4944,107019,512,1
4716,512,222,4981,107055,512,1
4717,512,222,4945,107260,512,1
4718,512,223,4944,107556,512,1
4719,512,222,5185,107389,512,1
4720,512,222,4963,107167,512,1
4721,512,223,5074,106833,512,1
4722,512,203,5000,107240,512,1
4723,512,203,4945,107963,512,1
4724,512,223,5018,108037,512,1
4725,512,222,5223,107259,512,1
4726,512,223,4944,107630,512,1
4727,512,222,5000,107611,512,1
4728,512,203,5037,107333,512,1
4729,512,222,4944,107241,512,1
4730,512,222,4944,107111,512,1
4731,512,222,4963,107407,512,1
4732,512,222,4908,107204,512,1
4733,512,222,4945,107612,512,1
4734,512,223,4981,107167,512,1
4735,512,223,4981,107000,512,1
4736,512,204,5037,107167,512,1
4737,512,222,5222,107389,512,1
4738,512,222,5038,107037,512,1
4739,512,222,4963,107185,512,1
4740,512,204,4926,107667,512,1
4741,512,222,5092,107222,512,1
4742,512,222,5000,107055,512,1
4743,512,222,4982,107352,512,1
4744,512,222,5000,107518,512,1
4745,512,222,4926,107315,512,1
4746,512,222,4926,106944,512,1
4747,512,222,4963,107129,512,1
4748,512,222,5037,107203,512,1
4749,512,204,4926,107371,512,1
4750,512,222,5000,106963,512,1
4751,512,222,5185,107166,512,1
4752,512,223,5000,107185,512,1
4753,512,222,5130,107685,512,1
4754,512,222,5056,107019,512,1
4755,512,222,4963,106982,512,1
4756,512,223,4944,107130,512,1
4757,512,223,4981,107723,512,1
4758,512,223,5037,107370,512,1
4759,512,222,5000,107019,512,1
4760,512,223,5000,107649,512,1
4761,512,223,4925,107370,512,1
4762,512,222,5056,106962,512,1
4763,512,222,4926,107130,512,1
4764,512,222,5037,107037,512,1
4765,512,204,5018,107463,512,1
4766,512,222,5037,107204,512,1
4767,512,222,4907,107056,512,1
4768,512,222,5074,107092,512,1
4769,512,204,5185,107611,512,1
4770,512,222,5093,107241,512,1
4771,512,222,5037,107241,512,1
4772,512,223,4925,107185,512,1
4773,512,222,5111,107426,512,1
4774,512,222,5000,108259,512,1
4775,512,222,5037,107259,512,1
4776,512,222,5000,107592,512,1
4777,512,223,4944,107074,512,1
4778,512,222,4982,107223,512,1
4779,512,223,4944,107297,512,1
4780,512,223,4926,107112,512,1
4781,512,204,4926,107111,512,1
4782,512,222,5000,107519,512,1
4783,512,222,5129,107315,512,1
4784,512,222,5000,107129,512,1
4785,512,222,5204,107074,512,1
4786,512,223,4963,107259,512,1
4787,512,204,4944,106778,512,1
4788,512,222,4926,107204,512,1
4789,512,222,5000,107148,512,1
4790,512,204,4945,107500,512,1
4791,512,223,5703,115963,512,1
4792,512,222,5389,107852,512,1
4793,512,223,5037,107148,512,1
4794,512,223,5018,107371,512,1
4795,512,222,4981,107537,512,1
4796,512,223,4963,107074,512,1
4797,512,222,5037,107019,512,1
4798,512,203,4963,107351,512,1
4799,512,222,4963,107111,512,1
4800,512,222,5037,107389,512,1
4801,512,222,5185,107704,512,1
4802,512,222,4981,107297,512,1
4803,512,222,4944,107518,512,1
4804,512,204,5037,107426,512,1
4805,512,223,4962,107278,512,1
4806,512,222,5019,106945,512,1
4807,512,222,4963,107296,512,1
4808,512,222,4963,107871,512,1
4809,512,223,5129,107685,512,1
4810,512,222,5019,107129,512,1
4811,512,222,5056,107500,512,1
4812,512,222,4945,107388,512,1
4813,512,222,5037,107556,512,1
4814,512,222,5056,107518,512,1
4815,512,223,5222,107778,512,1
4816,512,222,5074,107167,512,1
4817,512,222,5204,108093,512,1
4818,512,222,5055,107482,512,1
4819,512,223,4944,107130,512,1
4820,512,222,4945,107037,512,1
4821,512,222,5056,107297,512,1
4822,512,222,5222,107556,512,1
4823,512,222,5037,107000,512,1
4824,512,223,4944,107481,512,1
4825,512,222,5167,108240,512,1
4826,512,222,5056,107222,512,1
4827,512,222,5130,107723,512,1
4828,512,222,4981,107093,512,1
4829,512,203,5056,107592,512,1
4830,512,223,4981,107537,512,1
4831,512,223,4981,107370,512,1
4832,512,222,4982,107407,512,1
4833,512,222,5111,107074,512,1
4834,512,222,5056,107203,512,1
4835,512,222,5056,107277,512,1
4836,512,222,5000,107463,512,1
4837,512,222,5074,107149,512,1
4838,512,222,4981,107074,512,1
4839,512,222,5000,107371,512,1
4840,512,204,4944,107315,512,1
4841,512,222,4963,107130,512,1
4842,512,223,5018,108148,512,1
4843,512,222,5112,107148,512,1
4844,512,222,4981,107278,512,1
4845,512,222,4963,107389,512,1
4846,512,222,5037,107389,512,1
4847,512,204,5166,107648,512,1
4848,512,222,5037,107351,512,1
4849,512,222,5167,107611,512,1
4850,512,222,4963,107463,512,1
4851,512,223,5018,107259,512,1
4852,512,223,5018,107407,512,1
4853,512,222,4982,107370,512,1
4854,512,222,5000,107740,512,1
4855,512,222,5037,107389,512,1
4856,512,222,5037,107630,512,1
4857,512,204,4981,107296,512,1
4858,512,223,5000,107593,512,1
4859,512,222,4982,108389,512,1
4860,512,204,5056,107167,512,1
4861,512,222,4963,106908,512,1
4862,512,222,4944,107074,512,1
4863,512,223,4981,107407,512,1
4864,512,222,4926,107352,512,1
4865,512,222,5167,107407,512,1
4866,512,222,4982,107037,512,1
4867,512,204,4981,107389,512,1
4868,512,223,5018,107204,512,1
4869,512,222,4926,107297,512,1
4870,512,222,4944,107296,512,1
4871,512,222,4981,107222,512,1
4872,512,222,4926,107000,512,1
4873,512,222,5000,106926,512,1
4874,512,204,4944,107148,512,1
4875,512,223,4944,107315,512,1
4876,512,222,5037,107944,512,1
4877,512,204,4962,107296,512,1
4878,512,222,4945,107019,512,1
4879,512,203,5149,107889,512,1
4880,512,223,5111,107630,512,1
4881,512,223,5111,107278,512,1
4882,512,223,5055,107370,512,1
4883,512,204,4963,107093,512,1
4884,512,223,4981,107315,512,1
4885,512,222,5055,107333,512,1
4886,512,222,4982,107463,512,1
4887,512,204,4944,107018,512,1
4888,512,222,5018,107630,512,1
4889,512,222,4963,107370,512,1
4890,512,222,4963,106852,512,1
4891,512,204,4963,107111,512,1
4892,512,222,4981,107482,512,1
4893,512,222,4945,107888,512,1
4894,512,204,5055,107426,512,1
4895,512,222,4963,107612,512,1
4896,512,222,4982,107093,512,1
4897,512,222,5241,107704,512,1
4898,512,203,5093,107889,512,1
4899,512,223,5037,107185,512,1
4900,512,204,4981,107148,512,1
4901,512,222,4963,107278,512,1
4902,512,222,5000,107445,512,1
4903,512,222,4945,107277,512,1
4904,512,222,4982,107148,512,1
4905,512,222,4963,107296,512,1
4906,512,222,4981,107222,512,1
4907,512,222,4963,107056,512,1
4908,512,223,5074,107259,512,1
4909,512,222,5037,107500,512,1
4910,512,204,5037,108333,512,1
4911,512,223,5148,107870,512,1
4912,512,222,5056,107685,512,1
4913,512,222,5203,107611,512,1
4914,512,222,5000,107129,512,1
4915,512,204,4963,107463,512,1
4916,512,222,4982,107463,512,1
4917,512,223,4944,107111,512,1
4918,512,222,4944,107223,512,1
4919,512,223,5018,107741,512,1
4920,512,222,5019,107704,512,1
4921,512,222,5056,107334,512,1
4922,512,223,4926,107370,512,1
4923,512,222,5389,114908,512,1
4924,512,223,5074,107315,512,1
4925,512,222,4944,107056,512,1
4926,512,204,5056,107352,512,1
4927,512,222,4945,108278,512,1
4928,512,222,5074,107129,512,1
4929,512,222,5241,107500,512,1
4930,512,222,5056,107666,512,1
4931,512,222,4926,107518,512,1
4932,512,222,4926,107111,512,1
4933,512,223,4926,107093,512,1
4934,512,223,5055,107130,512,1
4935,512,222,4944,107407,512,1
4936,512,223,5000,107370,512,1
4937,512,222,5055,107371,512,1
4938,512,223,4963,107241,512,1
4939,512,222,4963,107241,512,1
4940,512,222,5111,107259,512,1
4941,512,223,4926,107389,512,1
4942,512,222,5000,107130,512,1
4943,512,222,5204,108204,512,1
4944,512,222,5018,107759,512,1
4945,512,222,5185,107926,512,1
4946,512,222,5000,107593,512,1
4947,512,222,5074,107278,512,1
4948,512,223,5037,107000,512,1
4949,512,222,4945,107463,512,1
4950,512,223,4963,107333,512,1
4951,512,222,4963,107240,512,1
4952,512,222,4944,107056,512,1
4953,512,223,4981,107278,512,1
4954,512,222,4963,107351,512,1
4955,512,222,4963,107056,512,1
4956,512,223,5018,107519,512,1
4957,512,222,5074,107556,512,1
4958,512,222,4926,107500,512,1
4959,512,222,5000,107204,512,1
4960,512,223,5018,107185,512,1
4961,512,222,5185,107833,512,1
4962,512,222,4963,107425,512,1
4963,512,222,5000,106981,512,1
4964,512,222,5019,107240,512,1
4965,512,222,4945,107056,512,1
4966,512,223,4944,107611,512,1
4967,512,222,5037,107463,512,1
4968,512,204,4926,106815,512,1
4969,512,222,5000,107130,512,1
4970,512,204,5037,107370,512,1
4971,512,222,4926,107592,512,1
4972,512,204,4926,107130,512,1
4973,512,223,4963,107000,512,1
4974,512,222,5019,107074,512,1
4975,512,222,5185,107352,512,1
4976,512,222,5074,107204,512,1
4977,512,203,5186,107518,512,1
4978,512,204,5055,108389,512,1
4979,512,222,5019,107666,512,1
4980,512,222,5000,107389,512,1
4981,512,223,5000,107241,512,1
4982,512,222,5019,107019,512,1
4983,512,222,5037,107222,512,1
4984,512,204,5074,107426,512,1
4985,512,222,5000,107500,512,1
4986,512,222,5000,107166,512,1
4987,512,222,5019,107166,512,1
4988,512,222,5037,107148,512,1
4989,512,222,5000,106870,512,1
4990,512,222,4926,106741,512,1
4991,512,222,5074,107222,512,1
4992,512,203,5038,107259,512,1
4993,512,222,5111,107130,512,1
4994,512,222,5130,107111,512,1
4995,512,222,4945,107945,512,1
4996,512,222,5037,107370,512,1
4997,512,222,5019,107018,512,1
4998,512,222,4982,107130,512,1
4999,512,222,4945,107148,512,1
5000,512,222,5000,107204,512,1
5001,512,222,5000,106945,512,1
5002,512,222,5037,106926,512,1
5003,512,222,4963,107166,512,1
5004,512,222,4926,106963,512,1
5005,512,204,4944,107315,512,1
5006,512,223,5018,106963,512,1
5007,512,222,5130,107389,512,1
5008,512,223,5055,106778,512,1
5009,512,223,5222,107074,512,1
5010,512,222,5111,113093,512,1
5011,512,241,8648,119574,512,1
5012,512,223,5500,108444,512,1
5013,512,222,5185,107519,512,1
5014,512,222,5074,107796,512,1
5015,512,222,5111,107593,512,1
5016,512,222,4963,107148,512,1
5017,512,222,4982,107000,512,1
5018,512,223,5055,107315,512,1
5019,512,222,5000,107092,512,1
5020,512,223,12240,121389,512,1
5021,512,222,5371,107704,512,1
5022,512,222,5092,107500,512,1
5023,512,223,5055,107315,512,1
5024,512,222,5000,107259,512,1
5025,512,222,5352,107463,512,1
5026,512,222,5074,107315,512,1
5027,512,222,5056,107426,512,1
5028,512,222,5074,107204,512,1
5029,512,222,4944,107945,512,1
5030,512,222,5056,107186,512,1
5031,512,222,5074,107167,512,1
5032,512,222,4907,106797,512,1
5033,512,222,4926,107463,512,1
5034,512,222,5000,107166,512,1
5035,512,222,4981,107407,512,1
5036,512,222,4963,107167,512,1
5037,512,222,4963,107018,512,1
5038,512,204,5037,107148,512,1
5039,512,223,5240,107481,512,1
5040,512,204,5000,107167,512,1
5041,512,222,5092,107240,512,1
5042,512,222,4963,106759,512,1
5043,512,222,4945,107370,512,1
5044,512,223,5037,106889,512,1
5045,512,223,4944,107407,512,1
5046,512,222,4982,108092,512,1
5047,512,222,5074,107778,512,1
5048,512,222,5129,107278,512,1
5049,512,222,5037,107222,512,1
5050,512,222,4944,107222,512,1
5051,512,222,5000,106981,512,1
5052,512,222,4889,107315,512,1
5053,512,203,4982,107685,512,1
5054,512,203,5074,107370,512,1
5055,512,222,5667,114963,512,1
5056,512,222,5093,108018,512,1
5057,512,223,5370,107908,512,1
5058,512,222,5074,107129,512,1
5059,512,223,5055,107167,512,1
5060,512,204,4963,107056,512,1
5061,512,222,4963,106981,512,1
5062,512,223,5000,107833,512,1
5063,512,222,5018,108074,512,1
5064,512,222,5204,107519,512,1
5065,512,222,4944,106797,512,1
5066,512,204,4963,107148,512,1
5067,512,222,5000,107370,512,1
5068,512,222,5037,107482,512,1
5069,512,222,4981,107611,512,1
5070,512,222,5129,107445,512,1
5071,512,222,5222,107500,512,1
5072,512,222,5111,107926,512,1
5073,512,204,5222,107518,512,1
5074,512,222,4982,106759,512,1
5075,512,222,5037,107148,512,1
5076,512,222,5037,107204,512,1
5077,512,222,5055,107259,512,1
5078,512,222,4982,106741,512,1
5079,512,222,5019,107240,512,1
5080,512,222,4944,108056,512,1
5081,512,222,5056,107759,512,1
5082,512,203,5056,107259,512,1
5083,512,222,5000,107277,512,1
5084,512,222,5056,107074,512,1
5085,512,222,5037,107388,512,1
5086,512,204,5130,107204,512,1
5087,512,222,4963,106981,512,1
5088,512,223,5074,107111,512,1
5089,512,222,5167,107907,512,1
5090,512,315,4981,107296,512,1
5091,512,222,5111,107537,512,1
5092,512,222,5019,107112,512,1
5093,512,223,4962,107426,512,1
5094,512,204,6000,108556,512,1
5095,512,222,4944,106945,512,1
5096,512,222,5056,106944,512,1
5097,512,222,5056,107759,512,1
5098,512,223,4962,107704,512,1
5099,512,204,5093,107593,512,1
5100,512,222,5000,107537,512,1
5101,512,223,5018,107481,512,1
5102,512,222,5056,107148,512,1
5103,512,222,5148,107500,512,1
5104,512,222,5074,107222,512,1
5105,512,223,5277,107259,512,1
5106,512,222,4982,107166,512,1
5107,512,222,5019,107388,512,1
5108,512,222,4963,107278,512,1
5109,512,222,5000,107148,512,1
5110,512,222,4963,106834,512,1
5111,512,223,5000,107833,512,1
5112,512,222,5037,107204,512,1
5113,512,223,5018,107093,512,1
5114,512,204,4981,107741,512,1
5115,512,223,5074,107204,512,1
5116,512,223,5074,107241,512,1
5117,512,222,4963,107408,512,1
5118,512,222,5019,107351,512,1
5119,512,222,4982,106982,512,1
5120,512,223,4963,107371,512,1
5121,512,222,5130,107611,512,1
5122,512,222,5074,107167,512,1
5123,512,222,4982,107112,512,1
5124,512,222,5019,107278,512,1
5125,512,204,4981,107148,512,1
5126,512,204,5111,107537,512,1
5127,512,222,5074,106981,512,1
5128,512,222,5148,107759,512,1
5129,512,222,4945,107130,512,1
5130,512,223,5000,107667,512,1
5131,512,223,5129,108352,512,1
5132,512,223,5037,107315,512,1
5133,512,222,5055,106945,512,1
5134,512,222,5056,107260,512,1
5135,512,222,5111,107260,512,1
5136,512,204,5000,107093,512,1
5137,512,222,5093,107148,512,1
5138,512,222,5000,107241,512,1
5139,512,222,5037,106907,512,1
5140,512,204,5018,107352,512,1
5141,512,223,5000,107130,512,1
5142,512,222,5056,107000,512,1
5143,512,222,4945,106907,512,1
5144,512,223,4944,112963,512,1
5145,512,223,9703,120870,512,1
5146,512,222,5426,107760,512,1
5147,512,204,5277,107667,512,1
5148,512,222,5074,108334,512,1
5149,512,204,5148,108093,512,1
5150,512,204,5148,107649,512,1
5151,512,222,5111,107630,512,1
5152,512,222,5149,107778,512,1
5153,512,223,5296,107500,512,1
5154,512,222,5056,107648,512,1
5155,512,222,5074,107370,512,1
5156,512,222,5055,107389,512,1
5157,512,223,5018,107426,512,1
5158,512,222,5019,107592,512,1
5159,512,223,5055,108000,512,1
5160,512,222,5111,107908,512,1
5161,512,222,5037,107463,512,1
5162,512,222,5056,107334,512,1
5163,512,222,5018,107297,512,1
5164,512,223,5185,107648,512,1
5165,512,222,5019,107852,512,1
5166,512,222,5167,107630,512,1
5167,512,204,5314,108426,512,1
5168,512,222,5240,107648,512,1
5169,512,223,5203,107796,512,1
5170,512,203,5148,107685,512,1
5171,512,222,5092,107574,512,1
5172,512,204,5000,107407,512,1
5173,512,204,5018,107278,512,1
5174,512,222,5019,107833,512,1
5175,512,222,5112,108166,512,1
5176,512,222,5019,107685,512,1
5177,512,203,5037,107222,512,1
5178,512,222,5018,107740,512,1
5179,512,222,5167,107463,512,1
5180,512,222,5074,107278,512,1
5181,512,222,5000,107666,512,1
5182,512,223,5166,108741,512,1
5183,512,222,5148,107500,512,1
5184,512,222,5149,107333,512,1
5185,512,223,5203,107444,512,1
5186,512,222,5056,107685,512,1
5187,512,222,5630,115166,512,1
5188,512,204,5074,107796,512,1
5189,512,222,5056,107666,512,1
5190,512,222,5055,107370,512,1
5191,512,222,5112,107408,512,1
5192,512,222,5093,107611,512,1
5193,512,222,5074,107167,512,1
5194,512,222,5000,107555,512,1
5195,512,222,5000,107315,512,1
5196,512,222,5037,107148,512,1
5197,512,222,5074,107037,512,1
5198,512,204,5056,107797,512,1
5199,512,222,5240,108426,512,1
5200,512,222,5056,107463,512,1
5201,512,222,5259,107944,512,1
5202,512,222,5056,107408,512,1
5203,512,223,5055,107537,512,1
5204,512,223,5018,107611,512,1
5205,512,222,5149,107537,512,1
5206,512,222,5000,107259,512,1
5207,512,222,5241,107926,512,1
5208,512,204,5000,107648,512,1
5209,512,222,5056,107371,512,1
5210,512,223,5111,107222,512,1
5211,512,222,5056,107722,512,1
5212,512,223,5037,107204,512,1
5213,512,223,5055,107851,512,1
5214,512,222,5037,107537,512,1
5215,512,223,5055,107519,512,1
5216,512,222,5223,107926,512,1
5217,512,223,5296,108129,512,1
5218,512,223,5037,107444,512,1
5219,512,222,5056,107611,512,1
5220,512,222,4981,107333,512,1
5221,512,222,5112,107352,512,1
5222,512,223,5074,107926,512,1
5223,512,203,5056,107370,512,1
5224,512,222,5000,107574,512,1
5225,512,222,4963,107315,512,1
5226,512,222,5000,107463,512,1
5227,512,222,5074,107667,512,1
5228,512,222,5093,107352,512,1
5229,512,203,5056,107407,512,1
5230,512,204,5074,107074,512,1
5231,512,222,5148,107148,512,1
5232,512,222,5018,107241,512,1
5233,512,222,5166,108370,512,1
5234,512,222,5018,107463,512,1
5235,512,222,5241,107685,512,1
5236,512,222,4963,107240,512,1
5237,512,222,5148,107333,512,1
5238,512,222,5055,107630,512,1
5239,512,222,5055,107148,512,1
5240,512,222,5056,107388,512,1
5241,512,222,5000,107185,512,1
5242,512,222,5055,107630,512,1
5243,512,222,5074,107370,512,1
5244,512,203,5056,107241,512,1
5245,512,223,5055,107204,512,1
5246,512,223,4962,107537,512,1
5247,512,204,4981,107222,512,1
5248,512,222,5037,107092,512,1
5249,512,222,5185,107204,512,1
5250,512,222,5000,108166,512,1
5251,512,222,5074,107408,512,1
5252,512,222,4981,107408,512,1
5253,512,222,5000,107556,512,1
5254,512,222,5056,107111,512,1
5255,512,222,5037,107296,512,1
5256,512,222,4963,107722,512,1
5257,512,222,5000,107130,512,1
5258,512,222,5112,107092,512,1
5259,512,222,5037,107148,512,1
5260,512,222,4981,107333,512,1
5261,512,222,5018,106926,512,1
5262,512,222,5056,107130,512,1
5263,512,222,5186,107629,512,1
5264,512,222,5241,107500,512,1
5265,512,222,5167,107666,512,1
5266,512,204,5092,107074,512,1
5267,512,222,5074,107481,512,1
5268,512,222,4981,107611,512,1
5269,512,204,5018,107167,512,1
5270,512,222,5037,107149,512,1
5271,512,223,4925,107278,512,1
5272,512,223,5037,106981,512,1
5273,512,222,5019,107352,512,1
5274,512,222,5130,107185,512,1
5275,512,203,5056,107463,512,1
5276,512,222,5019,107130,512,1
5277,512,223,5000,107333,512,1
5278,512,222,5074,107370,512,1
5279,512,203,5093,107537,512,1
5280,512,222,5148,107018,512,1
5281,512,203,5204,107574,512,1
5282,512,222,5092,107278,512,1
5283,512,222,5018,107019,512,1
5284,512,222,5055,107944,512,1
5285,512,203,5075,107796,512,1
5286,512,222,5056,107408,512,1
5287,512,222,5056,107018,512,1
5288,512,204,5055,107241,512,1
5289,512,223,5000,106981,512,1
5290,512,222,5037,107296,512,1
5291,512,222,5037,106945,512,1
5292,512,222,5056,107019,512,1
5293,512,222,4945,107222,512,1
5294,512,222,5037,107240,512,1
5295,512,222,5130,107334,512,1
5296,512,223,5111,107463,512,1
5297,512,222,5129,106908,512,1
5298,512,222,5056,107389,512,1
5299,512,222,4982,107148,512,1
5300,512,222,4944,107111,512,1
5301,512,222,5037,107630,512,1
5302,512,222,5074,108186,512,1
5303,512,223,5037,107871,512,1
5304,512,223,5037,107741,512,1
5305,512,223,5148,107407,512,1
5306,512,222,4963,107000,512,1
5307,512,222,4963,107370,512,1
5308,512,222,5000,107240,512,1
5309,512,222,4963,107389,512,1
5310,512,222,4945,107296,512,1
5311,512,223,4981,107167,512,1
5312,512,222,5056,107056,512,1
5313,512,222,5185,107444,512,1
5314,512,204,5000,107259,512,1
5315,512,223,5055,107518,512,1
5316,512,222,5092,107426,512,1
5317,512,222,4926,106908,512,1
5318,512,222,5000,107944,512,1
5319,512,222,5352,115203,512,1
5320,512,222,5149,107741,512,1
5321,512,223,5037,107408,512,1
5322,512,223,5018,107185,512,1
5323,512,204,4981,107426,512,1
5324,512,222,5148,107500,512,1
5325,512,223,4981,107333,512,1
5326,512,222,5074,107630,512,1
5327,512,223,5129,107500,512,1
5328,512,222,5056,107297,512,1
5329,512,222,5093,107370,512,1
5330,512,222,5000,107482,512,1
5331,512,204,4981,107241,512,1
5332,512,223,4962,107167,512,1
5333,512,222,4926,107297,512,1
5334,512,223,5037,107537,512,1
5335,512,222,4945,107834,512,1
5336,512,222,4944,107111,512,1
5337,512,222,4945,107352,512,1
5338,512,222,4963,107482,512,1
5339,512,222,4963,107518,512,1
5340,512,223,4981,107241,512,1
5341,512,204,5000,107352,512,1
5342,512,223,4981,107148,512,1
5343,512,223,4963,107685,512,1
5344,512,223,5444,242944,512,1
5345,512,371,15555,127518,512,1
5346,512,222,5796,115297,512,1
5347,512,223,5092,107593,512,1
5348,512,222,5019,107296,512,1
5349,512,223,5055,107500,512,1
5350,512,222,5019,107315,512,1
5351,512,223,5166,107926,512,1
5352,512,222,5056,108166,512,1
5353,512,222,5185,107833,512,1
5354,512,222,5000,159500,512,1
5355,512,241,13870,126778,512,1
5356,512,222,6129,110296,512,1
5357,512,222,5333,108074,512,1
5358,512,222,5093,107389,512,1
5359,512,223,5296,107518,512,1
5360,512,222,5000,108074,512,1
5361,512,222,5296,107833,512,1
5362,512,222,4963,107685,512,1
5363,512,222,5019,107537,512,1
5364,512,222,5018,107648,512,1
5365,512,222,4982,107444,512,1
5366,512,222,5055,108241,512,1
5367,512,222,4982,107444,512,1
5368,512,222,5055,107741,512,1
5369,512,222,5000,108333,512,1
5370,512,222,5112,108333,512,1
5371,512,222,5093,107741,512,1
5372,512,222,4982,107834,512,1
5373,512,222,4963,107722,512,1
5374,512,222,4981,109870,512,1
5375,512,222,5000,108519,512,1
5376,512,222,5019,107870,512,1
5377,512,222,5241,107945,512,1
5378,512,223,5037,107778,512,1
5379,512,222,4963,107556,512,1
5380,512,222,4945,107130,512,1
5381,512,222,5037,107889,512,1
5382,512,222,5037,107629,512,1
5383,512,222,5093,107223,512,1
5384,512,223,4944,107259,512,1
5385,512,222,5111,107555,512,1
5386,512,222,4926,109167,512,1
5387,512,222,5259,108019,512,1
5388,512,222,5093,107815,512,1
5389,512,223,5037,107944,512,1
5390,512,222,5074,107500,512,1
5391,512,222,5148,107500,512,1
5392,512,204,5074,107667,512,1
5393,512,204,5185,107796,512,1
5394,512,222,4963,107240,512,1
5395,512,222,4963,107685,512,1
5396,512,222,4963,108315,512,1
5397,512,223,5018,107407,512,1
5398,512,222,5019,107703,512,1
5399,512,222,4945,107203,512,1
5400,512,222,4945,107740,512,1
5401,512,222,5000,107463,512,1
5402,512,223,4925,107463,512,1
5403,512,222,4945,108333,512,1
5404,512,222,5056,107555,512,1
5405,512,203,5000,107203,512,1
5406,512,222,4963,107519,512,1
5407,512,223,5055,107481,512,1
5408,512,222,5056,107963,512,1
5409,512,223,5351,107852,512,1
5410,512,222,4963,107130,512,1
5411,512,223,5018,107648,512,1
5412,512,222,4945,107704,512,1
5413,512,222,4945,107630,512,1
5414,512,223,5055,107407,512,1
5415,512,222,4963,114222,512,1
5416,512,222,5018,163259,512,1
5417,512,241,12703,124833,512,1
5418,512,241,9370,121222,512,1
5419,512,222,6204,109481,512,1
5420,512,222,5445,109777,512,1
5421,512,222,6056,109000,512,1
5422,512,203,5593,108481,512,1
5423,512,222,5296,108371,512,1
5424,512,223,4981,107759,512,1
5425,512,222,5240,107630,512,1
5426,512,222,5000,107500,512,1
5427,512,222,5037,107889,512,1
5428,512,222,5074,107500,512,1
5429,512,203,4945,107926,512,1
5430,512,223,4981,108037,512,1
5431,512,222,5074,111537,512,1
5432,512,240,8686,120741,512,1
5433,512,223,5722,108593,512,1
5434,512,222,5148,107796,512,1
5435,512,222,5055,107870,512,1
5436,512,204,5074,108204,512,1
5437,512,222,5148,109130,512,1
5438,512,204,5129,108500,512,1
5439,512,222,5074,107945,512,1
5440,512,222,5148,107925,512,1
5441,512,222,5167,107741,512,1
5442,512,203,5130,107500,512,1
5443,512,222,5037,107685,512,1
5444,512,222,5093,107592,512,1
5445,512,222,5074,107760,512,1
5446,512,222,5093,108037,512,1
5447,512,222,5111,107500,512,1
5448,512,223,5092,107519,512,1
5449,512,222,5074,107648,512,1
5450,512,222,5130,107611,512,1
5451,512,222,5907,115760,512,1
5452,512,223,5240,107574,512,1
5453,512,223,5203,108037,512,1
5454,512,222,5463,110500,512,1
5455,512,222,5166,108907,512,1
5456,512,222,5037,107740,512,1
5457,512,203,5352,107852,512,1
5458,512,204,5000,108223,512,1
5459,512,204,5130,107556,512,1
5460,512,222,5074,107407,512,1
5461,512,223,5074,107852,512,1
5462,512,222,5074,107777,512,1
5463,512,222,5000,107333,512,1
5464,512,222,4963,107389,512,1
5465,512,222,4963,107945,512,1
5466,512,222,5019,107592,512,1
5467,512,223,4963,107555,512,1
5468,512,222,4981,107630,512,1
5469,512,222,5019,107352,512,1
5470,512,222,5000,107555,512,1
5471,512,222,5092,108185,512,1
5472,512,222,4963,107870,512,1
5473,512,222,5148,107778,512,1
5474,512,222,5000,107796,512,1
5475,512,204,5074,107592,512,1
5476,512,222,4982,107592,512,1
5477,512,222,5055,107611,512,1
5478,512,223,4981,107444,512,1
5479,512,222,4981,107482,512,1
5480,512,223,5074,107759,512,1
5481,512,222,4963,107445,512,1
5482,512,204,4981,107574,512,1
5483,512,223,4963,107241,512,1
5484,512,222,5037,107630,512,1
5485,512,222,5056,107389,512,1
5486,512,222,5278,107926,512,1
5487,512,222,4944,107760,512,1
5488,512,203,4982,109722,512,1
5489,512,223,5240,110815,512,1
5490,512,240,9000,121000,512,1
5491,512,223,6500,115870,512,1
5492,512,222,5334,108241,512,1
5493,512,222,5260,108648,512,1
5494,512,222,5352,108833,512,1
5495,512,222,5167,108500,512,1
5496,512,222,5334,108092,512,1
5497,512,223,5000,108018,512,1
5498,512,222,5055,108037,512,1
5499,512,223,5074,107778,512,1
5500,512,222,5018,107796,512,1
5501,512,222,5148,107648,512,1
5502,512,222,4963,107796,512,1
5503,512,222,5019,108166,512,1
5504,512,222,5055,107815,512,1
5505,512,222,5149,108981,512,1
5506,512,222,4945,108130,512,1
5507,512,222,5019,107556,512,1
5508,512,222,4982,107555,512,1
5509,512,222,5000,107537,512,1
5510,512,223,4981,107592,512,1
5511,512,222,4963,107445,512,1
5512,512,223,4944,107538,512,1
5513,512,222,5000,107815,512,1
5514,512,204,4944,107185,512,1
5515,512,223,4925,107704,512,1
5516,512,222,5000,107500,512,1
5517,512,222,5148,107870,512,1
5518,512,222,5037,107500,512,1
5519,512,222,5019,107667,512,1
5520,512,222,4963,107408,512,1
5521,512,222,5186,108092,512,1
5522,512,222,4945,109314,512,1
5523,512,222,5075,107815,512,1
5524,512,223,5074,107519,512,1
5525,512,222,5111,108055,512,1
5526,512,222,4926,107648,512,1
5527,512,222,4908,107630,512,1
5528,512,223,4925,107407,512,1
5529,512,203,5037,107888,512,1
5530,512,222,4926,107815,512,1
5531,512,222,5056,107537,512,1
5532,512,222,4963,108426,512,1
5533,512,223,5074,107908,512,1
5534,512,222,4908,107425,512,1
5535,512,222,4963,107408,512,1
5536,512,222,4982,107334,512,1
5537,512,222,5259,107759,512,1
5538,512,222,5018,108055,512,1
5539,512,222,4963,108334,512,1
5540,512,203,5037,107888,512,1
5541,512,204,4963,107537,512,1
5542,512,223,4926,107741,512,1
5543,512,222,5037,107870,512,1
5544,512,222,5056,107815,512,1
5545,512,222,4926,107907,512,1
5546,512,222,5019,107445,512,1
5547,512,222,5037,107500,512,1
5548,512,222,4982,107444,512,1
5549,512,222,5223,108148,512,1
5550,512,222,5019,107815,512,1
5551,512,222,5018,107963,512,1
5552,512,203,5074,107166,512,1
5553,512,222,5111,107796,512,1
5554,512,222,4944,107204,512,1
5555,512,203,5056,108000,512,1
5556,512,204,5018,108185,512,1
5557,512,223,5018,108000,512,1
5558,512,222,5019,107889,512,1
5559,512,204,5037,108296,512,1
5560,512,222,5019,107612,512,1
5561,512,223,5055,108037,512,1
5562,512,222,4963,107630,512,1
5563,512,203,5037,107814,512,1
5564,512,222,4926,107371,512,1
5565,512,222,5000,107408,512,1
5566,512,222,4889,107277,512,1
5567,512,222,4907,107666,512,1
5568,512,204,5018,118000,512,1
5569,512,223,5685,114092,512,1
5570,512,222,5297,107148,512,1
5571,512,222,4907,106629,512,1
5572,512,222,4963,106944,512,1
5573,512,222,4981,106982,512,1
5574,512,222,5000,107112,512,1
5575,512,222,4889,106889,512,1
5576,512,222,4871,106425,512,1
5577,512,222,4852,106537,512,1
5578,512,223,5018,106907,512,1
5579,512,222,4889,106445,512,1
5580,512,222,4870,106667,512,1
5581,512,204,5093,106778,512,1
5582,512,223,4926,106481,512,1
5583,512,222,4852,106630,512,1
5584,512,222,5759,115296,512,1
5585,512,222,5389,108000,512,1
5586,512,223,4907,107167,512,1
5587,512,223,5148,107907,512,1
5588,512,222,5037,107537,512,1
5589,512,223,4963,107241,512,1
5590,512,222,4944,108777,512,1
5591,512,222,4963,107889,512,1
5592,512,203,5056,107407,512,1
5593,512,223,5018,107370,512,1
5594,512,222,5019,107685,512,1
5595,512,222,4926,107518,512,1
5596,512,223,5018,107407,512,1
5597,512,222,4926,107278,512,1
5598,512,222,4944,107389,512,1
5599,512,223,5018,107704,512,1
5600,512,223,5055,107149,512,1
5601,512,222,5185,107186,512,1
5602,512,222,5000,107500,512,1
5603,512,222,5000,107629,512,1
5604,512,222,5019,107685,512,1
5605,512,223,5055,108444,512,1
5606,512,222,5074,107556,512,1
5607,512,222,5037,108481,512,1
5608,512,222,5074,107815,512,1
5609,512,223,5148,108389,512,1
5610,512,222,5000,107129,512,1
5611,512,204,5074,107981,512,1
5612,512,222,5111,107408,512,1
5613,512,222,5111,107871,512,1
5614,512,222,5037,107426,512,1
5615,512,222,5038,107852,512,1
5616,512,222,5074,107760,512,1
5617,512,204,5148,107852,512,1
5618,512,222,4981,107278,512,1
5619,512,222,5074,107740,512,1
5620,512,222,5000,107777,512,1
5621,512,222,5055,107963,512,1
5622,512,223,5092,107945,512,1
5623,512,203,5111,107907,512,1
5624,512,223,5018,108389,512,1
5625,512,222,5148,108444,512,1
5626,512,222,5000,107519,512,1
5627,512,222,5074,108037,512,1
5628,512,222,5019,108111,512,1
5629,512,222,5055,107797,512,1
5630,512,204,5000,107797,512,1
5631,512,222,5093,107760,512,1
5632,512,222,5130,107723,512,1
5633,512,223,5148,107630,512,1
5634,512,222,4982,107686,512,1
5635,512,203,5038,107555,512,1
5636,512,203,5019,107685,512,1
5637,512,222,5037,107389,512,1
5638,512,222,4982,108037,512,1
5639,512,203,5019,107629,512,1
5640,512,223,5018,107204,512,1
5641,512,204,5055,108704,512,1
5642,512,223,4963,108111,512,1
5643,512,222,5112,107444,512,1
5644,512,241,5037,107852,512,1
5645,512,222,5241,107871,512,1
5646,512,223,5111,107722,512,1
5647,512,222,5000,107315,512,1
5648,512,222,5148,107778,512,1
5649,512,223,5185,107667,512,1
5650,512,223,5000,107426,512,1
5651,512,222,5148,107963,512,1
5652,512,222,5019,107556,512,1
5653,512,222,5000,107629,512,1
5654,512,222,5037,107167,512,1
5655,512,222,5000,107426,512,1
5656,512,222,4982,107241,512,1
5657,512,222,5000,108019,512,1
5658,512,222,5056,108407,512,1
5659,512,203,5056,108129,512,1
5660,512,222,5092,107963,512,1
5661,512,222,4963,107704,512,1
5662,512,223,5055,107889,512,1
5663,512,222,5019,107500,512,1
5664,512,204,5130,107482,512,1
5665,512,222,5185,107629,512,1
5666,512,222,5111,107481,512,1
5667,512,223,5037,108055,512,1
5668,512,222,5018,107482,512,1
5669,512,222,5019,107722,512,1
5670,512,204,5074,107259,512,1
5671,512,223,5000,107593,512,1
5672,512,223,5000,107648,512,1
5673,512,222,5056,107408,512,1
5674,512,223,5074,107575,512,1
5675,512,222,5000,107982,512,1
5676,512,222,5093,107722,512,1
5677,512,222,5148,107981,512,1
5678,512,222,5130,107722,512,1
5679,512,204,5092,108055,512,1
5680,512,222,5185,107593,512,1
5681,512,222,5185,107537,512,1
5682,512,223,4981,107593,512,1
5683,512,222,5167,107908,512,1
5684,512,222,5019,107667,512,1
5685,512,223,5037,107333,512,1
5686,512,223,5055,108259,512,1
5687,512,222,5074,107852,512,1
5688,512,222,5018,107592,512,1
5689,512,222,5037,107482,512,1
5690,512,223,5074,107167,512,1
5691,512,222,5037,107648,512,1
5692,512,222,5018,108445,512,1
5693,512,222,5074,107889,512,1
5694,512,222,5074,107703,512,1
5695,512,222,4981,107574,512,1
5696,512,223,5111,107944,512,1
5697,512,222,5223,107778,512,1
5698,512,222,5000,107777,512,1
5699,512,222,5037,107371,512,1
5700,512,222,5037,107630,512,1
5701,512,204,4981,107500,512,1
5702,512,222,5000,107426,512,1
5703,512,222,4982,107204,512,1
5704,512,204,5167,107704,512,1
5705,512,222,5056,107629,512,1
5706,512,222,5111,107796,512,1
5707,512,203,5074,107426,512,1
5708,512,222,5093,107889,512,1
5709,512,204,5203,108167,512,1
5710,512,222,5111,107870,512,1
5711,512,222,4963,107592,512,1
5712,512,222,5074,107389,512,1
5713,512,222,5260,107537,512,1
5714,512,223,5092,107630,512,1
5715,512,222,4982,107667,512,1
5716,512,222,5759,115259,512,1
5717,512,223,5759,107852,512,1
5718,512,203,4963,107370,512,1
5719,512,222,4945,107204,512,1
5720,512,222,4963,107315,512,1
5721,512,223,4963,107259,512,1
5722,512,223,5037,106833,512,1
5723,512,223,5055,107370,512,1
5724,512,222,4944,107056,512,1
5725,512,222,4963,107351,512,1
5726,512,222,5074,108241,512,1
5727,512,222,5037,107277,512,1
5728,512,222,5000,107315,512,1
5729,512,222,5204,107741,512,1
5730,512,222,4963,107260,512,1
5731,512,222,4926,107129,512,1
5732,512,204,4981,107111,512,1
5733,512,222,4945,107352,512,1
5734,512,222,4982,107222,512,1
5735,512,203,4963,107407,512,1
5736,512,223,5018,107185,512,1
5737,512,223,4944,107296,512,1
5738,512,223,4944,107148,512,1
5739,512,223,4981,107074,512,1
5740,512,203,5037,107203,512,1
5741,512,222,5185,107630,512,1
5742,512,222,4982,107629,512,1
5743,512,222,4963,107963,512,1
5744,512,222,4982,107796,512,1
5745,512,223,5166,107500,512,1
5746,512,222,4963,107204,512,1
5747,512,222,4945,106926,512,1
5748,512,223,4962,107093,512,1
5749,512,222,5019,107277,512,1
5750,512,222,4981,107185,512,1
5751,512,222,5037,107445,512,1
5752,512,222,4945,107408,512,1
5753,512,240,5260,115278,512,1
5754,512,222,5056,107963,512,1
5755,512,222,5056,107444,512,1
5756,512,223,5018,107426,512,1
5757,512,222,5000,107611,512,1
5758,512,223,4981,107500,512,1
5759,512,222,4926,107259,512,1
5760,512,222,5074,107963,512,1
5761,512,222,5130,108129,512,1
5762,512,222,5000,107926,512,1
5763,512,222,4926,107333,512,1
5764,512,222,4981,107556,512,1
5765,512,222,4945,107425,512,1
5766,512,222,4963,107537,512,1
5767,512,222,4926,107593,512,1
5768,512,223,4981,107575,512,1
5769,512,222,4944,107204,512,1
5770,512,222,5055,107593,512,1
5771,512,222,4944,107315,512,1
5772,512,222,5000,107889,512,1
5773,512,222,5130,108129,512,1
5774,512,222,5018,107556,512,1
5775,512,222,4963,107388,512,1
5776,512,203,5056,107611,512,1
5777,512,222,5185,108240,512,1
5778,512,222,4981,108148,512,1
5779,512,222,5018,107759,512,1
5780,512,222,4982,107148,512,1
5781,512,222,5056,107611,512,1
5782,512,222,4963,107482,512,1
5783,512,222,4945,108129,512,1
5784,512,222,5018,107592,512,1
5785,512,223,4963,107444,512,1
5786,512,222,4944,107444,512,1
5787,512,223,4925,107611,512,1
5788,512,222,4963,107519,512,1
5789,512,223,4963,108037,512,1
5790,512,222,5093,106722,512,1
5791,512,204,4907,106371,512,1
5792,512,204,5000,106907,512,1
5793,512,222,5167,106851,512,1
5794,512,222,5000,108000,512,1
5795,512,223,5018,106667,512,1
5796,512,223,4963,106648,512,1
5797,512,222,4926,106519,512,1
5798,512,222,4889,106666,512,1
5799,512,204,4926,106556,512,1
5800,512,223,4981,106722,512,1
5801,512,222,4926,106630,512,1
5802,512,222,4907,106908,512,1
5803,512,223,4981,106500,512,1
5804,512,222,4908,106463,512,1
5805,512,222,5074,107018,512,1
5806,512,222,4926,106444,512,1
5807,512,222,4982,106686,512,1
5808,512,223,4962,107055,512,1
5809,512,222,5167,106908,512,1
5810,512,223,4925,106741,512,1
5811,512,223,4888,107111,512,1
5812,512,222,4889,107444,512,1
5813,512,204,5000,107093,512,1
5814,512,222,4889,106667,512,1
5815,512,222,4963,106963,512,1
5816,512,223,4851,106444,512,1
5817,512,222,4907,106778,512,1
5818,512,222,4889,106759,512,1
5819,512,203,4871,106629,512,1
5820,512,222,4982,106518,512,1
5821,512,222,4833,106574,512,1
5822,512,222,4944,107222,512,1
5823,512,222,4945,106574,512,1
5824,512,222,5018,106407,512,1
5825,512,222,5167,106815,512,1
5826,512,222,4908,112018,512,1
5827,512,222,5389,113796,512,1
5828,512,222,4963,107277,512,1
5829,512,222,4982,107166,512,1
5830,512,203,5000,106555,512,1
5831,512,223,4944,106981,512,1
5832,512,203,4889,106870,512,1
5833,512,223,4888,106426,512,1
5834,512,222,4944,106500,512,1
5835,512,222,4870,106945,512,1
5836,512,222,4945,106352,512,1
5837,512,222,5056,107055,512,1
5838,512,222,4908,106760,512,1
5839,512,223,4963,106481,512,1
5840,512,222,4926,106926,512,1
5841,512,222,5130,107223,512,1
5842,512,222,5000,106796,512,1
5843,512,222,4963,106241,512,1
5844,512,222,4908,106723,512,1
5845,512,204,4907,107259,512,1
5846,512,223,4907,106796,512,1
5847,512,223,4963,106500,512,1
5848,512,223,5296,114722,512,1
5849,512,223,5074,107593,512,1
5850,512,222,5056,107297,512,1
5851,512,223,4963,107426,512,1
5852,512,222,5037,107407,512,1
5853,512,223,5074,107315,512,1
5854,512,222,5056,107259,512,1
5855,512,222,4963,107537,512,1
5856,512,223,5037,107556,512,1
5857,512,222,5241,107871,512,1
5858,512,223,5055,106944,512,1
5859,512,204,5037,107204,512,1
5860,512,222,4963,107259,512,1
5861,512,203,5074,107629,512,1
5862,512,222,5037,108222,512,1
5863,512,222,4982,109888,512,1
5864,512,222,5297,108778,512,1
5865,512,222,5056,107204,512,1
5866,512,222,4963,107555,512,1
5867,512,222,5000,107630,512,1
5868,512,222,4982,107389,512,1
5869,512,222,5204,107685,512,1
5870,512,222,5018,107408,512,1
5871,512,222,5056,107185,512,1
5872,512,222,4963,107334,512,1
5873,512,222,5167,107093,512,1
5874,512,222,4981,107111,512,1
5875,512,222,5000,107055,512,1
5876,512,223,4944,107222,512,1
5877,512,223,5074,107056,512,1
5878,512,222,5074,107371,512,1
5879,512,222,5037,108389,512,1
5880,512,222,5055,107796,512,1
5881,512,222,5037,107463,512,1
5882,512,223,5000,109037,512,1
5883,512,222,5000,107945,512,1
5884,512,223,4944,107130,512,1
5885,512,222,5000,107760,512,1
5886,512,222,4945,107186,512,1
5887,512,222,5000,107833,512,1
5888,512,223,4963,107093,512,1
5889,512,222,5185,107648,512,1
5890,512,222,4944,107685,512,1
5891,512,222,5092,107741,512,1
5892,512,222,4945,107500,512,1
5893,512,223,5055,107037,512,1
5894,512,222,4963,107148,512,1
5895,512,222,5037,107240,512,1
5896,512,222,5000,108593,512,1
5897,512,222,4963,108055,512,1
5898,512,222,4945,107260,512,1
5899,512,204,5074,107852,512,1
5900,512,222,5000,108037,512,1
5901,512,223,5203,108018,512,1
5902,512,222,5019,107778,512,1
5903,512,222,4926,107481,512,1
5904,512,204,5019,107611,512,1
5905,512,222,5130,107704,512,1
5906,512,223,4944,107167,512,1
5907,512,222,5019,107759,512,1
5908,512,222,4963,107444,512,1
5909,512,222,4982,107444,512,1
5910,512,222,5037,107334,512,1
5911,512,222,5000,107408,512,1
5912,512,222,5019,107722,512,1
5913,512,223,5055,107926,512,1
5914,512,222,4963,107926,512,1
5915,512,222,4982,107463,512,1
5916,512,222,5000,107556,512,1
5917,512,222,4963,107686,512,1
5918,512,223,4925,107481,512,1
5919,512,204,5055,107389,512,1
5920,512,222,4982,107185,512,1
5921,512,222,5204,107685,512,1
5922,512,222,4963,107611,512,1
5923,512,222,4944,107204,512,1
5924,512,222,4945,107074,512,1
5925,512,222,4945,107204,512,1
5926,512,223,5000,107907,512,1
5927,512,222,5000,107852,512,1
5928,512,222,4945,107740,512,1
5929,512,222,4963,107278,512,1
5930,512,222,5019,108537,512,1
5931,512,204,4963,107852,512,1
5932,512,222,4945,107741,512,1
5933,512,222,5149,107833,512,1
5934,512,223,5055,107741,512,1
5935,512,222,5074,107334,512,1
5936,512,222,4982,107612,512,1
5937,512,222,5111,107778,512,1
5938,512,223,5092,108000,512,1
5939,512,203,5093,108055,512,1
5940,512,222,4926,107482,512,1
5941,512,222,5148,107463,512,1
5942,512,222,5037,107815,512,1
5943,512,222,4963,108130,512,1
5944,512,222,4982,107703,512,1
5945,512,223,4981,107574,512,1
5946,512,223,4962,107167,512,1
5947,512,222,5037,108592,512,1
5948,512,222,5000,107537,512,1
5949,512,222,4982,107778,512,1
5950,512,222,5037,107945,512,1
5951,512,222,5000,107537,512,1
5952,512,222,5019,107611,512,1
5953,512,222,5185,108019,512,1
5954,512,222,5018,107815,512,1
5955,512,222,4945,107926,512,1
5956,512,222,5019,107297,512,1
5957,512,222,4963,108055,512,1
5958,512,222,5037,107334,512,1
5959,512,222,4945,107352,512,1
5960,512,222,4944,107463,512,1
5961,512,223,5055,107241,512,1
5962,512,222,4944,106908,512,1
5963,512,204,4981,107389,512,1
5964,512,222,5037,108204,512,1
5965,512,222,5167,107871,512,1
5966,512,222,4981,107445,512,1
5967,512,223,5055,108167,512,1
5968,512,222,4982,107686,512,1
5969,512,222,5204,107982,512,1
5970,512,222,5093,107814,512,1
5971,512,222,5055,107667,512,1
5972,512,222,4944,107463,512,1
5973,512,223,4944,107407,512,1
5974,512,222,4945,107796,512,1
5975,512,222,6092,108111,512,1
5976,512,222,4889,106888,512,1
5977,512,203,4908,106240,512,1
5978,512,222,4889,106389,512,1
5979,512,223,4870,106389,512,1
5980,512,222,5574,114963,512,1
5981,512,223,5074,108000,512,1
5982,512,222,4945,107444,512,1
5983,512,223,5037,107204,512,1
5984,512,222,5019,107149,512,1
5985,512,222,5111,107389,512,1
5986,512,223,5037,107592,512,1
5987,512,223,5000,107278,512,1
5988,512,222,4926,107167,512,1
5989,512,223,4944,107259,512,1
5990,512,222,4926,107130,512,1
5991,512,223,5000,107407,512,1
5992,512,223,5018,107315,512,1
5993,512,222,5000,107129,512,1
5994,512,223,5037,107222,512,1
5995,512,223,4944,106981,512,1
5996,512,203,5037,107296,512,1
5997,512,222,5204,107352,512,1
5998,512,223,4981,108889,512,1
5999,512,222,5037,107389,512,1
6000,512,204,4944,107445,512,1
6001,512,222,5111,107203,512,1
6002,512,222,4963,107037,512,1
6003,512,223,4981,107223,512,1
6004,512,222,5019,107260,512,1
6005,512,204,5000,107834,512,1
6006,512,222,5019,107240,512,1
6007,512,222,5056,107611,512,1
6008,512,222,4889,107333,512,1
6009,512,204,4982,107167,512,1
6010,512,204,4944,107111,512,1
6011,512,222,4926,107574,512,1
6012,512,203,5000,107444,512,1
6013,512,223,4981,107111,512,1
6014,512,222,4908,107129,512,1
6015,512,222,4963,107889,512,1
6016,512,222,4963,107889,512,1
6017,512,223,5203,107778,512,1
6018,512,222,4963,107592,512,1
6019,512,223,4981,107389,512,1
6020,512,222,4926,107167,512,1
6021,512,222,4963,107629,512,1
6022,512,204,4963,107500,512,1
6023,512,222,4926,107296,512,1
6024,512,222,4926,107278,512,1
6025,512,222,5000,107722,512,1
6026,512,222,4944,107685,512,1
6027,512,222,4944,107407,512,1
6028,512,223,4925,107167,512,1
6029,512,203,5149,107463,512,1
6030,512,222,4963,107018,512,1
6031,512,223,5018,107500,512,1
6032,512,222,5037,107982,512,1
6033,512,223,5148,108074,512,1
6034,512,222,4944,107648,512,1
6035,512,222,5055,107704,512,1
6036,512,222,5019,107648,512,1
6037,512,222,4963,107407,512,1
6038,512,222,5037,107592,512,1
6039,512,222,4945,107092,512,1
6040,512,222,4945,107389,512,1
6041,512,222,4944,107482,512,1
6042,512,222,4926,107518,512,1
6043,512,222,4945,107259,512,1
6044,512,222,4908,107759,512,1
6045,512,222,5074,107630,512,1
6046,512,222,5018,107704,512,1
6047,512,222,5093,107518,512,1
6048,512,204,4963,107611,512,1
6049,512,222,5167,108166,512,1
6050,512,222,4944,107741,512,1
6051,512,204,5092,107704,512,1
6052,512,222,5037,107556,512,1
6053,512,222,4963,107149,512,1
6054,512,222,4963,107500,512,1
6055,512,222,4926,107648,512,1
6056,512,222,4963,107519,512,1
6057,512,204,4963,107149,512,1
6058,512,222,5056,107686,512,1
6059,512,203,4963,107315,512,1
6060,512,222,4982,107352,512,1
6061,512,223,5092,107759,512,1
6062,512,223,4944,107241,512,1
6063,512,204,5000,107574,512,1
6064,512,223,5351,108518,512,1
6065,512,222,5204,107982,512,1
6066,512,222,4982,108925,512,1
6067,512,222,5074,107926,512,1
6068,512,223,5000,107370,512,1
6069,512,222,4981,107556,512,1
6070,512,223,5092,107407,512,1
6071,512,222,5019,108500,512,1
6072,512,204,5056,107760,512,1
6073,512,222,4982,107612,512,1
6074,512,222,5019,107408,512,1
6075,512,223,5055,107481,512,1
6076,512,222,4963,107537,512,1
6077,512,222,4963,107630,512,1
6078,512,204,4963,107426,512,1
6079,512,222,5055,107259,512,1
6080,512,222,5055,107371,512,1
6081,512,222,5185,107463,512,1
6082,512,204,5000,107556,512,1
6083,512,222,5056,108278,512,1
6084,512,204,5055,107611,512,1
6085,512,222,4981,107537,512,1
6086,512,222,5037,107314,512,1
6087,512,222,4963,107463,512,1
6088,512,204,4963,107463,512,1
6089,512,222,5000,107018,512,1
6090,512,222,4945,107592,512,1
6091,512,222,4963,107592,512,1
6092,512,204,4944,107667,512,1
6093,512,222,5204,107889,512,1
6094,512,223,5037,107500,512,1
6095,512,222,5000,107408,512,1
6096,512,223,5000,107129,512,1
6097,512,222,5093,107703,512,1
6098,512,222,4982,107185,512,1
6099,512,222,5000,107130,512,1
6100,512,222,4963,107666,512,1
6101,512,222,4963,107426,512,1
6102,512,222,4982,107611,512,1
6103,512,222,5018,107222,512,1
6104,512,222,5019,107407,512,1
6105,512,222,4963,107648,512,1
6106,512,222,4982,107518,512,1
6107,512,222,5092,107130,512,1
6108,512,223,4963,107148,512,1
6109,512,223,4981,107074,512,1
6110,512,222,4982,107426,512,1
6111,512,222,4963,107203,512,1
6112,512,222,5296,115019,512,1
6113,512,222,5371,107888,512,1
6114,512,222,5056,107760,512,1
6115,512,223,4944,107093,512,1
6116,512,222,5000,107296,512,1
6117,512,222,4944,107945,512,1
6118,512,223,5000,107704,512,1
6119,512,223,5037,107759,512,1
6120,512,223,5000,107130,512,1
6121,512,222,4982,108130,512,1
6122,512,222,5149,107000,512,1
6123,512,223,4981,106907,512,1
6124,512,222,4870,106593,512,1
6125,512,222,5092,106519,512,1
6126,512,222,4982,106686,512,1
6127,512,222,5000,106611,512,1
6128,512,204,4926,106630,512,1
6129,512,222,5111,106704,512,1
6130,512,222,4908,106407,512,1
6131,512,222,4907,106981,512,1
6132,512,222,4982,106223,512,1
6133,512,222,4963,106908,512,1
6134,512,240,4908,107704,512,1
6135,512,222,4907,107111,512,1
6136,512,223,4889,106871,512,1
6137,512,222,4908,106648,512,1
6138,512,204,4907,106852,512,1
6139,512,222,5000,106426,512,1
6140,512,222,4908,106592,512,1
6141,512,222,4907,106889,512,1
6142,512,223,4907,106537,512,1
6143,512,222,4889,106908,512,1
6144,512,203,4926,106241,512,1
6145,512,222,5167,106815,512,1
6146,512,223,5000,106630,512,1
6147,512,222,4944,106741,512,1
6148,512,223,4888,106796,512,1
6149,512,222,4907,106556,512,1
6150,512,222,4889,106240,512,1
6151,512,222,4889,107760,512,1
6152,512,222,4907,106685,512,1
6153,512,222,4926,106778,512,1
6154,512,222,4944,106444,512,1
6155,512,204,4926,106371,512,1
6156,512,222,4889,106463,512,1
6157,512,222,5130,106815,512,1
6158,512,223,4981,106667,512,1
6159,512,223,4888,107963,512,1
6160,512,222,5370,107500,512,1
6161,512,222,5111,107111,512,1
6162,512,222,4982,107148,512,1
6163,512,204,5074,107259,512,1
6164,512,222,4981,107574,512,1
6165,512,222,5037,106944,512,1
6166,512,223,4962,107148,512,1
6167,512,222,5037,107500,512,1
6168,512,222,5037,107963,512,1
6169,512,222,5056,107463,512,1
6170,512,223,5055,107296,512,1
6171,512,222,5056,107389,512,1
6172,512,222,5056,107574,512,1
6173,512,203,4963,106889,512,1
6174,512,222,5037,107204,512,1
6175,512,222,4944,106889,512,1
6176,512,222,5074,107426,512,1
6177,512,222,5223,107351,512,1
6178,512,222,5055,107315,512,1
6179,512,223,4962,107092,512,1
6180,512,203,5056,107648,512,1
6181,512,222,5000,107259,512,1
6182,512,204,5037,107185,512,1
6183,512,222,4981,107093,512,1
6184,512,222,4926,107259,512,1
6185,512,223,5018,108056,512,1
6186,512,222,4963,107278,512,1
6187,512,223,4944,107019,512,1
6188,512,222,5037,107000,512,1
6189,512,223,5129,107463,512,1
6190,512,222,5074,107389,512,1
6191,512,222,5037,107223,512,1
6192,512,223,5000,107148,512,1
6193,512,204,5222,107574,512,1
6194,512,222,4982,106815,512,1
6195,512,222,5056,107204,512,1
6196,512,222,4944,107315,512,1
6197,512,222,5037,107519,512,1
6198,512,222,4944,107445,512,1
6199,512,222,4982,107908,512,1
6200,512,222,5019,106945,512,1
6201,512,204,4944,107093,512,1
6202,512,222,5000,108278,512,1
6203,512,222,5000,107260,512,1
6204,512,222,4963,106908,512,1
6205,512,223,4963,107148,512,1
6206,512,222,4982,107519,512,1
6207,512,222,5000,107407,512,1
6208,512,204,5148,107112,512,1
6209,512,222,5204,107482,512,1
6210,512,222,5055,107444,512,1
6211,512,222,4982,107463,512,1
6212,512,222,4926,106796,512,1
6213,512,204,4963,107148,512,1
6214,512,223,4944,107389,512,1
6215,512,222,5000,107389,512,1
6216,512,222,4926,107074,512,1
6217,512,222,4963,107018,512,1
6218,512,222,4945,107352,512,1
6219,512,222,4963,108093,512,1
6220,512,222,5056,107389,512,1
6221,512,222,5204,107371,512,1
6222,512,204,5056,107093,512,1
6223,512,222,4945,107389,512,1
6224,512,222,5000,107574,512,1
6225,512,222,5092,107222,512,1
6226,512,222,4963,106908,512,1
6227,512,222,5019,107407,512,1
6228,512,204,4981,107259,512,1
6229,512,222,4908,107222,512,1
6230,512,222,4963,107055,512,1
6231,512,204,4963,107278,512,1
6232,512,223,4907,107074,512,1
6233,512,222,5019,107426,512,1
6234,512,223,5055,106759,512,1
6235,512,223,4963,107315,512,1
6236,512,222,4926,107796,512,1
6237,512,203,4963,107333,512,1
6238,512,204,4926,107185,512,1
6239,512,222,4981,107259,512,1
6240,512,222,5019,107481,512,1
6241,512,222,5204,107796,512,1
6242,512,222,5018,107111,512,1
6243,512,223,5018,107130,512,1
6244,512,222,5297,115111,512,1
6245,512,223,5111,107889,512,1
6246,512,222,5056,107315,512,1
6247,512,203,5019,107111,512,1
6248,512,222,5037,107759,512,1
6249,512,222,5056,107648,512,1
6250,512,222,5074,107148,512,1
6251,512,222,4982,107037,512,1
6252,512,204,5222,107407,512,1
6253,512,223,5259,107982,512,1
6254,512,222,5074,107167,512,1
6255,512,222,5019,106926,512,1
6256,512,222,4945,107093,512,1
6257,512,222,5241,107796,512,1
6258,512,223,5018,107444,512,1
6259,512,222,4963,106796,512,1
6260,512,222,4981,107056,512,1
6261,512,222,5037,107519,512,1
6262,512,203,4982,107685,512,1
6263,512,222,4945,107130,512,1
6264,512,222,4982,106889,512,1
6265,512,222,5055,107519,512,1
6266,512,222,4981,107333,512,1
6267,512,222,5074,107629,512,1
6268,512,222,4963,107203,512,1
6269,512,223,5000,107315,512,1
6270,512,203,10648,120222,512,1
6271,512,222,5130,107389,512,1
6272,512,204,5037,107055,512,1
6273,512,222,5186,107408,512,1
6274,512,204,4944,106852,512,1
6275,512,204,5000,107148,512,1
6276,512,222,4982,107352,512,1
6277,512,222,5000,107870,512,1
6278,512,222,4926,106777,512,1
6279,512,222,4889,107574,512,1
6280,512,222,4981,107093,512,1
6281,512,223,5000,107037,512,1
6282,512,222,4982,107093,512,1
6283,512,222,4908,107444,512,1
6284,512,222,5037,107111,512,1
6285,512,222,5112,107278,512,1
6286,512,222,5000,107241,512,1
6287,512,222,4926,107166,512,1
6288,512,204,5111,107148,512,1
6289,512,222,5185,107667,512,1
6290,512,222,4944,106796,512,1
6291,512,222,4981,107130,512,1
6292,512,222,4963,107074,512,1
6293,512,222,4889,107444,512,1
6294,512,222,4944,106741,512,1
6295,512,222,4982,107148,512,1
6296,512,222,5037,107481,512,1
6297,512,223,4944,107352,512,1
6298,512,223,5000,107185,512,1
6299,512,204,4945,107241,512,1
6300,512,223,5018,107037,512,1
6301,512,222,4945,107389,512,1
6302,512,222,4908,106778,512,1
6303,512,223,4907,107130,512,1
6304,512,204,5037,107871,512,1
6305,512,222,5185,107574,512,1
6306,512,222,5037,108223,512,1
6307,512,223,5055,106926,512,1
6308,512,222,5018,107130,512,1
6309,512,222,4908,107185,512,1
6310,512,222,4908,107278,512,1
6311,512,223,5000,106982,512,1
6312,512,203,5056,106981,512,1
6313,512,223,5000,107056,512,1
6314,512,222,4907,107352,512,1
6315,512,223,4981,107204,512,1
6316,512,222,5056,107186,512,1
6317,512,204,5222,107315,512,1
6318,512,223,4944,107204,512,1
6319,512,222,4945,107018,512,1
6320,512,222,5000,107315,512,1
6321,512,222,5130,107612,512,1
6322,512,222,5000,107630,512,1
6323,512,222,5019,107185,512,1
6324,512,222,4926,107093,512,1
6325,512,222,5000,107537,512,1
6326,512,222,5111,107333,512,1
6327,512,223,4926,107648,512,1
6328,512,222,5019,106963,512,1
6329,512,222,4926,107240,512,1
6330,512,222,4926,107259,512,1
6331,512,222,4945,107055,512,1
6332,512,222,5019,106834,512,1
6333,512,204,4963,107222,512,1
6334,512,223,4944,107204,512,1
6335,512,222,4908,107278,512,1
6336,512,223,5092,107056,512,1
6337,512,223,5185,107297,512,1
6338,512,204,4963,108074,512,1
6339,512,222,4945,107278,512,1
6340,512,222,5093,107130,512,1
6341,512,203,4926,107092,512,1
6342,512,223,4944,107333,512,1
6343,512,222,4908,107759,512,1
6344,512,222,5074,106982,512,1
6345,512,222,4963,107408,512,1
6346,512,222,5037,107407,512,1
6347,512,222,4981,107519,512,1
6348,512,223,5074,107519,512,1
6349,512,204,5111,107148,512,1
6350,512,222,5055,107222,512,1
6351,512,222,4926,107278,512,1
6352,512,204,5000,107389,512,1
6353,512,204,5148,107093,512,1
6354,512,222,4963,107333,512,1
6355,512,223,4944,108185,512,1
6356,512,223,4962,107574,512,1
6357,512,222,5000,107185,512,1
6358,512,222,4944,107259,512,1
6359,512,222,4945,106833,512,1
6360,512,222,4944,107352,512,1
6361,512,223,4925,106926,512,1
6362,512,222,5019,106981,512,1
6363,512,223,4981,107129,512,1
6364,512,222,4944,107574,512,1
6365,512,222,5037,107203,512,1
6366,512,203,4945,106925,512,1
6367,512,204,4963,107241,512,1
6368,512,204,5037,107241,512,1
6369,512,222,5204,107352,512,1
6370,512,222,5019,106908,512,1
6371,512,222,4945,107259,512,1
6372,512,222,4982,107518,512,1
6373,512,204,4982,107130,512,1
6374,512,222,5056,107611,512,1
6375,512,222,4907,106834,512,1
6376,512,223,5407,114796,512,1
6377,512,223,5074,107278,512,1
6378,512,203,4963,106926,512,1
6379,512,222,5000,107815,512,1
6380,512,223,5055,108296,512,1
6381,512,222,5333,107834,512,1
6382,512,222,5037,107240,512,1
6383,512,222,4981,107389,512,1
6384,512,204,5018,107000,512,1
6385,512,223,5203,107241,512,1
6386,512,222,4963,107037,512,1
6387,512,223,5000,107019,512,1
6388,512,222,5055,107482,512,1
6389,512,223,5037,108185,512,1
6390,512,222,5056,107574,512,1
6391,512,222,4963,107463,512,1
6392,512,222,4945,107149,512,1
6393,512,223,5037,107741,512,1
6394,512,222,5000,107611,512,1
6395,512,222,5018,107260,512,1
6396,512,222,5037,107500,512,1
6397,512,222,5000,107333,512,1
6398,512,222,5000,108278,512,1
6399,512,204,4926,107297,512,1
6400,512,222,5037,107297,512,1
6401,512,222,5148,107334,512,1
6402,512,222,4982,106926,512,1
6403,512,222,5074,107796,512,1
6404,512,222,5037,107130,512,1
6405,512,222,4926,107037,512,1
6406,512,222,4926,108352,512,1
6407,512,222,5018,107388,512,1
6408,512,222,5037,107500,512,1
6409,512,222,4945,106907,512,1
6410,512,222,4963,107111,512,1
6411,512,222,4963,107388,512,1
6412,512,222,4981,107797,512,1
6413,512,222,5167,107648,512,1
6414,512,222,5055,106982,512,1
6415,512,223,4926,107167,512,1
6416,512,223,4981,107370,512,1
6417,512,222,5185,113722,512,1
6418,512,204,5055,172185,512,1
6419,512,241,13852,132722,512,1
6420,512,222,10148,121834,512,1
6421,512,222,5629,108945,512,1
6422,512,204,5204,107519,512,1
6423,512,222,5148,108834,512,1
6424,512,204,5167,108019,512,1
6425,512,204,5037,107685,512,1
6426,512,222,5074,107796,512,1
6427,512,222,5037,107611,512,1
6428,512,222,5092,107444,512,1
6429,512,222,5056,107444,512,1
6430,512,223,5055,107889,512,1
6431,512,222,5019,108148,512,1
6432,512,222,5074,107593,512,1
6433,512,222,5445,107871,512,1
6434,512,222,5055,107722,512,1
6435,512,222,5037,107852,512,1
6436,512,222,5000,107666,512,1
6437,512,222,5037,107537,512,1
6438,512,204,5018,107056,512,1
6439,512,222,5093,107593,512,1
6440,512,222,5018,108482,512,1
6441,512,222,5148,107593,512,1
6442,512,222,5093,107741,512,1
6443,512,204,5018,107370,512,1
6444,512,223,5185,107797,512,1
6445,512,222,5111,107592,512,1
6446,512,223,5092,107685,512,1
6447,512,223,5000,107889,512,1
6448,512,204,5111,107500,512,1
6449,512,222,5167,107648,512,1
6450,512,222,5037,107685,512,1
6451,512,222,5056,107611,512,1
6452,512,204,5000,107722,512,1
6453,512,223,5018,107982,512,1
6454,512,222,5371,107796,512,1
6455,512,222,5019,108204,512,1
6456,512,223,4981,107796,512,1
6457,512,223,5111,108445,512,1
6458,512,222,5019,107407,512,1
6459,512,222,5038,107204,512,1
6460,512,222,5018,108167,512,1
6461,512,222,5037,107889,512,1
6462,512,204,5037,107426,512,1
6463,512,222,5000,107741,512,1
6464,512,222,5000,107555,512,1
6465,512,223,5222,107870,512,1
6466,512,222,5037,107833,512,1
6467,512,222,5019,107463,512,1
6468,512,222,5000,107500,512,1
6469,512,223,5000,108056,512,1
6470,512,222,5148,107722,512,1
6471,512,204,5037,107482,512,1
6472,512,222,4982,107370,512,1
6473,512,223,5055,107592,512,1
6474,512,222,5000,108611,512,1
6475,512,222,5111,107778,512,1
6476,512,204,5240,107259,512,1
6477,512,223,5037,107204,512,1
6478,512,222,5019,107852,512,1
6479,512,223,5074,108000,512,1
6480,512,222,5074,107630,512,1
6481,512,222,5241,107574,512,1
6482,512,222,5074,107518,512,1
6483,512,222,5075,107426,512,1
6484,512,204,5092,107685,512,1
6485,512,222,5204,107908,512,1
6486,512,222,5037,107593,512,1
6487,512,222,5056,107389,512,1
6488,512,222,5092,107482,512,1
6489,512,222,5074,108037,512,1
6490,512,222,5074,107871,512,1
6491,512,222,5111,108352,512,1
6492,512,222,5130,107611,512,1
6493,512,222,4982,107315,512,1
6494,512,223,5018,107056,512,1
6495,512,222,5093,107797,512,1
6496,512,222,5111,107315,512,1
6497,512,222,5222,107740,512,1
6498,512,203,5019,107870,512,1
6499,512,203,5111,107518,512,1
6500,512,223,5000,107667,512,1
6501,512,204,5000,107463,512,1
6502,512,222,4981,107167,512,1
6503,512,222,5130,107888,512,1
6504,512,222,4981,107093,512,1
6505,512,222,5000,107351,512,1
6506,512,222,4963,107203,512,1
6507,512,222,5018,107297,512,1
6508,512,240,6260,117445,512,1
6509,512,222,5352,108185,512,1
6510,512,204,5092,107852,512,1
6511,512,203,5038,107481,512,1
6512,512,222,5037,107592,512,1
6513,512,222,5167,107408,512,1
6514,512,222,5093,107648,512,1
6515,512,222,5074,108037,512,1
6516,512,223,5055,107426,512,1
6517,512,222,5092,107667,512,1
6518,512,222,5093,107703,512,1
6519,512,203,4982,107351,512,1
6520,512,222,4982,107796,512,1
6521,512,204,5037,107371,512,1
6522,512,222,5000,107093,512,1
6523,512,222,5000,107037,512,1
6524,512,222,5000,107741,512,1
6525,512,222,5111,108463,512,1
6526,512,222,5074,107611,512,1
6527,512,222,4981,108204,512,1
6528,512,222,5167,106593,512,1
6529,512,222,5278,107037,512,1
6530,512,222,5000,106407,512,1
6531,512,222,4963,106648,512,1
6532,512,222,4982,106407,512,1
6533,512,222,4889,106630,512,1
6534,512,222,4852,106703,512,1
6535,512,203,4908,106555,512,1
6536,512,222,4870,106555,512,1
6537,512,222,4945,107093,512,1
6538,512,223,5000,106704,512,1
6539,512,223,4907,106481,512,1
6540,512,222,5130,106537,512,1
6541,512,222,4908,106741,512,1
6542,512,223,4889,107370,512,1
6543,512,222,5000,106703,512,1
6544,512,222,4908,106518,512,1
6545,512,222,5148,107130,512,1
6546,512,223,4907,106611,512,1
6547,512,222,4889,107204,512,1
6548,512,222,5000,106482,512,1
6549,512,222,4963,107075,512,1
6550,512,222,4852,106389,512,1
6551,512,223,4963,106741,512,1
6552,512,222,4852,106630,512,1
6553,512,222,4963,106537,512,1
6554,512,222,4945,106611,512,1
6555,512,223,4889,106611,512,1
6556,512,222,4889,106963,512,1
6557,512,222,5019,106685,512,1
6558,512,223,4889,106704,512,1
6559,512,204,4926,107111,512,1
6560,512,222,4926,106630,512,1
6561,512,204,5148,106556,512,1
6562,512,222,4926,106482,512,1
6563,512,222,4908,106704,512,1
6564,512,222,4908,107981,512,1
6565,512,222,5481,107870,512,1
6566,512,222,5037,107908,512,1
6567,512,222,5000,107426,512,1
6568,512,222,5055,107056,512,1
6569,512,222,4982,107204,512,1
6570,512,204,4981,107370,512,1
6571,512,222,5074,107259,512,1
6572,512,222,5166,107407,512,1
6573,512,203,5056,107203,512,1
6574,512,222,5055,107630,512,1
6575,512,222,5092,107648,512,1
6576,512,222,5074,108445,512,1
6577,512,222,5148,107796,512,1
6578,512,204,5018,107389,512,1
6579,512,223,4981,107722,512,1
6580,512,223,5037,107463,512,1
6581,512,222,5000,107203,512,1
6582,512,204,4963,107241,512,1
6583,512,222,4963,107889,512,1
6584,512,223,5037,107667,512,1
6585,512,223,5000,108092,512,1
6586,512,222,5055,107648,512,1
6587,512,222,5074,107555,512,1
6588,512,223,5166,107389,512,1
6589,512,222,4945,107241,512,1
6590,512,222,5111,107648,512,1
6591,512,222,4982,107444,512,1
6592,512,203,5056,107500,512,1
6593,512,222,5204,108056,512,1
6594,512,223,5055,107389,512,1
6595,512,222,5000,107907,512,1
6596,512,222,5000,107259,512,1
6597,512,222,4982,107148,512,1
6598,512,222,5019,107703,512,1
6599,512,222,4963,107500,512,1
6600,512,222,5093,107778,512,1
6601,512,222,4963,107500,512,1
6602,512,222,5093,107241,512,1
6603,512,222,4944,107111,512,1
6604,512,222,5222,107834,512,1
6605,512,222,4981,107703,512,1
6606,512,203,5056,107185,512,1
6607,512,222,4982,107482,512,1
6608,512,204,4981,107204,512,1
6609,512,223,5259,107722,512,1
6610,512,222,5000,108519,512,1
6611,512,222,5111,107555,512,1
6612,512,222,5000,107352,512,1
6613,512,222,4981,107148,512,1
6614,512,204,5000,108203,512,1
6615,512,223,5074,107611,512,1
6616,512,222,5056,107371,512,1
6617,512,222,4963,107370,512,1
6618,512,222,4981,107074,512,1
6619,512,222,4963,107407,512,1
6620,512,222,5018,107407,512,1
6621,512,222,5074,107389,512,1
6622,512,222,4963,107167,512,1
6623,512,222,4963,107111,512,1
6624,512,222,5074,107815,512,1
6625,512,222,5185,107445,512,1
6626,512,222,5000,107185,512,1
6627,512,223,5018,108296,512,1
6628,512,222,5074,107888,512,1
6629,512,222,4963,107537,512,1
6630,512,222,4982,107388,512,1
6631,512,222,5000,107426,512,1
6632,512,223,4981,107500,512,1
6633,512,222,4982,107741,512,1
6634,512,222,4963,107519,512,1
6635,512,222,5056,107833,512,1
6636,512,223,5166,107556,512,1
6637,512,222,4963,113555,512,1
6638,512,222,5444,109908,512,1
6639,512,223,5166,107685,512,1
6640,512,222,5000,107259,512,1
6641,512,222,5518,115148,512,1
6642,512,204,5148,107259,512,1
6643,512,222,5167,107815,512,1
6644,512,223,5037,108741,512,1
6645,512,222,5019,107556,512,1
6646,512,222,5037,107148,512,1
6647,512,222,5129,107500,512,1
6648,512,222,5056,106908,512,1
6649,512,222,4963,107388,512,1
6650,512,222,4963,106907,512,1
6651,512,222,5074,107111,512,1
6652,512,222,5055,107370,512,1
6653,512,223,5055,107852,512,1
6654,512,223,5055,107388,512,1
6655,512,222,5000,106889,512,1
6656,512,222,5037,107352,512,1
6657,512,204,5222,107426,512,1
6658,512,222,5092,106926,512,1
6659,512,204,4963,107037,512,1
6660,512,222,5074,107204,512,1
6661,512,222,4926,108166,512,1
6662,512,222,5018,107537,512,1
6663,512,204,4982,107297,512,1
6664,512,222,5000,106945,512,1
6665,512,222,4926,106981,512,1
6666,512,223,4963,107518,512,1
6667,512,222,5000,107259,512,1
6668,512,222,5222,107593,512,1
6669,512,222,4981,106945,512,1
6670,512,222,4945,107352,512,1
6671,512,222,4982,107241,512,1
6672,512,222,4982,107500,512,1
6673,512,222,5111,107111,512,1
6674,512,222,4982,107351,512,1
6675,512,222,5018,107222,512,1
6676,512,222,4982,107074,512,1
6677,512,223,5000,107333,512,1
6678,512,222,5000,108351,512,1
6679,512,222,5093,107759,512,1
6680,512,222,4982,106889,512,1
6681,512,223,4963,107167,512,1
6682,512,222,5038,107741,512,1
6683,512,222,5037,107592,512,1
6684,512,222,5037,107259,512,1
6685,512,222,4944,106963,512,1
6686,512,223,4981,107481,512,1
6687,512,222,5037,107389,512,1
6688,512,222,4982,106833,512,1
6689,512,223,5166,107241,512,1
6690,512,204,4982,107149,512,1
6691,512,223,4981,107148,512,1
6692,512,222,4963,107260,512,1
6693,512,222,5056,107074,512,1
6694,512,204,5074,107389,512,1
6695,512,222,5037,108037,512,1
6696,512,222,4963,107555,512,1
6697,512,223,4981,107148,512,1
6698,512,223,5037,107074,512,1
6699,512,222,5055,107408,512,1
6700,512,222,5278,107722,512,1
6701,512,204,4962,107629,512,1
6702,512,222,4944,107185,512,1
6703,512,222,5056,107166,512,1
6704,512,222,4963,107371,512,1
6705,512,222,5093,107389,512,1
6706,512,223,4981,107130,512,1
6707,512,223,4925,107482,512,1
6708,512,222,4926,107093,512,1
6709,512,223,4963,107370,512,1
6710,512,222,5019,106777,512,1
6711,512,222,4982,113277,512,1
6712,512,222,5130,108722,512,1
6713,512,204,4963,106982,512,1
6714,512,222,5019,106982,512,1
6715,512,222,4981,107019,512,1
6716,512,222,4982,107408,512,1
6717,512,222,4926,106759,512,1
6718,512,222,4944,106889,512,1
6719,512,222,5018,107260,512,1
6720,512,222,5019,107185,512,1
6721,512,222,5167,107315,512,1
6722,512,204,5074,106833,512,1
6723,512,222,4908,107112,512,1
6724,512,222,4963,110926,512,1
6725,512,240,6056,115741,512,1
6726,512,223,5259,107907,512,1
6727,512,222,5019,107259,512,1
6728,512,222,4982,107277,512,1
6729,512,222,5000,108000,512,1
6730,512,222,5093,107611,512,1
6731,512,223,5185,107667,512,1
6732,512,223,5240,107593,512,1
6733,512,204,5074,107796,512,1
6734,512,223,5055,107389,512,1
6735,512,222,5056,107371,512,1
6736,512,222,5111,107463,512,1
6737,512,222,5185,107445,512,1
6738,512,222,5037,107519,512,1
6739,512,222,4963,107111,512,1
6740,512,222,5093,107944,512,1
6741,512,223,5037,107611,512,1
6742,512,222,4945,107204,512,1
6743,512,203,5093,107352,512,1
6744,512,223,4981,107296,512,1
6745,512,222,4963,107445,512,1
6746,512,222,4982,108629,512,1
6747,512,222,5167,107870,512,1
6748,512,223,5129,107944,512,1
6749,512,222,5223,107352,512,1
6750,512,204,5203,107796,512,1
6751,512,223,5018,106908,512,1
6752,512,222,5204,107481,512,1
6753,512,223,5185,107426,512,1
6754,512,204,5074,107000,512,1
6755,512,204,5037,107148,512,1
6756,512,222,4926,107426,512,1
6757,512,222,5075,107037,512,1
6758,512,222,5186,107907,512,1
6759,512,222,5037,107574,512,1
6760,512,222,5092,107574,512,1
6761,512,222,4981,107203,512,1
6762,512,203,4963,107055,512,1
6763,512,204,5093,107908,512,1
6764,512,222,5241,107926,512,1
6765,512,204,5074,107556,512,1
6766,512,222,4963,107260,512,1
6767,512,204,5000,107333,512,1
6768,512,204,4963,107038,512,1
6769,512,222,5112,107648,512,1
6770,512,222,5260,107889,512,1
6771,512,222,5037,107445,512,1
6772,512,222,5055,107352,512,1
6773,512,203,5815,115778,512,1
6774,512,204,5166,107722,512,1
6775,512,222,5019,107630,512,1
6776,512,222,5093,107445,512,1
6777,512,222,5148,107129,512,1
6778,512,223,4963,107000,512,1
6779,512,222,4963,107796,512,1
6780,512,223,5166,107963,512,1
6781,512,222,5111,107203,512,1
6782,512,222,4963,106944,512,1
6783,512,222,4963,107222,512,1
6784,512,204,5074,107426,512,1
6785,512,222,5222,108981,512,1
6786,512,222,5148,107074,512,1
6787,512,222,4982,107167,512,1
6788,512,222,4963,107407,512,1
6789,512,203,5038,107611,512,1
6790,512,222,5055,107556,512,1
6791,512,222,4944,107259,512,1
6792,512,222,5111,107111,512,1
6793,512,204,5037,106870,512,1
6794,512,222,4981,107445,512,1
6795,512,222,5019,107260,512,1
6796,512,222,5204,107445,512,1
6797,512,222,5056,107963,512,1
6798,512,222,5000,107649,512,1
6799,512,222,5056,107370,512,1
6800,512,223,4963,106852,512,1
6801,512,222,5148,107204,512,1
6802,512,222,4982,107240,512,1
6803,512,222,4963,106907,512,1
6804,512,222,5037,107093,512,1
6805,512,203,4963,107240,512,1
6806,512,203,4963,107315,512,1
6807,512,222,4981,107185,512,1
6808,512,203,4963,107426,512,1
6809,512,222,5111,107056,512,1
6810,512,222,4963,107296,512,1
6811,512,223,5074,107018,512,1
6812,512,222,5000,106907,512,1
6813,512,222,4945,107296,512,1
6814,512,223,4963,108685,512,1
6815,512,223,4962,107444,512,1
6816,512,204,5111,107204,512,1
6817,512,222,5204,107425,512,1
6818,512,204,5037,107278,512,1
6819,512,222,5000,107370,512,1
6820,512,204,4981,107444,512,1
6821,512,222,5111,107148,512,1
6822,512,222,5000,107463,512,1
6823,512,223,5018,107648,512,1
6824,512,222,5056,107666,512,1
6825,512,222,5000,107333,512,1
6826,512,223,5166,107352,512,1
6827,512,222,5056,107333,512,1
6828,512,203,5223,107870,512,1
6829,512,222,4981,107445,512,1
6830,512,222,5148,107148,512,1
6831,512,223,5074,107593,512,1
6832,512,222,5056,107500,512,1
6833,512,203,5241,107592,512,1
6834,512,222,5019,107407,512,1
6835,512,222,4981,107000,512,1
6836,512,223,5037,107130,512,1
6837,512,222,4981,107556,512,1
6838,512,222,5056,107759,512,1
6839,512,203,4982,107648,512,1
6840,512,222,4945,107296,512,1
6841,512,222,4944,107074,512,1
6842,512,222,5000,107259,512,1
6843,512,222,5000,107203,512,1
6844,512,222,4926,107037,512,1
6845,512,204,4981,107055,512,1
6846,512,222,4945,107611,512,1
6847,512,222,4981,107111,512,1
6848,512,222,5185,108074,512,1
6849,512,222,5222,107778,512,1
6850,512,204,5037,107222,512,1
6851,512,223,4963,107407,512,1
6852,512,240,5019,107204,512,1
6853,512,203,4926,107166,512,1
6854,512,222,4963,107148,512,1
6855,512,223,4963,107611,512,1
6856,512,204,4981,107833,512,1
6857,512,223,4963,107185,512,1
6858,512,222,4945,107314,512,1
6859,512,222,5056,107240,512,1
6860,512,222,6463,108889,512,1
6861,512,222,5056,107278,512,1
6862,512,222,5056,107223,512,1
6863,512,222,4963,106944,512,1
6864,512,222,4981,107315,512,1
6865,512,203,5130,108074,512,1
6866,512,222,5056,107666,512,1
6867,512,223,5000,107037,512,1
6868,512,222,4963,107074,512,1
6869,512,203,5019,107259,512,1
6870,512,222,4926,106963,512,1
6871,512,222,5019,107222,512,1
6872,512,222,5037,270445,512,1
6873,512,240,14037,125555,512,1
6874,512,222,5704,115722,512,1
6875,512,222,5074,107667,512,1
6876,512,222,5000,107371,512,1
6877,512,223,5055,107167,512,1
6878,512,223,4981,107315,512,1
6879,512,223,5055,107481,512,1
6880,512,222,5056,107055,512,1
6881,512,222,5297,107296,512,1
6882,512,222,5130,108852,512,1
6883,512,223,5111,108407,512,1
6884,512,222,5148,107759,512,1
6885,512,222,4963,107185,512,1
6886,512,222,5111,107333,512,1
6887,512,222,4963,107037,512,1
6888,512,222,5111,107444,512,1
6889,512,222,5000,107389,512,1
6890,512,222,5019,107167,512,1
6891,512,222,5037,107408,512,1
6892,512,222,5259,107593,512,1
6893,512,222,5130,107833,512,1
6894,512,203,5019,107555,512,1
6895,512,223,5129,107203,512,1
6896,512,222,4963,107111,512,1
6897,512,222,5259,107260,512,1
6898,512,223,5000,107481,512,1
6899,512,222,5075,107981,512,1
6900,512,222,5074,107481,512,1
6901,512,222,5000,107074,512,1
6902,512,222,4982,107111,512,1
6903,512,222,5018,107593,512,1
6904,512,222,5000,107129,512,1
6905,512,222,5815,115075,512,1
6906,512,222,5130,107593,512,1
6907,512,222,5130,107333,512,1
6908,512,222,5074,107371,512,1
6909,512,223,5092,107889,512,1
6910,512,222,4981,107519,512,1
6911,512,204,5019,107740,512,1
6912,512,204,5092,107722,512,1
6913,512,204,5222,107463,512,1
6914,512,222,5037,107056,512,1
6915,512,204,4926,107389,512,1
6916,512,223,4944,108074,512,1
6917,512,222,4982,107259,512,1
6918,512,222,4982,107148,512,1
6919,512,222,5018,107426,512,1
6920,512,222,4945,107371,512,1
6921,512,222,4944,107296,512,1
6922,512,222,4963,107630,512,1
6923,512,204,5111,107130,512,1
6924,512,223,5129,107537,512,1
6925,512,222,4981,107241,512,1
6926,512,204,5000,106944,512,1
6927,512,222,4963,107092,512,1
6928,512,223,4926,107834,512,1
6929,512,222,5129,107667,512,1
6930,512,222,4963,107111,512,1
6931,512,222,4926,107297,512,1
6932,512,222,5019,107833,512,1
6933,512,222,4926,107611,512,1
6934,512,222,4982,107592,512,1
6935,512,222,5037,107351,512,1
6936,512,222,4963,107000,512,1
6937,512,223,4944,107093,512,1
6938,512,223,5018,107445,512,1
6939,512,222,4981,107407,512,1
6940,512,222,5019,107222,512,1
6941,512,222,4981,107334,512,1
6942,512,223,4944,106982,512,1
6943,512,222,5018,106945,512,1
6944,512,223,5000,107130,512,1
6945,512,223,5185,107407,512,1
6946,512,203,5037,107240,512,1
6947,512,222,5000,107333,512,1
6948,512,222,4926,106852,512,1
6949,512,222,5019,107241,512,1
6950,512,222,4982,108000,512,1
6951,512,222,4963,107666,512,1
6952,512,222,5074,107203,512,1
6953,512,222,4945,107018,512,1
6954,512,222,4963,107297,512,1
6955,512,203,4945,107611,512,1
6956,512,223,5185,107593,512,1
6957,512,223,5037,107407,512,1
6958,512,222,5037,107055,512,1
6959,512,222,5000,107445,512,1
6960,512,222,4926,107278,512,1
6961,512,222,5148,107574,512,1
6962,512,222,5074,107129,512,1
6963,512,222,4963,107296,512,1
6964,512,222,5018,107463,512,1
6965,512,204,4962,107333,512,1
6966,512,222,4963,107223,512,1
6967,512,223,4963,108426,512,1
6968,512,203,4926,107648,512,1
6969,512,203,5093,107222,512,1
6970,512,222,4944,107296,512,1
6971,512,222,5055,107019,512,1
6972,512,222,4944,107259,512,1
6973,512,222,5000,107129,512,1
6974,512,222,4945,106814,512,1
6975,512,222,5019,107074,512,1
6976,512,223,4944,107185,512,1
6977,512,204,5166,107204,512,1
6978,512,223,5000,106833,512,1
6979,512,222,4945,106907,512,1
6980,512,222,4926,107426,512,1
6981,512,223,5000,107093,512,1
6982,512,223,4963,106889,512,1
6983,512,222,4926,107203,512,1
6984,512,222,5037,124277,512,1
6985,512,241,9444,121389,512,1
6986,512,223,5851,115352,512,1
6987,512,222,5148,107648,512,1
6988,512,222,5297,107796,512,1
6989,512,204,5148,107704,512,1
6990,512,222,4981,107537,512,1
6991,512,223,5222,107296,512,1
6992,512,222,5074,107519,512,1
6993,512,223,5333,107259,512,1
6994,512,222,5000,107371,512,1
6995,512,222,5093,107537,512,1
6996,512,223,4963,107167,512,1
6997,512,222,5075,107148,512,1
6998,512,222,5019,107296,512,1
6999,512,203,5112,107815,512,1
7000,512,222,5000,107297,512,1
7001,512,223,5018,109038,512,1
7002,512,222,5130,107611,512,1
7003,512,222,5130,107203,512,1
7004,512,222,5037,115944,512,1
7005,512,223,5537,114759,512,1
7006,512,222,5148,107444,512,1
7007,512,222,5037,107704,512,1
7008,512,222,5074,107389,512,1
7009,512,204,5222,108130,512,1
7010,512,223,5092,107444,512,1
7011,512,222,5000,107296,512,1
7012,512,222,5055,107444,512,1
7013,512,223,5000,107667,512,1
7014,512,204,5074,107426,512,1
7015,512,223,5074,107167,512,1
7016,512,223,4981,107037,512,1
7017,512,222,5056,107315,512,1
7018,512,222,5093,108871,512,1
7019,512,222,5037,107574,512,1
7020,512,222,5241,107463,512,1
7021,512,222,5000,107629,512,1
7022,512,222,5000,107351,512,1
7023,512,222,4982,107518,512,1
7024,512,222,5019,107537,512,1
7025,512,223,5166,107241,512,1
7026,512,222,4982,107018,512,1
7027,512,222,5019,107055,512,1
7028,512,222,5037,107407,512,1
7029,512,222,5056,107222,512,1
7030,512,222,4963,107685,512,1
7031,512,204,4963,107222,512,1
7032,512,222,4981,107334,512,1
7033,512,223,4981,106871,512,1
7034,512,223,5074,107315,512,1
7035,512,222,4963,107648,512,1
7036,512,204,5037,108019,512,1
7037,512,222,5759,115426,512,1
7038,512,222,5018,107945,512,1
7039,512,222,4945,107296,512,1
7040,512,223,5037,107167,512,1
7041,512,204,5167,107130,512,1
7042,512,222,5111,106963,512,1
7043,512,222,4982,107278,512,1
7044,512,222,5000,106925,512,1
7045,512,222,4926,106852,512,1
7046,512,222,4945,107259,512,1
7047,512,222,4908,107463,512,1
7048,512,222,5037,106889,512,1
7049,512,223,4981,107074,512,1
7050,512,222,5000,107000,512,1
7051,512,204,4945,106852,512,1
7052,512,222,5185,107500,512,1
7053,512,204,4962,107204,512,1
7054,512,223,5000,107130,512,1
7055,512,222,4926,106870,512,1
7056,512,222,5074,106963,512,1
7057,512,222,5056,114074,512,1
7058,512,259,9778,120833,512,1
7059,512,222,5759,108407,512,1
7060,512,222,5167,107555,512,1
7061,512,222,5056,107203,512,1
7062,512,223,5037,107278,512,1
7063,512,222,5000,107759,512,1
7064,512,222,4963,107500,512,1
7065,512,222,5037,107315,512,1
7066,512,222,4963,107962,512,1
7067,512,222,5148,107611,512,1
7068,512,222,5000,107333,512,1
7069,512,222,5075,109297,512,1
7070,512,223,5148,107704,512,1
7071,512,223,5092,107167,512,1
7072,512,222,5056,107760,512,1
7073,512,223,5351,108019,512,1
7074,512,222,5092,107500,512,1
7075,512,222,5037,107315,512,1
7076,512,223,4981,107462,512,1
7077,512,222,5111,107778,512,1
7078,512,222,4982,107907,512,1
7079,512,222,5185,107611,512,1
7080,512,222,5056,107445,512,1
7081,512,222,5093,107555,512,1
7082,512,204,5037,107537,512,1
7083,512,222,5074,107666,512,1
7084,512,222,5129,107315,512,1
7085,512,222,5075,107352,512,1
7086,512,222,5037,108241,512,1
7087,512,222,5111,107797,512,1
7088,512,222,5074,107833,512,1
7089,512,222,5240,107926,512,1
7090,512,222,5074,107593,512,1
7091,512,222,5018,107389,512,1
7092,512,222,5093,107500,512,1
7093,512,204,4981,107704,512,1
7094,512,222,5000,108000,512,1
7095,512,222,5074,108223,512,1
7096,512,222,4982,107389,512,1
7097,512,222,5000,107371,512,1
7098,512,222,4963,107407,512,1
7099,512,222,4982,107296,512,1
7100,512,223,5000,107444,512,1
7101,512,222,5055,107352,512,1
7102,512,222,4945,107092,512,1
7103,512,222,5000,107908,512,1
7104,512,222,5000,107148,512,1
7105,512,222,5241,107833,512,1
7106,512,222,4981,107056,512,1
7107,512,222,5037,107759,512,1
7108,512,222,4982,107445,512,1
7109,512,222,4982,107278,512,1
7110,512,223,5018,107444,512,1
7111,512,204,4963,107315,512,1
7112,512,222,5000,107463,512,1
7113,512,222,4963,107575,512,1
7114,512,204,4981,107222,512,1
7115,512,204,5000,107833,512,1
7116,512,223,5166,107296,512,1
7117,512,222,5056,107518,512,1
7118,512,223,4963,107055,512,1
7119,512,222,5000,107611,512,1
7120,512,222,4963,108556,512,1
7121,512,222,5222,107649,512,1
7122,512,222,4963,107371,512,1
7123,512,223,5000,107778,512,1
7124,512,222,4963,107333,512,1
7125,512,222,5000,107240,512,1
7126,512,222,4963,107408,512,1
7127,512,223,5018,107908,512,1
7128,512,203,4963,107500,512,1
7129,512,204,4963,107834,512,1
7130,512,222,4926,107278,512,1
7131,512,223,5000,107407,512,1
7132,512,222,4963,107592,512,1
7133,512,203,5074,107055,512,1
7134,512,223,4963,107592,512,1
7135,512,222,4982,106907,512,1
7136,512,223,4963,107555,512,1
7137,512,203,5241,108629,512,1
7138,512,222,5000,107241,512,1
7139,512,222,5000,106926,512,1
7140,512,222,5000,107408,512,1
7141,512,222,4982,107574,512,1
7142,512,223,4963,107055,512,1
7143,512,203,5000,107278,512,1
7144,512,222,4981,107426,512,1
7145,512,223,5018,107722,512,1
7146,512,223,5000,107407,512,1
7147,512,222,4981,107185,512,1
7148,512,203,5297,107833,512,1
7149,512,222,5000,107259,512,1
7150,512,222,4982,107166,512,1
7151,512,222,5018,107463,512,1
7152,512,222,4982,107389,512,1
7153,512,222,5167,107685,512,1
7154,512,222,4982,108611,512,1
7155,512,223,5055,107685,512,1
7156,512,223,4963,107704,512,1
7157,512,222,4982,107370,512,1
7158,512,223,4944,107685,512,1
7159,512,222,5093,107648,512,1
7160,512,223,4981,107648,512,1
7161,512,222,5075,107444,512,1
7162,512,223,5037,107185,512,1
7163,512,222,5074,107852,512,1
7164,512,222,5037,107574,512,1
7165,512,222,4945,107333,512,1
7166,512,223,5000,107333,512,1
7167,512,222,4981,107333,512,1
7168,512,222,5037,107704,512,1
7169,512,222,5778,115297,512,1
7170,512,222,5241,107814,512,1
7171,512,222,5000,107981,512,1
7172,512,223,5092,107333,512,1
7173,512,222,4963,108111,512,1
7174,512,223,4963,107759,512,1
7175,512,223,5000,107593,512,1
7176,512,222,4982,107537,512,1
7177,512,222,4963,107277,512,1
7178,512,222,5037,107797,512,1
7179,512,222,4981,107537,512,1
7180,512,204,5222,107371,512,1
7181,512,222,5074,107408,512,1
7182,512,222,5037,107630,512,1
7183,512,223,5000,107407,512,1
7184,512,222,5055,107444,512,1
7185,512,222,5148,107185,512,1
7186,512,222,4982,107074,512,1
7187,512,222,5000,107500,512,1
7188,512,223,4981,109186,512,1
7189,512,222,5296,108204,512,1
7190,512,222,4982,107370,512,1
7191,512,223,4944,107111,512,1
7192,512,222,5056,107760,512,1
7193,512,222,5037,107574,512,1
7194,512,222,5111,107685,512,1
7195,512,222,5000,107315,512,1
7196,512,222,5093,107463,512,1
7197,512,223,5037,107574,512,1
7198,512,223,5055,107463,512,1
7199,512,222,4963,107555,512,1
7200,512,223,5074,107315,512,1
7201,512,222,5222,107796,512,1
7202,512,222,5222,107703,512,1
7203,512,222,5055,107426,512,1
7204,512,222,5000,107518,512,1
7205,512,222,5055,108148,512,1
7206,512,223,4981,107796,512,1
7207,512,222,4981,107333,512,1
7208,512,222,4981,107482,512,1
7209,512,222,4982,107778,512,1
7210,512,223,5018,107019,512,1
7211,512,222,4981,107482,512,1
7212,512,222,5204,107481,512,1
7213,512,203,5038,107463,512,1
7214,512,222,5000,107185,512,1
7215,512,204,5037,107426,512,1
7216,512,222,5149,107592,512,1
7217,512,222,5222,107685,512,1
7218,512,223,5092,107667,512,1
7219,512,222,5056,107519,512,1
7220,512,222,4982,107352,512,1
7221,512,222,5148,107945,512,1
7222,512,222,5037,108851,512,1
7223,512,222,5130,108444,512,1
7224,512,223,5018,107612,512,1
7225,512,222,5056,108630,512,1
7226,512,222,5167,107574,512,1
7227,512,222,5000,107500,512,1
7228,512,222,5111,107667,512,1
7229,512,222,4963,107630,512,1
7230,512,222,4982,107592,512,1
7231,512,223,4981,107593,512,1
7232,512,222,5093,107149,512,1
7233,512,222,5204,107574,512,1
7234,512,222,5111,107630,512,1
7235,512,222,5000,107593,512,1
7236,512,222,5000,107278,512,1
7237,512,223,5074,107333,512,1
7238,512,222,5000,107574,512,1
7239,512,222,4963,108297,512,1
7240,512,222,5093,108056,512,1
7241,512,222,4981,107130,512,1
7242,512,222,5074,107555,512,1
7243,512,222,5092,107370,512,1
7244,512,222,5222,107871,512,1
7245,512,222,5019,107760,512,1
7246,512,222,5056,107130,512,1
7247,512,222,5000,107241,512,1
7248,512,222,5000,107389,512,1
7249,512,222,5148,107723,512,1
7250,512,222,4982,107796,512,1
7251,512,222,5019,107500,512,1
7252,512,222,4981,107222,512,1
7253,512,222,4982,107296,512,1
7254,512,222,4963,107537,512,1
7255,512,222,4982,107407,512,1
7256,512,222,5111,108019,512,1
7257,512,222,5000,107389,512,1
7258,512,222,5056,107315,512,1
7259,512,222,5000,107315,512,1
7260,512,222,5074,107667,512,1
7261,512,222,5056,107481,512,1
7262,512,222,4963,107815,512,1
7263,512,222,5037,107852,512,1
7264,512,222,5074,107648,512,1
7265,512,222,5222,107778,512,1
7266,512,222,5018,107482,512,1
7267,512,222,5019,107351,512,1
7268,512,222,4981,107148,512,1
7269,512,222,5018,107741,512,1
7270,512,222,4982,107185,512,1
7271,512,204,5111,107482,512,1
7272,512,222,4981,107482,512,1
7273,512,222,4982,108519,512,1
7274,512,222,5019,107555,512,1
7275,512,222,4981,107500,512,1
7276,512,223,5240,107537,512,1
7277,512,222,5000,107444,512,1
7278,512,223,4981,107778,512,1
7279,512,222,5000,107778,512,1
7280,512,222,5018,107185,512,1
7281,512,223,5203,107593,512,1
7282,512,222,5000,107352,512,1
7283,512,223,5000,107352,512,1
7284,512,222,5037,107593,512,1
7285,512,222,4982,107315,512,1
7286,512,222,4981,107630,512,1
7287,512,222,5056,107371,512,1
7288,512,222,5056,107463,512,1
7289,512,222,5000,107667,512,1
7290,512,222,5056,107944,512,1
7291,512,223,5037,107500,512,1
7292,512,222,4982,107334,512,1
7293,512,204,5000,107463,512,1
7294,512,222,4982,107148,512,1
7295,512,222,5093,107574,512,1
7296,512,222,5074,107667,512,1
7297,512,223,5222,107629,512,1
7298,512,222,5018,107704,512,1
7299,512,203,5074,107815,512,1
7300,512,223,5111,107518,512,1
7301,512,223,5425,114907,512,1
7302,512,222,5056,107870,512,1
7303,512,222,4982,107685,512,1
7304,512,222,4944,107370,512,1
7305,512,223,5129,107352,512,1
7306,512,222,4945,107444,512,1
7307,512,222,5056,108500,512,1
7308,512,222,5185,108444,512,1
7309,512,203,5019,107815,512,1
7310,512,223,5055,107463,512,1
7311,512,222,5074,107593,512,1
7312,512,222,5056,107481,512,1
7313,512,222,5167,107722,512,1
7314,512,222,5037,107778,512,1
7315,512,222,4982,107370,512,1
7316,512,223,4981,107704,512,1
7317,512,204,4944,107500,512,1
7318,512,222,5056,108000,512,1
7319,512,222,5056,107593,512,1
7320,512,222,5037,107648,512,1
7321,512,204,4981,107371,512,1
7322,512,222,5019,107297,512,1
7323,512,222,5074,107519,512,1
7324,512,222,5000,108185,512,1
7325,512,222,4944,107445,512,1
7326,512,204,4981,107259,512,1
7327,512,204,5000,107408,512,1
7328,512,222,5111,108055,512,1
7329,512,223,5203,107815,512,1
7330,512,223,5000,107575,512,1
7331,512,222,5075,107407,512,1
7332,512,223,4963,107463,512,1
7333,512,222,4982,107555,512,1
7334,512,222,5000,107555,512,1
7335,512,222,5056,107315,512,1
7336,512,223,4963,107518,512,1
7337,512,222,5037,107037,512,1
7338,512,204,4907,106685,512,1
7339,512,222,4889,106241,512,1
7340,512,222,5130,106888,512,1
7341,512,222,4889,107333,512,1
7342,512,222,4907,106871,512,1
7343,512,222,4889,106389,512,1
7344,512,222,4945,106296,512,1
7345,512,222,5055,106630,512,1
7346,512,223,4981,106630,512,1
7347,512,222,4870,106926,512,1
7348,512,222,4926,106667,512,1
7349,512,223,4907,106611,512,1
7350,512,222,4889,106389,512,1
7351,512,203,4871,106796,512,1
7352,512,222,4907,106500,512,1
7353,512,222,4852,106704,512,1
7354,512,203,4889,106778,512,1
7355,512,222,4870,106463,512,1
7356,512,203,4871,106185,512,1
7357,512,222,4852,107111,512,1
7358,512,223,4907,106963,512,1
7359,512,222,4870,106685,512,1
7360,512,222,5111,106666,512,1
7361,512,222,5148,106723,512,1
7362,512,222,4963,106519,512,1
7363,512,222,4870,106797,512,1
7364,512,222,4871,106426,512,1
7365,512,223,4870,106370,512,1
7366,512,222,4889,106944,512,1
7367,512,204,4889,106815,512,1
7368,512,222,4963,106463,512,1
7369,512,222,4871,106500,512,1
7370,512,223,5000,106889,512,1
7371,512,222,4871,106389,512,1
7372,512,222,5037,106463,512,1
7373,512,222,4907,108371,512,1
7374,512,222,5518,108333,512,1
7375,512,222,5037,108259,512,1
7376,512,222,5130,108055,512,1
7377,512,222,5222,107556,512,1
7378,512,222,4982,107500,512,1
7379,512,222,5019,107518,512,1
7380,512,223,4963,107000,512,1
7381,512,222,4944,107278,512,1
7382,512,222,4944,107111,512,1
7383,512,203,5056,107814,512,1
7384,512,203,5037,107074,512,1
7385,512,223,4944,107259,512,1
7386,512,222,4963,107685,512,1
7387,512,204,5074,107500,512,1
7388,512,222,4982,107278,512,1
7389,512,222,4963,107686,512,1
7390,512,222,5037,107111,512,1
7391,512,222,5019,107277,512,1
7392,512,222,5055,107981,512,1
7393,512,223,5240,108000,512,1
7394,512,204,5018,107185,512,1
7395,512,222,5037,107907,512,1
7396,512,223,5037,107426,512,1
7397,512,223,4926,107722,512,1
7398,512,223,4963,107482,512,1
7399,512,222,5037,107278,512,1
7400,512,222,4981,107574,512,1
7401,512,222,5148,107222,512,1
7402,512,222,5019,107352,512,1
7403,512,222,5074,107278,512,1
7404,512,223,5129,107518,512,1
7405,512,222,5037,107871,512,1
7406,512,203,4982,107407,512,1
7407,512,223,5055,107556,512,1
7408,512,222,4982,107129,512,1
7409,512,222,5092,108593,512,1
7410,512,222,5019,107592,512,1
7411,512,222,5056,107426,512,1
7412,512,222,5018,107574,512,1
7413,512,222,5000,107334,512,1
7414,512,203,4963,107888,512,1
7415,512,222,4981,107871,512,1
7416,512,222,4963,107370,512,1
7417,512,223,4963,107666,512,1
7418,512,223,4926,107315,512,1
7419,512,223,4963,107426,512,1
7420,512,204,5167,107759,512,1
7421,512,222,5055,107574,512,1
7422,512,203,5019,107629,512,1
7423,512,223,5037,107463,512,1
7424,512,222,5037,107315,512,1
7425,512,222,5222,107519,512,1
7426,512,222,5000,108333,512,1
7427,512,222,4982,107685,512,1
7428,512,222,5037,107093,512,1
7429,512,223,5000,107278,512,1
7430,512,222,4945,107388,512,1
7431,512,222,4926,107426,512,1
7432,512,223,4944,107111,512,1
7433,512,222,5296,114722,512,1
7434,512,222,5167,107778,512,1
7435,512,203,4926,107352,512,1
7436,512,222,5111,107852,512,1
7437,512,223,5037,107500,512,1
7438,512,222,5112,107722,512,1
7439,512,222,4963,107315,512,1
7440,512,222,5130,107741,512,1
7441,512,222,5130,107630,512,1
7442,512,222,4963,107315,512,1
7443,512,223,4944,107592,512,1
7444,512,203,5074,108148,512,1
7445,512,222,4963,107574,512,1
7446,512,222,5056,107870,512,1
7447,512,222,4963,107889,512,1
7448,512,222,5019,107593,512,1
7449,512,222,5037,107518,512,1
7450,512,222,4982,107723,512,1
7451,512,223,4963,107630,512,1
7452,512,222,4982,107223,512,1
7453,512,222,4944,107908,512,1
7454,512,222,4945,107370,512,1
7455,512,222,4982,107277,512,1
7456,512,222,5037,107519,512,1
7457,512,223,5185,107833,512,1
7458,512,222,4963,107148,512,1
7459,512,222,4944,107333,512,1
7460,512,222,4944,108093,512,1
7461,512,222,4963,107463,512,1
7462,512,204,4963,107074,512,1
7463,512,222,4981,107445,512,1
7464,512,222,5056,107482,512,1
7465,512,222,4963,107426,512,1
7466,512,222,5019,107222,512,1
7467,512,222,5019,107629,512,1
7468,512,222,5092,107370,512,1
7469,512,223,5037,107685,512,1
7470,512,203,4963,107555,512,1
7471,512,222,4963,107129,512,1
7472,512,223,4981,107074,512,1
7473,512,223,5111,107815,512,1
7474,512,222,5056,107445,512,1
7475,512,222,5019,107204,512,1
7476,512,222,5074,107500,512,1
7477,512,204,5037,108370,512,1
7478,512,222,5037,107445,512,1
7479,512,222,5074,108037,512,1
7480,512,222,5018,107444,512,1
7481,512,222,5019,107315,512,1
7482,512,222,5093,107760,512,1
7483,512,222,5074,107741,512,1
7484,512,223,4926,107463,512,1
7485,512,203,5019,107518,512,1
7486,512,223,4944,107204,512,1
7487,512,222,4926,107223,512,1
7488,512,222,5130,107297,512,1
7489,512,222,5185,107666,512,1
7490,512,204,4981,107296,512,1
7491,512,222,5018,107574,512,1
7492,512,223,5055,107555,512,1
7493,512,222,5055,107500,512,1
7494,512,223,5037,107962,512,1
7495,512,222,4944,107371,512,1
7496,512,222,5167,107223,512,1
7497,512,222,4945,107130,512,1
7498,512,222,4945,107333,512,1
7499,512,223,4926,107444,512,1
7500,512,222,5129,107389,512,1
7501,512,222,4944,107408,512,1
7502,512,222,5000,108038,512,1
7503,512,203,4963,107481,512,1
7504,512,204,5056,107333,512,1
7505,512,222,5130,107426,512,1
7506,512,222,5019,107500,512,1
7507,512,222,4926,107611,512,1
7508,512,222,5019,107593,512,1
7509,512,222,5019,107371,512,1
7510,512,222,4926,107500,512,1
7511,512,222,4926,107852,512,1
7512,512,223,5092,107611,512,1
7513,512,222,5074,107797,512,1
7514,512,222,4926,107611,512,1
7515,512,222,5018,107630,512,1
7516,512,222,5055,107333,512,1
7517,512,222,5056,107815,512,1
7518,512,222,4945,107278,512,1
7519,512,222,5037,107315,512,1
7520,512,223,5074,107407,512,1
7521,512,222,5204,108185,512,1
7522,512,222,5056,107037,512,1
7523,512,222,4963,106797,512,1
7524,512,223,5018,106185,512,1
7525,512,223,4926,106815,512,1
7526,512,223,4870,106556,512,1
7527,512,222,4870,106389,512,1
7528,512,223,4907,107556,512,1
7529,512,222,4852,106537,512,1
7530,512,222,4870,106463,512,1
7531,512,222,4852,106667,512,1
7532,512,204,5130,107093,512,1
7533,512,222,4907,106408,512,1
7534,512,222,4945,106370,512,1
7535,512,223,4833,106649,512,1
7536,512,222,4907,106518,512,1
7537,512,222,5111,106740,512,1
7538,512,222,5037,106518,512,1
7539,512,222,4852,106260,512,1
7540,512,223,4833,106352,512,1
7541,512,223,4852,106870,512,1
7542,512,222,4907,107074,512,1
7543,512,222,4908,106334,512,1
7544,512,222,4852,106667,512,1
7545,512,204,4852,107093,512,1
7546,512,222,4852,106537,512,1
7547,512,204,4833,106482,512,1
7548,512,222,4870,106500,512,1
7549,512,222,4926,106444,512,1
7550,512,222,4852,106982,512,1
7551,512,222,4834,106519,512,1
7552,512,222,4833,106333,512,1
7553,512,223,5092,107000,512,1
7554,512,222,4908,106648,512,1
7555,512,222,4870,106574,512,1
7556,512,222,4833,106538,512,1
7557,512,222,4815,106296,512,1
7558,512,204,4870,107315,512,1
7559,512,223,5463,107759,512,1
7560,512,223,5018,107834,512,1
7561,512,222,5037,107648,512,1
7562,512,222,5037,107944,512,1
7563,512,222,5019,107666,512,1
7564,512,204,5204,107630,512,1
7565,512,222,5370,114463,512,1
7566,512,222,5074,107704,512,1
7567,512,222,5056,107426,512,1
7568,512,222,5037,107537,512,1
7569,512,222,5259,107963,512,1
7570,512,223,5037,108167,512,1
7571,512,222,5037,107260,512,1
7572,512,222,4945,107074,512,1
7573,512,222,4944,107352,512,1
7574,512,223,4944,107574,512,1
7575,512,222,5019,106982,512,1
7576,512,222,4926,107241,512,1
7577,512,223,5018,106944,512,1
7578,512,222,4963,107389,512,1
7579,512,223,4944,108389,512,1
7580,512,222,5056,107648,512,1
7581,512,222,5037,107296,512,1
7582,512,222,5055,107500,512,1
7583,512,223,4944,107649,512,1
7584,512,222,5075,107278,512,1
7585,512,222,5185,107463,512,1
7586,512,222,4963,106963,512,1
7587,512,223,4981,107537,512,1
7588,512,204,4944,107352,512,1
7589,512,222,4963,107611,512,1
7590,512,222,4944,107185,512,1
7591,512,204,4963,107445,512,1
7592,512,222,5019,107259,512,1
7593,512,223,4981,107444,512,1
7594,512,222,4926,107148,512,1
7595,512,222,5037,107538,512,1
7596,512,222,5148,108185,512,1
7597,512,222,5055,107704,512,1
7598,512,222,5074,107555,512,1
7599,512,222,4944,107833,512,1
7600,512,222,5018,107537,512,1
7601,512,222,5148,107649,512,1
7602,512,222,5056,107741,512,1
7603,512,223,4944,107315,512,1
7604,512,222,5037,107407,512,1
7605,512,222,4945,107203,512,1
7606,512,222,4926,107334,512,1
7607,512,203,4963,107796,512,1
7608,512,223,5018,108111,512,1
7609,512,222,5056,107278,512,1
7610,512,222,5037,107055,512,1
7611,512,222,4963,107278,512,1
7612,512,204,4926,107000,512,1
7613,512,223,5000,108167,512,1
7614,512,204,5000,107926,512,1
7615,512,222,5019,107444,512,1
7616,512,222,5019,107537,512,1
7617,512,204,5315,107463,512,1
7618,512,222,4944,107334,512,1
7619,512,223,5018,107334,512,1
7620,512,222,4944,107667,512,1
7621,512,222,4926,107370,512,1
7622,512,222,4963,107166,512,1
7623,512,222,4926,107129,512,1
7624,512,222,5000,107277,512,1
7625,512,222,5037,107648,512,1
7626,512,222,5019,107426,512,1
7627,512,222,5019,107555,512,1
7628,512,204,5129,107982,512,1
7629,512,223,5037,107352,512,1
7630,512,222,5000,108370,512,1
7631,512,222,4944,107519,512,1
7632,512,223,4981,107111,512,1
7633,512,222,5185,107500,512,1
7634,512,222,5037,107352,512,1
7635,512,222,4926,107500,512,1
7636,512,222,5019,107500,512,1
7637,512,223,4944,107093,512,1
7638,512,222,4963,107111,512,1
7639,512,222,4981,107444,512,1
7640,512,222,4945,107334,512,1
7641,512,222,4926,107222,512,1
7642,512,222,4945,107204,512,1
7643,512,222,4945,107092,512,1
7644,512,222,4963,106982,512,1
7645,512,222,5037,107314,512,1
7646,512,222,4963,107297,512,1
7647,512,203,4945,108148,512,1
7648,512,204,5111,107445,512,1
7649,512,222,5130,107574,512,1
7650,512,222,5093,107129,512,1
7651,512,222,4981,107148,512,1
7652,512,222,4926,107352,512,1
7653,512,222,4945,107277,512,1
7654,512,204,4944,107352,512,1
7655,512,223,4925,107111,512,1
7656,512,222,5019,107334,512,1
7657,512,222,4944,107982,512,1
7658,512,222,5037,107241,512,1
7659,512,222,4982,107408,512,1
7660,512,222,5167,107426,512,1
7661,512,223,4963,107537,512,1
7662,512,222,4945,106963,512,1
7663,512,222,4963,107333,512,1
7664,512,204,4944,107408,512,1
7665,512,222,5204,107797,512,1
7666,512,222,4963,107500,512,1
7667,512,222,5018,107408,512,1
7668,512,223,5018,107204,512,1
7669,512,222,5037,107667,512,1
7670,512,222,5018,107666,512,1
7671,512,222,4944,107111,512,1
7672,512,222,5000,106945,512,1
7673,512,222,4944,107185,512,1
7674,512,222,4945,107370,512,1
7675,512,223,4963,107315,512,1
7676,512,222,5000,107722,512,1
7677,512,223,4963,107148,512,1
7678,512,223,4944,107555,512,1
7679,512,222,5018,107741,512,1
7680,512,222,4926,107222,512,1
7681,512,222,5112,108574,512,1
7682,512,222,5056,107926,512,1
7683,512,222,4945,107481,512,1
7684,512,222,4926,107593,512,1
7685,512,222,4982,107537,512,1
7686,512,222,4944,107556,512,1
7687,512,204,4981,107870,512,1
7688,512,222,4944,107463,512,1
7689,512,223,5074,107759,512,1
7690,512,223,4944,107370,512,1
7691,512,222,4981,107445,512,1
7692,512,222,5074,107315,512,1
7693,512,223,4963,107037,512,1
7694,512,222,4945,107315,512,1
7695,512,222,4963,107389,512,1
7696,512,223,4963,107667,512,1
7697,512,222,5167,107667,512,1
7698,512,222,5463,115648,512,1
7699,512,204,5019,107740,512,1
7700,512,222,4944,107370,512,1
7701,512,222,4982,107500,512,1
7702,512,223,5037,107611,512,1
7703,512,204,4963,107649,512,1
7704,512,222,4944,107408,512,1
7705,512,222,5000,108630,512,1
7706,512,222,5204,107556,512,1
7707,512,222,5037,107555,512,1
7708,512,204,4963,107666,512,1
7709,512,223,4981,107445,512,1
7710,512,222,4982,107314,512,1
7711,512,222,4944,107408,512,1
7712,512,204,5019,107037,512,1
7713,512,203,5204,107926,512,1
7714,512,222,4963,107167,512,1
7715,512,223,5037,108370,512,1
7716,512,204,4981,107444,512,1
7717,512,222,5018,107407,512,1
7718,512,223,4981,107649,512,1
7719,512,222,5037,107556,512,1
7720,512,222,4908,107222,512,1
7721,512,222,4963,107963,512,1
7722,512,204,5037,107426,512,1
7723,512,222,4908,107592,512,1
7724,512,223,5148,107889,512,1
7725,512,204,4981,107296,512,1
7726,512,222,4981,107352,512,1
7727,512,222,5037,107222,512,1
7728,512,222,4963,107574,512,1
7729,512,222,5185,107389,512,1
7730,512,222,4963,107407,512,1
7731,512,223,4944,107518,512,1
7732,512,222,4926,107889,512,1
7733,512,204,5074,107833,512,1
7734,512,223,4944,108074,512,1
7735,512,223,5092,107833,512,1
7736,512,223,4981,107278,512,1
7737,512,222,4963,107370,512,1
7738,512,222,4945,107296,512,1
7739,512,222,4945,107426,512,1
7740,512,222,5000,107278,512,1
7741,512,223,5092,107889,512,1
7742,512,222,5037,109241,512,1
7743,512,222,6185,108426,512,1
7744,512,223,5018,107944,512,1
7745,512,222,5222,107945,512,1
7746,512,222,5037,107278,512,1
7747,512,222,4963,107371,512,1
7748,512,222,4945,107611,512,1
7749,512,204,5093,108500,512,1
7750,512,222,5074,108037,512,1
7751,512,222,5074,107555,512,1
7752,512,223,4962,107204,512,1
7753,512,222,4963,107519,512,1
7754,512,222,5056,107741,512,1
7755,512,222,4926,107611,512,1
7756,512,204,5222,107611,512,1
7757,512,204,5037,107241,512,1
7758,512,223,4944,107167,512,1
7759,512,222,4944,107093,512,1
7760,512,222,5056,107796,512,1
7761,512,222,5149,107574,512,1
7762,512,222,4963,107315,512,1
7763,512,204,4963,107611,512,1
7764,512,222,5129,107648,512,1
7765,512,223,4944,107611,512,1
7766,512,222,4944,107982,512,1
7767,512,222,5037,107555,512,1
7768,512,223,4944,107370,512,1
7769,512,222,5111,107704,512,1
7770,512,222,5018,107407,512,1
7771,512,222,4982,107333,512,1
7772,512,223,5055,107426,512,1
7773,512,222,4945,107407,512,1
7774,512,222,5000,107740,512,1
7775,512,222,4963,107648,512,1
7776,512,203,5037,107481,512,1
7777,512,223,5166,107408,512,1
7778,512,222,4982,107111,512,1
7779,512,223,4926,107352,512,1
7780,512,222,5074,107370,512,1
7781,512,222,5037,107371,512,1
7782,512,222,4944,107056,512,1
7783,512,222,4963,108482,512,1
7784,512,204,4982,107649,512,1
7785,512,222,4982,107445,512,1
7786,512,203,5037,107185,512,1
7787,512,222,5130,107518,512,1
7788,512,223,5092,107574,512,1
7789,512,222,5037,107611,512,1
7790,512,222,5056,107556,512,1
7791,512,222,4926,107537,512,1
7792,512,222,4963,107259,512,1
7793,512,222,5186,107963,512,1
7794,512,223,4981,107741,512,1
7795,512,223,5018,107296,512,1
7796,512,222,5018,107296,512,1
7797,512,222,4926,107277,512,1
7798,512,222,5018,107611,512,1
7799,512,222,5018,107370,512,1
7800,512,222,4982,108000,512,1
7801,512,223,5148,107630,512,1
7802,512,204,4962,107463,512,1
7803,512,222,5056,107722,512,1
7804,512,222,4963,107388,512,1
7805,512,203,4963,107407,512,1
7806,512,222,4963,107149,512,1
7807,512,222,4981,107685,512,1
7808,512,222,5037,107500,512,1
7809,512,222,5167,107888,512,1
7810,512,203,5000,107277,512,1
7811,512,222,5000,107371,512,1
7812,512,222,4944,107648,512,1
7813,512,222,5037,107463,512,1
7814,512,223,4963,107407,512,1
7815,512,222,4907,107222,512,1
7816,512,204,4963,107463,512,1
7817,512,222,5074,108352,512,1
7818,512,222,4944,107444,512,1
7819,512,204,5000,107185,512,1
7820,512,222,5185,107426,512,1
7821,512,223,5074,107907,512,1
7822,512,203,4982,107203,512,1
7823,512,222,4981,107352,512,1
7824,512,222,4945,107185,512,1
7825,512,222,5130,107426,512,1
7826,512,222,4982,107445,512,1
7827,512,222,4926,107333,512,1
7828,512,222,4963,107537,512,1
7829,512,222,4945,107388,512,1
7830,512,222,5407,114667,512,1
7831,512,222,5093,107833,512,1
7832,512,222,5056,107222,512,1
7833,512,222,5019,107519,512,1
7834,512,223,5000,108537,512,1
7835,512,222,5018,107667,512,1
7836,512,222,5055,107593,512,1
7837,512,222,4963,107630,512,1
7838,512,222,4963,107056,512,1
7839,512,222,5019,107092,512,1
7840,512,222,5074,107370,512,1
7841,512,222,5185,108074,512,1
7842,512,222,5092,107389,512,1
7843,512,222,4982,107185,512,1
7844,512,222,5037,107722,512,1
7845,512,222,4963,107426,512,1
7846,512,222,5019,107389,512,1
7847,512,222,4944,107315,512,1
7848,512,222,5000,107407,512,1
7849,512,223,5055,107370,512,1
7850,512,223,4944,107593,512,1
7851,512,204,5074,107796,512,1
7852,512,223,5222,107759,512,1
7853,512,222,4982,107704,512,1
7854,512,223,5018,107407,512,1
7855,512,222,4982,107444,512,1
7856,512,223,4962,107185,512,1
7857,512,222,5167,107611,512,1
7858,512,222,4982,107759,512,1
7859,512,222,4944,107426,512,1
7860,512,223,4963,107370,512,1
7861,512,222,5074,107407,512,1
7862,512,222,4945,107408,512,1
7863,512,222,5000,108074,512,1
7864,512,222,5037,107389,512,1
7865,512,204,4963,107352,512,1
7866,512,223,4963,107278,512,1
7867,512,204,5074,107315,512,1
7868,512,203,4982,108037,512,1
7869,512,222,4982,107575,512,1
7870,512,222,4963,107592,512,1
7871,512,222,4963,107759,512,1
7872,512,203,5074,107518,512,1
7873,512,223,5185,107704,512,1
7874,512,222,4963,107538,512,1
7875,512,222,4926,107167,512,1
7876,512,222,5019,107445,512,1
7877,512,222,4945,107297,512,1
7878,512,223,4981,107537,512,1
7879,512,222,4945,107704,512,1
7880,512,222,5037,107518,512,1
7881,512,203,5074,107222,512,1
7882,512,222,5037,107593,512,1
7883,512,204,4963,107296,512,1
7884,512,223,5111,107352,512,1
7885,512,222,4982,108000,512,1
7886,512,222,5000,107593,512,1
7887,512,222,5074,107500,512,1
7888,512,223,5018,107463,512,1
7889,512,222,5130,107518,512,1
7890,512,204,5074,107759,512,1
7891,512,222,5111,107296,512,1
7892,512,222,4981,107667,512,1
7893,512,223,5037,107593,512,1
7894,512,222,4945,107055,512,1
7895,512,222,5019,107259,512,1
7896,512,222,4963,107352,512,1
7897,512,222,4981,107556,512,1
7898,512,222,4944,107389,512,1
7899,512,204,5111,107723,512,1
7900,512,222,5056,107389,512,1
7901,512,222,4963,107463,512,1
7902,512,222,4944,107741,512,1
7903,512,222,5056,107370,512,1
7904,512,222,5038,107408,512,1
7905,512,222,5204,107389,512,1
7906,512,222,4963,107389,512,1
7907,512,222,4982,107555,512,1
7908,512,222,5333,108167,512,1
7909,512,222,5074,107574,512,1
7910,512,222,5019,107278,512,1
7911,512,222,5074,107796,512,1
7912,512,223,4981,107833,512,1
7913,512,222,5074,108019,512,1
7914,512,222,5000,107778,512,1
7915,512,222,5074,107389,512,1
7916,512,222,5148,107833,512,1
7917,512,222,5000,107741,512,1
7918,512,222,5037,108130,512,1
7919,512,222,5111,107926,512,1
7920,512,222,5093,107149,512,1
7921,512,222,5241,107611,512,1
7922,512,222,5000,107703,512,1
7923,512,222,5055,107815,512,1
7924,512,223,5092,107463,512,1
7925,512,222,5111,107740,512,1
7926,512,203,5074,107277,512,1
7927,512,222,5000,108000,512,1
7928,512,222,5093,107889,512,1
7929,512,222,5074,107296,512,1
7930,512,222,5074,107389,512,1
7931,512,222,5074,107833,512,1
7932,512,223,5037,107167,512,1
7933,512,222,4981,107333,512,1
7934,512,223,5092,107111,512,1
7935,512,222,5018,107315,512,1
7936,512,223,5055,108241,512,1
7937,512,222,5185,108074,512,1
7938,512,222,5018,107722,512,1
7939,512,222,4982,107278,512,1
7940,512,222,5111,107371,512,1
7941,512,222,5037,107204,512,1
7942,512,223,5000,107389,512,1
7943,512,222,5000,107240,512,1
7944,512,222,5000,107370,512,1
7945,512,222,5037,107370,512,1
7946,512,204,5037,107685,512,1
7947,512,223,4981,107500,512,1
7948,512,222,5223,107426,512,1
7949,512,222,5019,107408,512,1
7950,512,222,5148,107444,512,1
7951,512,222,4982,107315,512,1
7952,512,222,5056,107352,512,1
7953,512,204,5278,108260,512,1
7954,512,222,5167,107519,512,1
7955,512,222,5000,107463,512,1
7956,512,223,5018,107667,512,1
7957,512,222,5074,107797,512,1
7958,512,204,5074,107315,512,1
7959,512,222,5055,107463,512,1
7960,512,222,5056,107352,512,1
7961,512,222,4982,107426,512,1
7962,512,222,5333,114760,512,1
7963,512,222,5000,107685,512,1
7964,512,204,5018,107592,512,1
7965,512,222,5037,107518,512,1
7966,512,222,5019,107574,512,1
7967,512,204,5074,107537,512,1
7968,512,222,5111,107408,512,1
7969,512,222,5241,107667,512,1
7970,512,222,5074,108185,512,1
7971,512,222,5074,107926,512,1
7972,512,222,5074,107371,512,1
7973,512,222,5092,107389,512,1
7974,512,222,5130,107574,512,1
7975,512,222,4944,107685,512,1
7976,512,222,4963,108000,512,1
7977,512,222,5056,107463,512,1
7978,512,223,5037,107186,512,1
7979,512,222,5019,107482,512,1
7980,512,222,5186,107703,512,1
7981,512,222,5055,107463,512,1
7982,512,223,4963,107148,512,1
7983,512,204,4981,107241,512,1
7984,512,222,5037,107760,512,1
7985,512,223,5222,107796,512,1
7986,512,223,5018,107555,512,1
7987,512,222,5037,108278,512,1
7988,512,222,5075,107518,512,1
7989,512,222,4982,107926,512,1
7990,512,222,5019,107722,512,1
7991,512,222,4982,108055,512,1
7992,512,222,5092,107240,512,1
7993,512,222,5037,107111,512,1
7994,512,223,5000,107056,512,1
7995,512,222,4982,107704,512,1
7996,512,223,5055,107315,512,1
7997,512,223,4981,107389,512,1
7998,512,204,5074,107500,512,1
7999,512,204,5092,107778,512,1
8000,512,222,5056,107370,512,1
8001,512,222,5240,107833,512,1
8002,512,222,5074,107167,512,1
8003,512,203,5000,107592,512,1
8004,512,223,5000,107685,512,1
8005,512,223,4981,107889,512,1
8006,512,222,5037,107148,512,1
8007,512,203,5000,107166,512,1
8008,512,223,4981,107074,512,1
8009,512,223,5037,107352,512,1
8010,512,222,5074,107315,512,1
8011,512,222,5000,107482,512,1
8012,512,223,5333,107833,512,1
8013,512,223,5092,108000,512,1
8014,512,222,5055,107592,512,1
8015,512,222,5074,107463,512,1
8016,512,222,5019,107166,512,1
8017,512,222,5241,107278,512,1
8018,512,222,5093,107481,512,1
8019,512,222,5037,107519,512,1
8020,512,223,5055,107222,512,1
8021,512,223,5037,107907,512,1
8022,512,223,5092,107648,512,1
8023,512,204,5000,107537,512,1
8024,512,222,5093,107815,512,1
8025,512,222,5093,107278,512,1
8026,512,223,4981,107500,512,1
8027,512,222,5000,107185,512,1
8028,512,222,5074,107630,512,1
8029,512,222,5000,107185,512,1
8030,512,222,4982,107167,512,1
8031,512,204,5000,107111,512,1
8032,512,222,5037,107370,512,1
8033,512,223,5129,107926,512,1
8034,512,222,5000,107482,512,1
8035,512,203,4982,107166,512,1
8036,512,222,5074,106982,512,1
8037,512,222,5000,107444,512,1
8038,512,222,12334,108611,512,1
8039,512,222,5333,107667,512,1
8040,512,222,5130,107426,512,1
8041,512,223,4981,107426,512,1
8042,512,222,5000,107277,512,1
8043,512,222,4982,107389,512,1
8044,512,222,5148,107593,512,1
8045,512,222,5074,107574,512,1
8046,512,222,5056,107740,512,1
8047,512,204,4981,107500,512,1
8048,512,222,5075,107685,512,1
8049,512,222,5149,107611,512,1
8050,512,222,5000,107519,512,1
8051,512,222,5019,107389,512,1
8052,512,222,5055,107481,512,1
8053,512,223,5000,107685,512,1
8054,512,222,5056,107574,512,1
8055,512,222,5000,107852,512,1
8056,512,222,5019,107500,512,1
8057,512,222,4963,107574,512,1
8058,512,222,4982,107093,512,1
8059,512,222,5056,107241,512,1
8060,512,222,4981,107223,512,1
8061,512,222,5056,107703,512,1
8062,512,222,4944,107092,512,1
8063,512,222,5074,107426,512,1
8064,512,222,5056,107333,512,1
8065,512,222,5222,107630,512,1
8066,512,222,5000,107426,512,1
8067,512,222,5037,107278,512,1
8068,512,222,4982,106870,512,1
8069,512,222,5055,107556,512,1
8070,512,222,4982,107315,512,1
8071,512,222,4963,107352,512,1
8072,512,222,5018,107556,512,1
8073,512,222,4982,107519,512,1
8074,512,203,5075,112426,512,1
8075,512,223,5314,113556,512,1
8076,512,222,5149,106481,512,1
8077,512,222,4889,106370,512,1
8078,512,222,4870,106593,512,1
8079,512,223,4889,106870,512,1
8080,512,222,4926,106278,512,1
8081,512,203,5093,106407,512,1
8082,512,222,4963,106889,512,1
8083,512,222,4889,106370,512,1
8084,512,204,5000,106611,512,1
8085,512,222,4871,106537,512,1
8086,512,222,4852,106315,512,1
8087,512,204,4889,106260,512,1
8088,512,223,4870,106704,512,1
8089,512,223,4907,107611,512,1
8090,512,222,4963,106315,512,1
8091,512,222,4889,106685,512,1
8092,512,222,4963,106741,512,1
8093,512,204,4963,106463,512,1
8094,512,222,5333,113815,512,1
8095,512,204,5056,106778,512,1
8096,512,223,4962,106370,512,1
8097,512,204,5130,106834,512,1
8098,512,222,4870,106611,512,1
8099,512,204,4871,106408,512,1
8100,512,222,4852,106315,512,1
8101,512,222,4834,106629,512,1
8102,512,222,4926,106926,512,1
8103,512,222,4852,106408,512,1
8104,512,223,4870,106389,512,1
8105,512,240,4852,106278,512,1
8106,512,222,4870,106926,512,1
8107,512,222,4981,106944,512,1
8108,512,204,5111,106833,512,1
8109,512,222,4889,106314,512,1
8110,512,222,4889,106685,512,1
8111,512,203,4871,134500,512,1
8112,512,223,5666,118223,512,1
8113,512,222,5370,107963,512,1
8114,512,222,5092,107648,512,1
8115,512,222,4981,107370,512,1
8116,512,222,5074,107519,512,1
8117,512,222,5093,107759,512,1
8118,512,204,5129,107741,512,1
8119,512,222,5185,108370,512,1
8120,512,222,5074,107537,512,1
8121,512,223,5074,107426,512,1
8122,512,222,5093,107574,512,1
8123,512,204,5129,108389,512,1
8124,512,222,5037,107463,512,1
8125,512,223,5055,107814,512,1
8126,512,222,5037,107703,512,1
8127,512,222,4944,107204,512,1
8128,512,223,4981,107611,512,1
8129,512,222,5222,107889,512,1
8130,512,222,5000,107629,512,1
8131,512,222,4982,107760,512,1
8132,512,222,5000,107389,512,1
8133,512,222,5000,107371,512,1
8134,512,222,5130,107426,512,1
8135,512,222,5000,107723,512,1
8136,512,222,4963,107612,512,1
8137,512,223,5000,107518,512,1
8138,512,203,5056,107314,512,1
8139,512,222,5000,107315,512,1
8140,512,222,5223,108741,512,1
8141,512,222,5074,107648,512,1
8142,512,222,5037,107556,512,1
8143,512,223,4981,107463,512,1
8144,512,222,5018,107519,512,1
8145,512,222,5241,107722,512,1
8146,512,222,5056,107944,512,1
8147,512,222,5056,107537,512,1
8148,512,222,4982,107722,512,1
8149,512,204,5129,107815,512,1
8150,512,222,5130,108407,512,1
8151,512,222,4926,107685,512,1
8152,512,222,5055,107556,512,1
8153,512,222,5037,107574,512,1
8154,512,222,4982,107407,512,1
8155,512,222,5074,107555,512,1
8156,512,222,5000,107723,512,1
8157,512,223,4944,108185,512,1
8158,512,222,5038,107407,512,1
8159,512,222,5185,107797,512,1
8160,512,223,5000,107759,512,1
8161,512,222,5222,107611,512,1
8162,512,222,5019,107704,512,1
8163,512,204,5056,107889,512,1
8164,512,222,4981,107463,512,1
8165,512,222,4945,107092,512,1
8166,512,222,4963,107277,512,1
8167,512,222,4982,107814,512,1
8168,512,222,5056,107444,512,1
8169,512,223,4981,107759,512,1
8170,512,222,4982,107149,512,1
8171,512,222,4945,107463,512,1
8172,512,222,5148,107704,512,1
8173,512,222,5037,107352,512,1
8174,512,222,5074,108056,512,1
8175,512,223,5018,107259,512,1
8176,512,223,5000,107685,512,1
8177,512,223,5129,107852,512,1
8178,512,203,5019,107500,512,1
8179,512,223,4981,107630,512,1
8180,512,222,5074,107500,512,1
8181,512,222,5037,107481,512,1
8182,512,222,4945,107629,512,1
8183,512,222,4963,107740,512,1
8184,512,222,5074,107759,512,1
8185,512,222,5037,107314,512,1
8186,512,222,5111,107759,512,1
8187,512,222,4963,107259,512,1
8188,512,222,5000,107426,512,1
8189,512,204,5037,107593,512,1
8190,512,222,5056,107500,512,1
8191,512,222,5056,108333,512,1
8192,512,204,4981,107537,512,1
8193,512,222,5185,107667,512,1
8194,512,204,5000,107389,512,1
8195,512,222,4963,107185,512,1
8196,512,223,5000,107556,512,1
8197,512,222,4944,107426,512,1
8198,512,223,4981,107722,512,1
8199,512,223,4981,107093,512,1
8200,512,222,4982,107055,512,1
8201,512,222,4963,107426,512,1
8202,512,222,5019,107260,512,1
8203,512,223,5055,107463,512,1
8204,512,222,5204,107574,512,1
8205,512,223,5129,107796,512,1
8206,512,222,5111,107555,512,1
8207,512,223,5018,107537,512,1
8208,512,222,5074,108019,512,1
8209,512,222,5222,107649,512,1
8210,512,204,4981,107611,512,1
8211,512,222,4963,107537,512,1
8212,512,222,5019,107222,512,1
8213,512,223,4963,107130,512,1
8214,512,222,5037,107500,512,1
8215,512,222,4945,107500,512,1
8216,512,222,5000,107408,512,1
8217,512,222,4945,107352,512,1
8218,512,222,4945,107463,512,1
8219,512,222,5037,107519,512,1
8220,512,222,5074,107278,512,1
8221,512,222,4963,107278,512,1
8222,512,222,4963,107463,512,1
8223,512,222,5000,107111,512,1
8224,512,222,5056,107556,512,1
8225,512,222,5185,108482,512,1
8226,512,240,5408,114500,512,1
8227,512,222,5037,107649,512,1
8228,512,223,4962,107704,512,1
8229,512,222,5000,107408,512,1
8230,512,223,4981,107296,512,1
8231,512,204,5000,107555,512,1
8232,512,204,5000,107426,512,1
8233,512,222,4963,107833,512,1
8234,512,222,4945,107259,512,1
8235,512,222,5000,107241,512,1
8236,512,204,5111,107222,512,1
8237,512,222,4945,107796,512,1
8238,512,222,5037,107315,512,1
8239,512,203,5037,107407,512,1
8240,512,223,4963,107185,512,1
8241,512,222,5130,107371,512,1
8242,512,204,4963,107889,512,1
8243,512,222,4945,107037,512,1
8244,512,223,5055,107537,512,1
8245,512,222,4981,107426,512,1
8246,512,223,4963,107833,512,1
8247,512,222,5037,108018,512,1
8248,512,223,5037,107500,512,1
8249,512,222,5055,107241,512,1
8250,512,222,5018,106982,512,1
8251,512,222,5000,107500,512,1
8252,512,222,4963,107518,512,1
8253,512,204,4944,107185,512,1
8254,512,223,5074,107037,512,1
8255,512,222,5000,107426,512,1
8256,512,204,5074,107815,512,1
8257,512,222,5241,107555,512,1
8258,512,204,5000,107241,512,1
8259,512,223,4962,107907,512,1
8260,512,223,5092,107815,512,1
8261,512,222,5000,107222,512,1
8262,512,222,5000,107315,512,1
8263,512,222,5018,107463,512,1
8264,512,222,5000,107112,512,1
8265,512,222,4963,107111,512,1
8266,512,222,4981,107444,512,1
8267,512,223,5037,107241,512,1
8268,512,222,5222,107611,512,1
8269,512,204,4981,107630,512,1
8270,512,222,4981,107389,512,1
8271,512,222,5075,107704,512,1
8272,512,204,4944,107297,512,1
8273,512,203,5167,107926,512,1
8274,512,223,4981,107352,512,1
8275,512,222,5000,107685,512,1
8276,512,222,4945,108259,512,1
8277,512,222,5037,107277,512,1
8278,512,203,5037,107574,512,1
8279,512,223,5018,107555,512,1
8280,512,203,4963,107518,512,1
8281,512,222,5019,107185,512,1
8282,512,204,5000,107111,512,1
8283,512,222,4963,107148,512,1
8284,512,222,5037,107759,512,1
8285,512,222,5074,107556,512,1
8286,512,222,4982,107148,512,1
8287,512,223,4963,107167,512,1
8288,512,222,5000,107649,512,1
8289,512,222,5185,107741,512,1
8290,512,204,4963,107352,512,1
8291,512,222,5037,107334,512,1
8292,512,204,4944,107204,512,1
8293,512,223,5000,108426,512,1
8294,512,222,5055,107463,512,1
8295,512,204,5093,107741,512,1
8296,512,223,4963,107296,512,1
8297,512,223,5018,107389,512,1
8298,512,222,4981,107500,512,1
8299,512,222,5019,107500,512,1
8300,512,203,5130,107259,512,1
8301,512,222,5037,107185,512,1
8302,512,222,5037,107371,512,1
8303,512,203,5093,107629,512,1
8304,512,222,5129,107500,512,1
8305,512,222,5093,107870,512,1
8306,512,222,5166,107333,512,1
8307,512,222,5037,107648,512,1
8308,512,222,5019,107574,512,1
8309,512,223,5018,107722,512,1
8310,512,222,5019,107686,512,1
8311,512,223,5055,107685,512,1
8312,512,204,5056,107723,512,1
8313,512,222,5056,107519,512,1
8314,512,222,4944,107815,512,1
8315,512,222,5037,107352,512,1
8316,512,222,5037,107574,512,1
8317,512,222,5037,107593,512,1
8318,512,223,5000,107426,512,1
8319,512,203,4982,107333,512,1
8320,512,222,5018,107500,512,1
8321,512,222,5204,107351,512,1
8322,512,203,5019,107426,512,1
8323,512,222,4944,107148,512,1
8324,512,222,4926,107889,512,1
8325,512,223,5018,107092,512,1
8326,512,222,5037,107408,512,1
8327,512,204,4944,107963,512,1
8328,512,222,5093,107555,512,1
8329,512,222,5019,107593,512,1
8330,512,223,5000,107371,512,1
8331,512,204,4963,107444,512,1
8332,512,222,5129,107833,512,1
8333,512,222,4981,107278,512,1
8334,512,204,5111,107760,512,1
8335,512,222,5000,107186,512,1
8336,512,222,4963,107296,512,1
8337,512,222,5204,107815,512,1
8338,512,222,5019,107297,512,1
8339,512,222,5019,107519,512,1
8340,512,222,5037,107611,512,1
8341,512,222,5019,107500,512,1
8342,512,222,5019,107223,512,1
8343,512,223,5055,107555,512,1
8344,512,222,5037,107759,512,1
8345,512,222,5167,107870,512,1
8346,512,223,4963,107278,512,1
8347,512,204,5074,107574,512,1
8348,512,222,4963,107611,512,1
8349,512,222,4981,107259,512,1
8350,512,222,4963,107592,512,1
8351,512,223,4963,107666,512,1
8352,512,222,5019,107167,512,1
8353,512,222,5278,108055,512,1
8354,512,222,4981,107334,512,1
8355,512,222,4982,107537,512,1
8356,512,222,4963,107556,512,1
8357,512,223,5055,107167,512,1
8358,512,223,5407,114667,512,1
8359,512,223,5074,107630,512,1
8360,512,223,5000,107185,512,1
8361,512,204,5000,108278,512,1
8362,512,222,5056,107685,512,1
8363,512,222,5000,107815,512,1
8364,512,222,5240,107852,512,1
8365,512,222,5037,107797,512,1
8366,512,222,5093,107667,512,1
8367,512,204,5055,107278,512,1
8368,512,204,4963,107278,512,1
8369,512,222,5241,108889,512,1
8370,512,223,5055,107852,512,1
8371,512,204,4981,107833,512,1
8372,512,222,5056,108092,512,1
8373,512,222,5037,107481,512,1
8374,512,222,5018,107704,512,1
8375,512,222,4963,107926,512,1
8376,512,223,4963,107593,512,1
8377,512,222,4944,107204,512,1
8378,512,222,4926,107611,512,1
8379,512,222,5037,107481,512,1
8380,512,204,4982,107223,512,1
8381,512,222,5000,107574,512,1
8382,512,222,4963,107648,512,1
8383,512,222,4963,107500,512,1
8384,512,222,4944,107037,512,1
8385,512,222,5148,107852,512,1
8386,512,204,5074,107778,512,1
8387,512,204,5000,107241,512,1
8388,512,223,5074,107592,512,1
8389,512,222,5037,107297,512,1
8390,512,222,5000,107334,512,1
8391,512,204,4963,107185,512,1
8392,512,222,4944,107593,512,1
8393,512,222,5018,107111,512,1
8394,512,222,4908,107240,512,1
8395,512,222,4981,108278,512,1
8396,512,222,5222,107315,512,1
8397,512,222,4982,107111,512,1
8398,512,204,4926,107074,512,1
8399,512,222,4963,107426,512,1
8400,512,222,4945,107240,512,1
8401,512,222,5074,107888,512,1
8402,512,222,5018,107444,512,1
8403,512,223,5000,107445,512,1
8404,512,222,4926,107296,512,1
8405,512,222,5019,107296,512,1
8406,512,222,5000,107259,512,1
8407,512,222,5056,107648,512,1
8408,512,222,4926,107241,512,1
8409,512,222,4926,107166,512,1
8410,512,203,4982,107185,512,1
8411,512,222,5000,107648,512,1
8412,512,222,5018,107722,512,1
8413,512,222,4945,107463,512,1
8414,512,222,5000,107371,512,1
8415,512,223,4926,107778,512,1
8416,512,223,5000,107500,512,1
8417,512,222,5148,107797,512,1
8418,512,222,5000,107407,512,1
8419,512,223,4944,107167,512,1
8420,512,204,5018,107222,512,1
8421,512,204,4944,108019,512,1
8422,512,222,5093,107463,512,1
8423,512,222,4945,107334,512,1
8424,512,223,4944,107407,512,1
8425,512,222,4945,106981,512,1
8426,512,222,4982,107500,512,1
8427,512,222,5000,107148,512,1
8428,512,222,5148,107574,512,1
8429,512,204,4982,107852,512,1
8430,512,223,5037,107315,512,1
8431,512,222,4963,107593,512,1
8432,512,222,5019,107315,512,1
8433,512,222,5111,107556,512,1
8434,512,223,4981,107315,512,1
8435,512,222,4926,107223,512,1
8436,512,223,5018,107444,512,1
8437,512,222,5037,107481,512,1
8438,512,222,4982,107667,512,1
8439,512,222,4981,107241,512,1
8440,512,204,5037,108037,512,1
8441,512,222,5037,107277,512,1
8442,512,222,5000,107352,512,1
8443,512,222,4982,107629,512,1
8444,512,204,4963,106741,512,1
8445,512,222,4889,106500,512,1
8446,512,223,5074,107593,512,1
8447,512,222,4926,106592,512,1
8448,512,222,4871,106537,512,1
8449,512,222,5056,106649,512,1
8450,512,223,4925,106944,512,1
8451,512,222,4945,106852,512,1
8452,512,222,4963,106685,512,1
8453,512,222,4907,106444,512,1
8454,512,222,4870,106630,512,1
8455,512,222,4889,106389,512,1
8456,512,222,4908,106723,512,1
8457,512,222,4963,106759,512,1
8458,512,222,4889,106463,512,1
8459,512,204,4944,106278,512,1
8460,512,223,5037,107111,512,1
8461,512,222,4963,106297,512,1
8462,512,222,4870,106593,512,1
8463,512,222,4889,107093,512,1
8464,512,222,4982,106574,512,1
8465,512,222,5130,106741,512,1
8466,512,204,4981,106518,512,1
8467,512,222,4889,106648,512,1
8468,512,222,4889,106685,512,1
8469,512,222,4889,106648,512,1
8470,512,204,4907,106574,512,1
8471,512,222,4908,106166,512,1
8472,512,222,4908,106574,512,1
8473,512,223,4944,106963,512,1
8474,512,222,4889,106297,512,1
8475,512,222,4926,106426,512,1
8476,512,222,4852,106296,512,1
8477,512,223,4981,106481,512,1
8478,512,222,4870,106445,512,1
8479,512,223,4889,106685,512,1
8480,512,223,4981,106926,512,1
8481,512,222,11796,121907,512,1
8482,512,222,5223,107834,512,1
8483,512,204,4962,107092,512,1
8484,512,222,5000,106945,512,1
8485,512,223,4963,107444,512,1
8486,512,222,4963,107518,512,1
8487,512,223,4944,107130,512,1
8488,512,203,4963,107055,512,1
8489,512,203,4945,107740,512,1
8490,512,223,5259,114463,512,1
8491,512,222,5167,107223,512,1
8492,512,222,5167,107444,512,1
8493,512,204,5074,107500,512,1
8494,512,222,5037,107315,512,1
8495,512,222,5037,107019,512,1
8496,512,222,5019,107277,512,1
8497,512,222,5204,108889,512,1
8498,512,222,5056,107982,512,1
8499,512,222,4963,107277,512,1
8500,512,222,4908,106777,512,1
8501,512,222,4944,107297,512,1
8502,512,222,4944,107408,512,1
8503,512,223,5055,108000,512,1
8504,512,222,4907,107074,512,1
8505,512,222,4963,107241,512,1
8506,512,222,4944,107111,512,1
8507,512,223,4944,107370,512,1
8508,512,222,4926,107222,512,1
8509,512,203,5019,107277,512,1
8510,512,222,4945,107092,512,1
8511,512,222,4945,107260,512,1
8512,512,222,5037,107000,512,1
8513,512,222,5148,107334,512,1
8514,512,222,5019,107555,512,1
8515,512,222,4981,107389,512,1
8516,512,222,5000,107389,512,1
8517,512,223,4926,107352,512,1
8518,512,222,4981,107519,512,1
8519,512,223,4981,107389,512,1
8520,512,222,5148,107407,512,1
8521,512,203,4926,107222,512,1
8522,512,222,4908,107129,512,1
8523,512,222,4981,107000,512,1
8524,512,222,5056,107352,512,1
8525,512,222,5019,106907,512,1
8526,512,222,5000,107000,512,1
8527,512,222,5000,107686,512,1
8528,512,223,4888,107315,512,1
8529,512,204,5129,107018,512,1
8530,512,222,4908,107000,512,1
8531,512,223,5000,107870,512,1
8532,512,222,5018,107500,512,1
8533,512,222,4908,107075,512,1
8534,512,222,4982,107055,512,1
8535,512,203,4926,107055,512,1
8536,512,222,4907,107426,512,1
8537,512,222,4926,107314,512,1
8538,512,222,5000,107074,512,1
8539,512,223,5000,107111,512,1
8540,512,223,5018,107444,512,1
8541,512,222,4907,107056,512,1
8542,512,223,5000,107074,512,1
8543,512,222,4945,107166,512,1
8544,512,222,5037,107167,512,1
8545,512,222,5148,107185,512,1
8546,512,222,5000,106796,512,1
8547,512,222,4908,107333,512,1
8548,512,204,4926,107926,512,1
8549,512,222,5019,107093,512,1
8550,512,222,4981,107055,512,1
8551,512,222,5018,107074,512,1
8552,512,223,4926,107315,512,1
8553,512,222,5000,107037,512,1
8554,512,223,5000,107167,512,1
8555,512,222,4963,107241,512,1
8556,512,222,5112,107611,512,1
8557,512,222,5074,107408,512,1
8558,512,223,4962,107241,512,1
8559,512,223,4962,107000,512,1
8560,512,222,5018,107333,512,1
8561,512,222,5167,107130,512,1
8562,512,222,5037,107351,512,1
8563,512,222,5111,106852,512,1
8564,512,204,5019,107667,512,1
8565,512,222,5037,108130,512,1
8566,512,203,5074,107574,512,1
8567,512,222,5056,107259,512,1
8568,512,222,4963,106851,512,1
8569,512,222,5055,107389,512,1
8570,512,222,5000,107204,512,1
8571,512,223,5018,107037,512,1
8572,512,222,4945,107185,512,1
8573,512,222,5000,107407,512,1
8574,512,222,5019,107222,512,1
8575,512,222,5037,107204,512,1
8576,512,203,5037,107278,512,1
8577,512,203,5223,107426,512,1
8578,512,204,5055,107167,512,1
8579,512,223,4981,106704,512,1
8580,512,204,5000,107092,512,1
8581,512,222,5000,107537,512,1
8582,512,222,5037,107722,512,1
8583,512,222,5037,107055,512,1
8584,512,223,4944,106944,512,1
8585,512,222,4981,107426,512,1
8586,512,204,4926,107278,512,1
8587,512,223,4981,107185,512,1
8588,512,222,5111,107463,512,1
8589,512,222,5000,107351,512,1
8590,512,222,4926,107037,512,1
8591,512,223,5037,107500,512,1
8592,512,203,4982,107055,512,1
8593,512,222,5167,107333,512,1
8594,512,204,5055,107204,512,1
8595,512,222,5000,107074,512,1
8596,512,204,5019,106926,512,1
8597,512,222,4908,107333,512,1
8598,512,222,4889,107222,512,1
8599,512,222,5019,107703,512,1
8600,512,222,4981,107130,512,1
8601,512,223,5055,107278,512,1
8602,512,222,4926,106982,512,1
8603,512,222,5000,107037,512,1
8604,512,204,5055,107093,512,1
8605,512,204,4982,107760,512,1
8606,512,204,4963,107481,512,1
8607,512,222,4963,107352,512,1
8608,512,204,4963,107000,512,1
8609,512,222,5074,107111,512,1
8610,512,222,5037,107425,512,1
8611,512,222,4926,107037,512,1
8612,512,222,4908,107037,512,1
8613,512,203,4926,107241,512,1
8614,512,222,4907,107241,512,1
8615,512,222,4926,107389,512,1
8616,512,222,5000,107593,512,1
8617,512,223,4962,107111,512,1
8618,512,222,4907,107204,512,1
8619,512,222,5019,106907,512,1
8620,512,222,5093,107000,512,1
8621,512,222,5056,107203,512,1
8622,512,222,5500,114667,512,1
8623,512,223,5037,107445,512,1
8624,512,222,4982,107463,512,1
8625,512,222,5111,107241,512,1
8626,512,223,4944,107018,512,1
8627,512,222,4926,107389,512,1
8628,512,222,5019,107408,512,1
8629,512,222,6334,108444,512,1
8630,512,222,5055,107204,512,1
8631,512,222,5037,107519,512,1
8632,512,223,5000,107222,512,1
8633,512,222,5019,108019,512,1
8634,512,222,4982,107574,512,1
8635,512,222,5037,107055,512,1
8636,512,223,4963,107204,512,1
8637,512,222,4945,107186,512,1
8638,512,222,4907,107259,512,1
8639,512,223,4944,107092,512,1
8640,512,222,5000,107371,512,1
8641,512,222,5167,107685,512,1
8642,512,222,4945,107111,512,1
8643,512,222,4908,107389,512,1
8644,512,222,4944,107741,512,1
8645,512,222,4944,107167,512,1
8646,512,222,4926,107055,512,1
8647,512,222,4889,107259,512,1
8648,512,222,4926,107037,512,1
8649,512,222,4926,107186,512,1
8650,512,223,4925,108018,512,1
8651,512,222,4944,107056,512,1
8652,512,223,5148,107352,512,1
8653,512,204,5000,107667,512,1
8654,512,223,5000,107241,512,1
8655,512,223,4944,107185,512,1
8656,512,223,5000,107352,512,1
8657,512,222,5130,107537,512,1
8658,512,204,4945,107334,512,1
8659,512,223,4907,106926,512,1
8660,512,222,4945,107018,512,1
8661,512,223,4944,107351,512,1
8662,512,222,5018,107185,512,1
8663,512,222,4926,107093,512,1
8664,512,223,5018,106852,512,1
8665,512,204,4926,107537,512,1
8666,512,222,5093,107408,512,1
8667,512,222,4981,107667,512,1
8668,512,204,5018,107056,512,1
8669,512,222,5000,107129,512,1
8670,512,203,4908,107370,512,1
8671,512,222,5000,107334,512,1
8672,512,222,5056,107000,512,1
8673,512,222,5149,107444,512,1
8674,512,223,5037,107463,512,1
8675,512,204,4926,107093,512,1
8676,512,223,4926,107111,512,1
8677,512,204,4925,107037,512,1
8678,512,222,4982,107445,512,1
8679,512,223,4963,106796,512,1
8680,512,223,4907,107037,512,1
8681,512,222,4889,106963,512,1
8682,512,222,4982,107241,512,1
8683,512,222,5000,107297,512,1
8684,512,223,5074,107537,512,1
8685,512,204,4963,107278,512,1
8686,512,222,5037,107463,512,1
8687,512,222,4945,106981,512,1
8688,512,222,4963,107019,512,1
8689,512,222,5074,107129,512,1
8690,512,223,5018,107315,512,1
8691,512,222,4981,106926,512,1
8692,512,222,5056,107723,512,1
8693,512,222,5037,107241,512,1
8694,512,204,5000,107408,512,1
8695,512,222,5000,107352,512,1
8696,512,222,4944,106926,512,1
8697,512,222,5000,107167,512,1
8698,512,222,4889,107371,512,1
8699,512,222,4982,107000,512,1
8700,512,222,4907,107222,512,1
8701,512,222,4982,108296,512,1
8702,512,222,5019,107648,512,1
8703,512,222,5074,107333,512,1
8704,512,222,5000,107129,512,1
8705,512,222,5093,107166,512,1
8706,512,223,4926,107185,512,1
8707,512,204,4963,107204,512,1
8708,512,222,4926,107241,512,1
8709,512,222,4908,107130,512,1
8710,512,223,5018,107055,512,1
8711,512,203,4945,107352,512,1
8712,512,203,5000,107185,512,1
8713,512,222,5018,107222,512,1
8714,512,222,4907,107111,512,1
8715,512,222,4963,107611,512,1
8716,512,223,5055,106760,512,1
8717,512,204,5037,107074,512,1
8718,512,222,4926,107537,512,1
8719,512,222,5037,107296,512,1
8720,512,222,5018,107148,512,1
8721,512,222,5185,107555,512,1
8722,512,204,5037,107148,512,1
8723,512,222,4982,107296,512,1
8724,512,223,4925,106944,512,1
8725,512,222,4945,107296,512,1
8726,512,222,4907,106778,512,1
8727,512,222,5000,107371,512,1
8728,512,222,5000,106907,512,1
8729,512,222,4982,107056,512,1
8730,512,222,4907,107111,512,1
8731,512,222,5018,107667,512,1
8732,512,222,4908,106963,512,1
8733,512,223,4907,106981,512,1
8734,512,222,4981,107074,512,1
8735,512,222,4926,107611,512,1
8736,512,222,4981,107185,512,1
8737,512,222,5074,107185,512,1
8738,512,222,4944,107092,512,1
8739,512,222,4945,107463,512,1
8740,512,222,4963,107185,512,1
8741,512,222,5112,107666,512,1
8742,512,222,4926,106815,512,1
8743,512,222,5000,107260,512,1
8744,512,222,4944,106907,512,1
8745,512,223,4889,107130,512,1
8746,512,222,5000,107185,512,1
8747,512,222,4944,107408,512,1
8748,512,222,5056,107055,512,1
8749,512,223,4962,107333,512,1
8750,512,222,4926,106926,512,1
8751,512,204,4963,107815,512,1
8752,512,222,4908,107481,512,1
8753,512,223,5148,107222,512,1
8754,512,222,5222,114296,512,1
8755,512,222,5075,107222,512,1
8756,512,222,4889,107129,512,1
8757,512,222,4908,107204,512,1
8758,512,222,4945,107222,512,1
8759,512,204,4963,107167,512,1
8760,512,222,4907,107185,512,1
8761,512,222,4926,106666,512,1
8762,512,223,4889,107148,512,1
8763,512,223,4944,107112,512,1
8764,512,222,4981,107130,512,1
8765,512,222,4963,107092,512,1
8766,512,222,4944,107315,512,1
8767,512,222,4908,106740,512,1
8768,512,222,4981,106926,512,1
8769,512,222,5148,108278,512,1
8770,512,204,4981,107741,512,1
8771,512,222,4908,107241,512,1
8772,512,222,4963,107000,512,1
8773,512,203,4908,107222,512,1
8774,512,222,4926,107241,512,1
8775,512,222,4889,106926,512,1
8776,512,204,4963,107723,512,1
8777,512,222,5000,107056,512,1
8778,512,222,4908,107240,512,1
8779,512,222,4871,107185,512,1
8780,512,222,5204,107740,512,1
8781,512,222,5000,107148,512,1
8782,512,222,4908,107240,512,1
8783,512,222,4907,107204,512,1
8784,512,222,5056,107351,512,1
8785,512,203,5186,107296,512,1
8786,512,222,4945,107574,512,1
8787,512,222,4963,107296,512,1
8788,512,222,5074,107074,512,1
8789,512,204,4944,107167,512,1
8790,512,222,4908,107407,512,1
8791,512,222,4889,107037,512,1
8792,512,223,4981,106907,512,1
8793,512,222,4870,107203,512,1
8794,512,222,4907,107000,512,1
8795,512,223,4981,107315,512,1
8796,512,222,4945,106889,512,1
8797,512,222,4889,107203,512,1
8798,512,222,4926,107037,512,1
8799,512,204,4981,107481,512,1
8800,512,222,4926,107148,512,1
8801,512,222,5129,107000,512,1
8802,512,223,5018,107519,512,1
8803,512,203,4963,107889,512,1
8804,512,222,4982,107278,512,1
8805,512,223,5092,107426,512,1
8806,512,222,5000,107074,512,1
8807,512,222,5000,107259,512,1
8808,512,223,4981,107314,512,1
8809,512,222,4926,107408,512,1
8810,512,222,5000,107333,512,1
8811,512,222,4926,107186,512,1
8812,512,222,5130,107426,512,1
8813,512,222,4926,107296,512,1
8814,512,204,5018,107000,512,1
8815,512,223,4907,106778,512,1
8816,512,222,4945,106981,512,1
8817,512,222,5129,107037,512,1
8818,512,222,4926,106963,512,1
8819,512,222,4926,107240,512,1
8820,512,222,4963,107240,512,1
8821,512,222,4981,107130,512,1
8822,512,222,4963,107037,512,1
8823,512,204,4925,107018,512,1
8824,512,222,4963,106777,512,1
8825,512,222,4963,106740,512,1
8826,512,222,4889,107000,512,1
8827,512,223,4907,107278,512,1
8828,512,222,4963,106962,512,1
8829,512,222,4981,106963,512,1
8830,512,223,4889,106796,512,1
8831,512,222,4908,113314,512,1
8832,512,241,9444,120611,512,1
8833,512,222,5741,108445,512,1
8834,512,204,5203,107592,512,1
8835,512,203,5186,107537,512,1
8836,512,222,5056,107240,512,1
8837,512,222,5037,108667,512,1
8838,512,222,5129,108944,512,1
8839,512,204,5111,107611,512,1
8840,512,222,5074,107463,512,1
8841,512,223,5055,107334,512,1
8842,512,222,5074,107500,512,1
8843,512,222,5000,107444,512,1
8844,512,223,5426,108000,512,1
8845,512,204,4981,107611,512,1
8846,512,222,5074,107074,512,1
8847,512,222,5129,108166,512,1
8848,512,204,5018,107093,512,1
8849,512,222,5204,107630,512,1
8850,512,222,5037,107500,512,1
8851,512,222,5203,107463,512,1
8852,512,222,5000,107148,512,1
8853,512,222,5056,107555,512,1
8854,512,222,4982,108222,512,1
8855,512,222,4963,107185,512,1
8856,512,222,4982,107037,512,1
8857,512,222,4944,107408,512,1
8858,512,222,5074,107333,512,1
8859,512,222,5037,106907,512,1
8860,512,222,5075,107037,512,1
8861,512,203,4945,107092,512,1
8862,512,223,4963,107352,512,1
8863,512,222,4945,106777,512,1
8864,512,222,5111,107203,512,1
8865,512,222,5204,107556,512,1
8866,512,222,5056,107462,512,1
8867,512,222,5074,107241,512,1
8868,512,222,5019,107333,512,1
8869,512,223,4963,106963,512,1
8870,512,222,5056,107500,512,1
8871,512,222,5074,107778,512,1
8872,512,204,5055,107130,512,1
8873,512,223,4963,107074,512,1
8874,512,222,4981,107648,512,1
8875,512,222,5074,107371,512,1
8876,512,222,5204,107426,512,1
8877,512,223,5055,107185,512,1
8878,512,223,5018,107111,512,1
8879,512,223,4962,107407,512,1
8880,512,223,4963,107093,512,1
8881,512,222,5185,107093,512,1
8882,512,222,5056,107111,512,1
8883,512,222,4982,107407,512,1
8884,512,223,5037,107074,512,1
8885,512,222,5000,107408,512,1
8886,512,222,5019,107593,512,1
8887,512,222,5945,115463,512,1
8888,512,223,5166,107703,512,1
8889,512,223,5037,107241,512,1
8890,512,222,4963,107315,512,1
8891,512,204,5000,107408,512,1
8892,512,223,5074,107241,512,1
8893,512,223,4963,107185,512,1
8894,512,222,4945,107278,512,1
8895,512,223,5000,107444,512,1
8896,512,222,4963,107111,512,1
8897,512,222,5241,107240,512,1
8898,512,222,5056,107000,512,1
8899,512,222,4945,107463,512,1
8900,512,222,5018,107167,512,1
8901,512,222,5056,107351,512,1
8902,512,222,5056,107203,512,1
8903,512,222,5037,107241,512,1
8904,512,222,5093,107537,512,1
8905,512,222,4944,108148,512,1
8906,512,222,5000,107203,512,1
8907,512,222,5056,107388,512,1
8908,512,222,5223,107555,512,1
8909,512,223,5000,107111,512,1
8910,512,223,5055,107000,512,1
8911,512,203,5111,107222,512,1
8912,512,222,5074,107407,512,1
8913,512,222,5148,107186,512,1
8914,512,222,5093,107426,512,1
8915,512,222,5056,107296,512,1
8916,512,222,5074,107500,512,1
8917,512,223,5037,107278,512,1
8918,512,223,5055,106907,512,1
8919,512,222,5037,107167,512,1
8920,512,222,5093,107111,512,1
8921,512,222,4945,107055,512,1
8922,512,223,5074,107667,512,1
8923,512,222,5056,107648,512,1
8924,512,222,5093,107297,512,1
8925,512,223,5129,107833,512,1
8926,512,223,5055,107278,512,1
8927,512,222,5056,107111,512,1
8928,512,204,5074,107186,512,1
8929,512,222,5241,107630,512,1
8930,512,203,5093,107241,512,1
8931,512,204,5074,107074,512,1
8932,512,222,5055,107296,512,1
8933,512,222,5056,107093,512,1
8934,512,203,5056,107166,512,1
8935,512,223,5074,107407,512,1
8936,512,222,5037,107074,512,1
8937,512,222,5092,107259,512,1
8938,512,222,5037,107500,512,1
8939,512,223,5074,107778,512,1
8940,512,223,5222,107426,512,1
8941,512,222,5093,107277,512,1
8942,512,222,5037,107371,512,1
8943,512,223,5000,107408,512,1
8944,512,222,5074,107555,512,1
8945,512,204,5259,107722,512,1
8946,512,222,5074,107685,512,1
8947,512,223,5129,107463,512,1
8948,512,222,5148,107370,512,1
8949,512,222,4963,108129,512,1
8950,512,222,5129,107500,512,1
8951,512,223,5129,107648,512,1
8952,512,223,5074,107296,512,1
8953,512,223,5074,107370,512,1
8954,512,222,5018,107111,512,1
8955,512,223,5092,107056,512,1
8956,512,222,4963,107889,512,1
8957,512,223,5055,107056,512,1
8958,512,222,4963,107018,512,1
8959,512,222,5056,107389,512,1
8960,512,222,4982,107445,512,1
8961,512,222,5222,107444,512,1
8962,512,222,5148,107130,512,1
8963,512,222,4945,107500,512,1
8964,512,222,5000,107463,512,1
8965,512,222,5056,107592,512,1
8966,512,204,5111,106963,512,1
8967,512,203,4982,107111,512,1
8968,512,222,5000,107148,512,1
8969,512,222,4963,107351,512,1
8970,512,222,4963,106741,512,1
8971,512,222,5018,106982,512,1
8972,512,203,5148,107425,512,1
8973,512,222,5000,108333,512,1
8974,512,223,5055,107592,512,1
8975,512,222,5056,107444,512,1
8976,512,222,5093,106981,512,1
8977,512,222,5130,107537,512,1
8978,512,222,4982,107482,512,1
8979,512,204,4982,107186,512,1
8980,512,223,4981,107130,512,1
8981,512,222,4944,106926,512,1
8982,512,223,5000,107370,512,1
8983,512,222,5037,107666,512,1
8984,512,222,5074,106870,512,1
8985,512,222,4981,107185,512,1
8986,512,204,4981,107278,512,1
8987,512,222,4981,106907,512,1
8988,512,223,5000,107074,512,1
8989,512,222,4963,107260,512,1
8990,512,222,4981,107778,512,1
8991,512,222,4982,107112,512,1
8992,512,222,5075,107000,512,1
8993,512,204,5148,107463,512,1
8994,512,203,5019,107500,512,1
8995,512,222,5037,107444,512,1
8996,512,222,5000,107129,512,1
8997,512,204,4963,107241,512,1
8998,512,222,5074,107426,512,1
8999,512,222,5037,107222,512,1
9000,512,222,4963,106796,512,1
9001,512,222,5037,107185,512,1
9002,512,222,4963,107685,512,1
9003,512,223,4981,107204,512,1
9004,512,222,5167,107260,512,1
9005,512,222,5019,106982,512,1
9006,512,222,5056,107482,512,1
9007,512,222,5074,108167,512,1
9008,512,223,5111,107185,512,1
9009,512,223,5148,107111,512,1
9010,512,222,5000,107130,512,1
9011,512,222,5074,107259,512,1
9012,512,222,5074,107278,512,1
9013,512,222,5075,107278,512,1
9014,512,223,5055,107797,512,1
9015,512,223,5037,108037,512,1
9016,512,222,4981,107537,512,1
9017,512,223,5000,107204,512,1
9018,512,222,5074,107148,512,1
9019,512,223,5351,114500,512,1
9020,512,222,5296,107389,512,1
9021,512,223,4981,106981,512,1
9022,512,204,4963,106963,512,1
9023,512,223,5074,107389,512,1
9024,512,222,5000,107630,512,1
9025,512,222,5222,107203,512,1
9026,512,204,5092,106963,512,1
9027,512,222,4982,107185,512,1
9028,512,222,4963,107352,512,1
9029,512,222,5074,107371,512,1
9030,512,204,4981,107019,512,1
9031,512,203,5019,107852,512,1
9032,512,222,5093,107667,512,1
9033,512,223,5000,107500,512,1
9034,512,203,5056,107000,512,1
9035,512,222,4982,107500,512,1
9036,512,222,5278,107296,512,1
9037,512,222,5037,107241,512,1
9038,512,222,5056,107315,512,1
9039,512,223,5092,106870,512,1
9040,512,223,5148,107648,512,1
9041,512,223,5185,109093,512,1
9042,512,222,5130,107723,512,1
9043,512,223,5111,107056,512,1
9044,512,222,5000,107389,512,1
9045,512,222,5111,107463,512,1
9046,512,222,5056,107407,512,1
9047,512,222,4982,107092,512,1
9048,512,222,5018,107000,512,1
9049,512,222,5037,107075,512,1
9050,512,222,4963,107185,512,1
9051,512,222,5000,107278,512,1
9052,512,223,5000,107185,512,1
9053,512,222,4963,107222,512,1
9054,512,222,4981,107445,512,1
9055,512,222,4944,107222,512,1
9056,512,222,5000,107203,512,1
9057,512,223,5222,107444,512,1
9058,512,222,5019,108092,512,1
9059,512,222,5074,107500,512,1
9060,512,204,4963,107408,512,1
9061,512,222,5074,107240,512,1
9062,512,222,4982,107166,512,1
9063,512,222,5000,107278,512,1
9064,512,222,5037,107334,512,1
9065,512,204,4963,106982,512,1
9066,512,222,5074,107037,512,1
9067,512,223,4963,107315,512,1
9068,512,222,5185,107575,512,1
9069,512,223,5000,107444,512,1
9070,512,222,4963,107537,512,1
9071,512,223,5092,107074,512,1
9072,512,222,5018,107463,512,1
9073,512,204,5278,107223,512,1
9074,512,223,5055,107185,512,1
9075,512,222,5093,107741,512,1
9076,512,223,5074,107685,512,1
9077,512,223,5055,107537,512,1
9078,512,222,5037,107055,512,1
9079,512,222,5018,107056,512,1
9080,512,223,4963,107500,512,1
9081,512,204,5018,107241,512,1
9082,512,222,4963,106852,512,1
9083,512,222,4963,106667,512,1
9084,512,222,5075,107296,512,1
9085,512,223,4981,107111,512,1
9086,512,222,4963,106926,512,1
9087,512,222,5000,107038,512,1
9088,512,203,5038,107166,512,1
9089,512,204,5222,110760,512,1
9090,512,241,6148,115445,512,1
9091,512,222,5296,108074,512,1
9092,512,204,5000,107352,512,1
9093,512,222,5130,107408,512,1
9094,512,204,5000,106945,512,1
9095,512,222,5018,107371,512,1
9096,512,223,5092,107537,512,1
9097,512,222,4982,107259,512,1
9098,512,222,4963,107056,512,1
9099,512,222,5037,107611,512,1
9100,512,222,5185,107500,512,1
9101,512,222,4963,107297,512,1
9102,512,222,4945,107037,512,1
9103,512,222,5055,107000,512,1
9104,512,222,5037,107444,512,1
9105,512,222,5185,107000,512,1
9106,512,222,5037,107111,512,1
9107,512,222,4963,107018,512,1
9108,512,222,4944,107445,512,1
9109,512,222,4981,109259,512,1
9110,512,222,5500,107704,512,1
9111,512,222,5074,106889,512,1
9112,512,222,4982,107000,512,1
9113,512,222,4944,107445,512,1
9114,512,222,4963,106704,512,1
9115,512,223,4981,107074,512,1
9116,512,222,5019,107389,512,1
9117,512,222,5037,107445,512,1
9118,512,222,4945,107389,512,1
9119,512,222,4982,107166,512,1
9120,512,204,5019,107130,512,1
9121,512,223,5185,107685,512,1
9122,512,204,5000,107000,512,1
9123,512,222,4963,106852,512,1
9124,512,223,4944,107370,512,1
9125,512,223,5000,107092,512,1
9126,512,223,4963,107407,512,1
9127,512,222,4963,107166,512,1
9128,512,222,5093,107555,512,1
9129,512,204,5111,107463,512,1
9130,512,222,4963,107296,512,1
9131,512,222,4926,106982,512,1
9132,512,223,5352,107482,512,1
9133,512,222,4963,107185,512,1
9134,512,222,4963,107074,512,1
9135,512,222,4963,107222,512,1
9136,512,222,4981,107019,512,1
9137,512,223,5111,107167,512,1
9138,512,222,4963,107704,512,1
9139,512,222,4963,107075,512,1
9140,512,223,5037,107092,512,1
9141,512,222,5000,107185,512,1
9142,512,222,4944,107500,512,1
9143,512,204,5000,108129,512,1
9144,512,222,4926,107167,512,1
9145,512,223,5000,107000,512,1
9146,512,222,5018,107519,512,1
9147,512,222,5222,107685,512,1
9148,512,223,5037,107333,512,1
9149,512,222,5129,107296,512,1
9150,512,204,5018,107056,512,1
9151,512,222,5537,114963,512,1
9152,512,223,5129,107407,512,1
9153,512,222,5167,107444,512,1
9154,512,223,5092,106944,512,1
9155,512,204,5074,107408,512,1
9156,512,222,4926,106741,512,1
9157,512,222,4944,107760,512,1
9158,512,222,5000,107148,512,1
9159,512,222,4926,107389,512,1
9160,512,222,5019,108000,512,1
9161,512,223,5018,107111,512,1
9162,512,204,5000,107019,512,1
9163,512,222,4963,107278,512,1
9164,512,222,5222,107408,512,1
9165,512,222,5093,107667,512,1
9166,512,222,5019,107000,512,1
9167,512,222,5037,107592,512,1
9168,512,222,5074,107240,512,1
9169,512,222,5148,107111,512,1
9170,512,204,4982,107038,512,1
9171,512,222,4982,107204,512,1
9172,512,222,4963,107389,512,1
9173,512,223,4963,107111,512,1
9174,512,223,4944,107167,512,1
9175,512,223,4963,106944,512,1
9176,512,222,4926,107259,512,1
9177,512,222,5018,107926,512,1
9178,512,223,4981,107352,512,1
9179,512,222,5055,107407,512,1
9180,512,222,4963,107222,512,1
9181,512,222,5018,107519,512,1
9182,512,222,4944,107667,512,1
9183,512,222,5129,107445,512,1
9184,512,223,5111,107260,512,1
9185,512,223,5203,107333,512,1
9186,512,223,4944,107130,512,1
9187,512,223,5000,107018,512,1
9188,512,222,4963,106833,512,1
9189,512,222,4926,107445,512,1
9190,512,222,4926,107000,512,1
9191,512,223,4963,106852,512,1
9192,512,222,4944,106852,512,1
9193,512,222,4926,107130,512,1
9194,512,222,5018,107722,512,1
9195,512,222,4945,107092,512,1
9196,512,222,5130,107777,512,1
9197,512,222,5055,107278,512,1
9198,512,222,5018,107259,512,1
9199,512,222,4963,106982,512,1
9200,512,222,4963,107111,512,1
9201,512,222,5185,107260,512,1
9202,512,223,4963,106944,512,1
9203,512,222,4926,107000,512,1
9204,512,222,5019,106981,512,1
9205,512,204,5037,107463,512,1
9206,512,222,4963,106944,512,1
9207,512,204,4963,107019,512,1
9208,512,222,4982,107056,512,1
9209,512,204,4944,107185,512,1
9210,512,222,5056,107038,512,1
9211,512,222,5038,108000,512,1
9212,512,222,4944,106833,512,1
9213,512,222,4945,107296,512,1
9214,512,223,4925,106796,512,1
9215,512,222,4945,107352,512,1
9216,512,203,5074,106833,512,1
9217,512,222,5185,107334,512,1
9218,512,222,4982,106944,512,1
9219,512,222,5037,107740,512,1
9220,512,222,5056,107037,512,1
9221,512,204,4926,107352,512,1
9222,512,222,4908,106815,512,1
9223,512,203,4963,107074,512,1
9224,512,222,4963,106907,512,1
9225,512,222,5019,107574,512,1
9226,512,222,5018,106648,512,1
9227,512,204,5000,106870,512,1
9228,512,222,5148,107797,512,1
9229,512,222,4944,107149,512,1
9230,512,222,5167,107111,512,1
9231,512,204,4944,107019,512,1
9232,512,223,5037,107259,512,1
9233,512,222,5148,107629,512,1
9234,512,223,4963,107333,512,1
9235,512,222,4963,107203,512,1
9236,512,222,4944,107018,512,1
9237,512,222,4963,107408,512,1
9238,512,222,4944,107055,512,1
9239,512,223,4926,107204,512,1
9240,512,222,4945,106852,512,1
9241,512,203,4982,107111,512,1
9242,512,222,4926,106944,512,1
9243,512,222,4963,107055,512,1
9244,512,222,5000,107370,512,1
9245,512,222,5037,107944,512,1
9246,512,204,4963,107167,512,1
9247,512,204,4963,107185,512,1
9248,512,222,5037,107019,512,1
9249,512,222,5111,107426,512,1
9250,512,223,4963,107278,512,1
9251,512,222,5037,106870,512,1
9252,512,222,4926,107074,512,1
9253,512,222,4944,107315,512,1
9254,512,222,4926,107204,512,1
9255,512,222,4944,107297,512,1
9256,512,222,4945,108204,512,1
9257,512,222,5111,107371,512,1
9258,512,222,4963,107111,512,1
9259,512,222,4963,107056,512,1
9260,512,222,5185,107260,512,1
9261,512,222,4963,107222,512,1
9262,512,222,5037,108074,512,1
9263,512,222,5019,107352,512,1
9264,512,223,4981,107481,512,1
9265,512,222,5093,107333,512,1
9266,512,222,4945,107037,512,1
9267,512,222,5037,107203,512,1
9268,512,222,5019,107129,512,1
9269,512,222,5019,107203,512,1
9270,512,222,4945,107370,512,1
9271,512,222,5018,107908,512,1
9272,512,223,4925,107092,512,1
9273,512,222,4926,107333,512,1
9274,512,223,4944,107426,512,1
9275,512,222,4963,106944,512,1
9276,512,223,4925,106944,512,1
9277,512,222,4944,106908,512,1
9278,512,223,4962,106963,512,1
9279,512,222,4944,107759,512,1
9280,512,222,4963,107259,512,1
9281,512,204,5130,107204,512,1
9282,512,222,4945,107334,512,1
9283,512,222,5370,115444,512,1
9284,512,222,5685,108315,512,1
9285,512,222,5037,107537,512,1
9286,512,222,5055,107092,512,1
9287,512,222,4945,107315,512,1
9288,512,222,5037,107000,512,1
9289,512,223,4963,106963,512,1
9290,512,222,5037,107093,512,1
9291,512,204,4944,107370,512,1
9292,512,222,5204,107463,512,1
9293,512,223,4963,108778,512,1
9294,512,223,5315,107630,512,1
9295,512,204,4981,107370,512,1
9296,512,203,5056,107981,512,1
9297,512,222,5259,107519,512,1
9298,512,222,5056,107240,512,1
9299,512,203,5019,107259,512,1
9300,512,222,5000,107037,512,1
9301,512,222,4963,107093,512,1
9302,512,223,4981,107648,512,1
9303,512,204,5055,107333,512,1
9304,512,222,5000,107166,512,1
9305,512,222,4963,107166,512,1
9306,512,222,5000,107333,512,1
9307,512,222,4963,107092,512,1
9308,512,222,5019,107333,512,1
9309,512,222,5019,107056,512,1
9310,512,222,5037,107296,512,1
9311,512,222,4982,107222,512,1
9312,512,222,5018,107259,512,1
9313,512,222,5223,108333,512,1
9314,512,223,5000,107241,512,1
9315,512,222,5074,107112,512,1
9316,512,222,4963,106852,512,1
9317,512,222,5000,107074,512,1
9318,512,204,5019,107167,512,1
9319,512,203,5019,107315,512,1
9320,512,204,4981,106741,512,1
9321,512,223,5000,107093,512,1
9322,512,222,4981,107797,512,1
9323,512,223,4963,107444,512,1
9324,512,222,5223,107222,512,1
9325,512,222,5129,107334,512,1
9326,512,222,5038,107018,512,1
9327,512,203,5019,107537,512,1
9328,512,222,5056,107371,512,1
9329,512,222,5241,107241,512,1
9330,512,222,5018,107685,512,1
9331,512,222,5093,107259,512,1
9332,512,222,4982,107111,512,1
9333,512,222,4981,107204,512,1
9334,512,203,4982,107018,512,1
9335,512,222,5000,106926,512,1
9336,512,203,5037,107240,512,1
9337,512,222,4945,106722,512,1
9338,512,222,5074,107203,512,1
9339,512,222,5056,107296,512,1
9340,512,222,4944,107018,512,1
9341,512,223,5055,107167,512,1
9342,512,223,4981,106852,512,1
9343,512,222,5074,107296,512,1
9344,512,204,5000,107222,512,1
9345,512,222,5222,213185,512,1
9346,512,241,13944,125796,512,1
9347,512,223,5611,108852,512,1
9348,512,222,5185,107703,512,1
9349,512,222,5093,107611,512,1
9350,512,222,5093,107926,512,1
9351,512,222,5166,107759,512,1
9352,512,222,4963,107167,512,1
9353,512,222,5000,107333,512,1
9354,512,222,5037,107444,512,1
9355,512,223,4981,107204,512,1
9356,512,223,5185,107426,512,1
9357,512,222,5074,107426,512,1
9358,512,204,5093,107463,512,1
9359,512,222,5018,107814,512,1
9360,512,222,5074,107315,512,1
9361,512,222,5204,107334,512,1
9362,512,222,5056,107056,512,1
9363,512,222,5000,107555,512,1
9364,512,222,4945,107741,512,1
9365,512,222,5037,107555,512,1
9366,512,204,5056,107723,512,1
9367,512,223,5203,107815,512,1
9368,512,204,5055,107389,512,1
9369,512,222,5019,107240,512,1
9370,512,222,5092,107574,512,1
9371,512,204,5019,107018,512,1
9372,512,222,5093,107389,512,1
9373,512,222,5019,106944,512,1
9374,512,222,5037,107092,512,1
9375,512,223,5000,107111,512,1
9376,512,204,5037,107389,512,1
9377,512,222,5185,107166,512,1
9378,512,223,5129,107519,512,1
9379,512,222,4963,107352,512,1
9380,512,223,4926,107148,512,1
9381,512,223,4962,108296,512,1
9382,512,223,5037,107407,512,1
9383,512,222,4963,107074,512,1
9384,512,223,4981,107074,512,1
9385,512,222,4963,107148,512,1
9386,512,222,5019,107240,512,1
9387,512,222,5055,107130,512,1
9388,512,204,5111,107333,512,1
9389,512,222,5000,107463,512,1
9390,512,223,4944,107241,512,1
9391,512,222,4926,106981,512,1
9392,512,222,5019,107148,512,1
9393,512,222,5204,107685,512,1
9394,512,222,4945,106648,512,1
9395,512,222,4963,107037,512,1
9396,512,222,5019,106945,512,1
9397,512,222,4944,107167,512,1
9398,512,222,5000,108055,512,1
9399,512,222,4981,107574,512,1
9400,512,222,5148,107093,512,1
9401,512,222,4945,106963,512,1
9402,512,222,4963,106815,512,1
9403,512,222,4963,107093,512,1
9404,512,222,5000,107241,512,1
9405,512,222,4945,107389,512,1
9406,512,222,4982,106796,512,1
9407,512,204,4963,107203,512,1
9408,512,222,4945,107686,512,1
9409,512,222,5130,107500,512,1
9410,512,222,5037,107482,512,1
9411,512,222,4963,107093,512,1
9412,512,223,4944,107148,512,1
9413,512,222,4963,107259,512,1
9414,512,222,4963,107166,512,1
9415,512,223,5740,116297,512,1
9416,512,222,5111,107648,512,1
9417,512,222,5056,107907,512,1
9418,512,204,5148,107445,512,1
9419,512,222,5019,107130,512,1
9420,512,222,5204,107537,512,1
9421,512,222,5055,107556,512,1
9422,512,204,5074,107741,512,1
9423,512,223,5055,107000,512,1
9424,512,222,5056,107018,512,1
9425,512,222,5148,107722,512,1
9426,512,222,5019,107463,512,1
9427,512,223,4925,107315,512,1
9428,512,204,5055,106981,512,1
9429,512,222,5000,107314,512,1
9430,512,222,5018,107352,512,1
9431,512,223,4925,107167,512,1
9432,512,203,5019,107500,512,1
9433,512,222,5018,107648,512,1
9434,512,223,4926,107093,512,1
9435,512,223,5018,106944,512,1
9436,512,222,4981,107000,512,1
9437,512,222,4981,107519,512,1
9438,512,204,4963,107463,512,1
9439,512,223,4907,107389,512,1
9440,512,204,5056,107093,512,1
9441,512,223,5222,107463,512,1
9442,512,222,5111,107370,512,1
9443,512,222,4944,107408,512,1
9444,512,222,4945,107167,512,1
9445,512,223,4944,107111,512,1
9446,512,204,4963,107167,512,1
9447,512,203,4945,107537,512,1
9448,512,223,4944,106944,512,1
9449,512,222,5037,107945,512,1
9450,512,222,5093,107260,512,1
9451,512,222,4982,107260,512,1
9452,512,222,5093,107630,512,1
9453,512,223,5018,107092,512,1
9454,512,222,5037,106908,512,1
9455,512,222,5019,107444,512,1
9456,512,222,4981,107833,512,1
9457,512,222,5223,107315,512,1
9458,512,203,4963,107055,512,1
9459,512,222,4981,107222,512,1
9460,512,222,5018,107426,512,1
9461,512,222,5056,107222,512,1
9462,512,222,4945,107018,512,1
9463,512,222,5055,107167,512,1
9464,512,222,4945,107111,512,1
9465,512,223,5037,107407,512,1
9466,512,222,4944,108129,512,1
9467,512,223,5055,107222,512,1
9468,512,222,4945,107129,512,1
9469,512,222,4982,107167,512,1
9470,512,204,5037,107204,512,1
9471,512,222,4945,107130,512,1
9472,512,222,4926,107426,512,1
9473,512,223,5185,107241,512,1
9474,512,222,5018,106926,512,1
9475,512,222,5000,107074,512,1
9476,512,222,5055,107500,512,1
9477,512,222,4945,107630,512,1
9478,512,222,5056,107315,512,1
9479,512,222,4963,106907,512,1
9480,512,222,4926,107666,512,1
9481,512,222,4926,107277,512,1
9482,512,222,5056,107222,512,1
9483,512,222,5056,107592,512,1
9484,512,223,5203,107407,512,1
9485,512,222,5037,107611,512,1
9486,512,222,4945,107055,512,1
9487,512,223,5037,106944,512,1
9488,512,222,5037,107074,512,1
9489,512,204,5222,107334,512,1
9490,512,222,4963,106907,512,1
9491,512,222,4982,107074,512,1
9492,512,222,4926,107055,512,1
9493,512,204,5037,107389,512,1
9494,512,222,4981,106945,512,1
9495,512,222,4944,107407,512,1
9496,512,223,5018,107149,512,1
9497,512,223,4925,107370,512,1
9498,512,204,5093,107129,512,1
9499,512,223,4944,107296,512,1
9500,512,204,4963,107500,512,1
9501,512,222,5018,107371,512,1
9502,512,222,4963,107260,512,1
9503,512,222,4945,106889,512,1
9504,512,222,5055,107074,512,1
9505,512,223,5185,107796,512,1
9506,512,222,5037,107370,512,1
9507,512,222,5148,107371,512,1
9508,512,222,4982,107130,512,1
9509,512,222,4908,107148,512,1
9510,512,222,5037,107222,512,1
9511,512,222,5019,107166,512,1
9512,512,222,5018,107296,512,1
9513,512,204,4944,107056,512,1
9514,512,223,5055,107815,512,1
9515,512,222,6370,108685,512,1
9516,512,223,5240,107389,512,1
9517,512,222,5056,108240,512,1
9518,512,222,5018,107203,512,1
9519,512,222,4945,107277,512,1
9520,512,222,4963,107000,512,1
9521,512,223,5185,107556,512,1
9522,512,222,4963,107555,512,1
9523,512,222,5018,107241,512,1
9524,512,222,5019,107592,512,1
9525,512,223,5018,107407,512,1
9526,512,222,5149,107481,512,1
9527,512,223,5000,107518,512,1
9528,512,222,4944,107204,512,1
9529,512,222,5000,107445,512,1
9530,512,222,5000,107149,512,1
9531,512,204,4981,107278,512,1
9532,512,223,4925,107241,512,1
9533,512,223,4944,107130,512,1
9534,512,222,4944,108056,512,1
9535,512,222,4963,107111,512,1
9536,512,223,4963,107056,512,1
9537,512,222,5222,107315,512,1
9538,512,223,4963,106944,512,1
9539,512,222,4963,107074,512,1
9540,512,223,5037,107593,512,1
9541,512,222,5037,107352,512,1
9542,512,204,5056,107149,512,1
9543,512,222,4944,107408,512,1
9544,512,204,5037,107630,512,1
9545,512,223,4944,107204,512,1
9546,512,222,5056,107649,512,1
9547,512,241,5500,114796,512,1
9548,512,222,5296,107593,512,1
9549,512,222,4926,107241,512,1
9550,512,222,4963,107334,512,1
9551,512,223,4963,107722,512,1
9552,512,222,5056,107092,512,1
9553,512,222,5204,107518,512,1
9554,512,223,5129,107352,512,1
9555,512,222,5000,107371,512,1
9556,512,222,4926,107148,512,1
9557,512,222,4926,107019,512,1
9558,512,222,4945,107166,512,1
9559,512,223,5000,107593,512,1
9560,512,222,5000,107185,512,1
9561,512,222,4926,107148,512,1
9562,512,222,4963,107333,512,1
9563,512,222,5019,107889,512,1
9564,512,204,5037,107111,512,1
9565,512,204,5074,107315,512,1
9566,512,223,4944,106852,512,1
9567,512,222,4982,107074,512,1
9568,512,204,5055,107889,512,1
9569,512,222,5167,107648,512,1
9570,512,223,4963,107000,512,1
9571,512,222,4926,107482,512,1
9572,512,222,5019,107204,512,1
9573,512,223,5037,107074,512,1
9574,512,222,5038,107222,512,1
9575,512,222,5000,107444,512,1
9576,512,204,4944,106870,512,1
9577,512,222,5055,107296,512,1
9578,512,203,5000,106963,512,1
9579,512,222,5074,107297,512,1
9580,512,222,5074,107722,512,1
9581,512,222,5074,107037,512,1
9582,512,204,5037,107574,512,1
9583,512,222,5055,107241,512,1
9584,512,222,5037,107444,512,1
9585,512,223,5111,108463,512,1
9586,512,222,5074,107129,512,1
9587,512,222,5055,106982,512,1
9588,512,222,5000,107445,512,1
9589,512,222,5093,107407,512,1
9590,512,222,5000,107333,512,1
9591,512,204,5037,107093,512,1
9592,512,222,4963,107593,512,1
9593,512,222,5000,107481,512,1
9594,512,223,4944,106796,512,1
9595,512,223,4944,107259,512,1
9596,512,222,4963,107223,512,1
9597,512,223,5037,107722,512,1
9598,512,222,5037,106926,512,1
9599,512,222,5037,107111,512,1
9600,512,223,5055,107426,512,1
9601,512,222,5186,107556,512,1
9602,512,222,4963,107888,512,1
9603,512,222,5037,107092,512,1
9604,512,222,5074,107185,512,1
9605,512,203,5074,107240,512,1
9606,512,222,5018,107111,512,1
9607,512,223,5037,107297,512,1
9608,512,222,5019,107111,512,1
9609,512,222,5037,107408,512,1
9610,512,222,4963,107278,512,1
9611,512,222,4945,107537,512,1
9612,512,223,5148,107333,512,1
9613,512,223,4963,107278,512,1
9614,512,222,4945,107129,512,1
9615,512,223,4944,106741,512,1
9616,512,223,4981,107259,512,1
9617,512,223,5148,107315,512,1
9618,512,203,5019,107092,512,1
9619,512,223,4963,107648,512,1
9620,512,223,5037,107055,512,1
9621,512,222,4963,107778,512,1
9622,512,222,5000,107426,512,1
9623,512,222,5056,107370,512,1
9624,512,203,5000,107111,512,1
9625,512,222,4926,107278,512,1
9626,512,222,4981,107352,512,1
9627,512,204,4963,106908,512,1
9628,512,204,4962,107074,512,1
9629,512,222,4945,107240,512,1
9630,512,222,4945,107259,512,1
9631,512,222,4945,107407,512,1
9632,512,223,5037,107037,512,1
9633,512,222,5112,107130,512,1
9634,512,222,4944,107129,512,1
9635,512,204,4944,107056,512,1
9636,512,222,5037,107537,512,1
9637,512,222,4944,107648,512,1
9638,512,203,4963,107407,512,1
9639,512,222,4926,107111,512,1
9640,512,222,4944,107185,512,1
9641,512,222,4926,106777,512,1
9642,512,222,4926,107333,512,1
9643,512,222,4981,107130,512,1
9644,512,222,5111,107352,512,1
9645,512,203,5056,107259,512,1
9646,512,222,5000,107463,512,1
9647,512,222,4926,107130,512,1
9648,512,222,5000,106852,512,1
9649,512,222,5092,107037,512,1
9650,512,222,5019,107704,512,1
9651,512,223,4981,107111,512,1
9652,512,222,5055,107056,512,1
9653,512,222,4945,107833,512,1
9654,512,222,5037,107722,512,1
9655,512,222,4982,107944,512,1
9656,512,222,4926,107463,512,1
9657,512,222,5037,107204,512,1
9658,512,222,4944,107130,512,1
9659,512,204,5056,107278,512,1
9660,512,222,4945,107333,512,1
9661,512,204,4944,107167,512,1
9662,512,222,4926,107203,512,1
9663,512,223,4981,107500,512,1
9664,512,222,5000,107518,512,1
9665,512,222,5166,107185,512,1
9666,512,222,4963,106962,512,1
9667,512,222,5037,107204,512,1
9668,512,222,4981,107037,512,1
9669,512,223,5037,107185,512,1
9670,512,204,4963,108204,512,1
9671,512,222,5019,107260,512,1
9672,512,223,4944,106963,512,1
9673,512,222,4926,107277,512,1
9674,512,222,4907,107018,512,1
9675,512,223,4981,107148,512,1
9676,512,223,5074,107334,512,1
9677,512,222,5000,107259,512,1
9678,512,204,4926,106963,512,1
9679,512,223,5611,114926,512,1
9680,512,222,5130,107222,512,1
9681,512,222,5111,107574,512,1
9682,512,223,5055,106926,512,1
9683,512,222,4926,107259,512,1
9684,512,222,4926,106852,512,1
9685,512,222,4982,107019,512,1
9686,512,222,4945,107055,512,1
9687,512,223,5037,109056,512,1
9688,512,222,5037,107574,512,1
9689,512,222,5037,107611,512,1
9690,512,222,5000,107074,512,1
9691,512,223,5000,107056,512,1
9692,512,222,4926,107278,512,1
9693,512,222,4981,106908,512,1
9694,512,222,4963,107149,512,1
9695,512,222,4963,107130,512,1
9696,512,222,5019,107222,512,1
9697,512,222,5093,107334,512,1
9698,512,223,5000,107297,512,1
9699,512,204,4982,107056,512,1
9700,512,222,5074,107556,512,1
9701,512,222,5018,107148,512,1
9702,512,222,5000,107019,512,1
9703,512,223,5000,107296,512,1
9704,512,223,4926,107741,512,1
9705,512,223,5148,107259,512,1
9706,512,222,4945,106982,512,1
9707,512,222,4945,107148,512,1
9708,512,222,5093,107685,512,1
9709,512,222,5037,107351,512,1
9710,512,222,4944,107018,512,1
9711,512,222,4945,107130,512,1
9712,512,223,4907,107334,512,1
9713,512,222,5093,107370,512,1
9714,512,222,4982,107407,512,1
9715,512,223,5000,107000,512,1
9716,512,222,4908,107407,512,1
9717,512,222,5037,107297,512,1
9718,512,222,4963,107760,512,1
9719,512,222,5037,107260,512,1
9720,512,204,4944,107259,512,1
9721,512,223,4944,108278,512,1
9722,512,223,5074,107352,512,1
9723,512,222,5037,107240,512,1
9724,512,222,4889,107185,512,1
9725,512,204,4981,107167,512,1
9726,512,223,4944,107000,512,1
9727,512,222,4963,107055,512,1
9728,512,203,5019,107500,512,1
9729,512,222,5204,107722,512,1
9730,512,223,4963,107018,512,1
9731,512,222,5037,107111,512,1
9732,512,222,5019,106926,512,1
9733,512,222,4963,107537,512,1
9734,512,222,4945,107388,512,1
9735,512,222,4963,107241,512,1
9736,512,222,4945,107148,512,1
9737,512,222,4981,107667,512,1
9738,512,222,5000,107759,512,1
9739,512,222,4945,107000,512,1
9740,512,222,5111,107408,512,1
9741,512,222,5019,107222,512,1
9742,512,222,5000,107259,512,1
9743,512,222,5018,107463,512,1
9744,512,223,4962,107426,512,1
9745,512,222,5130,107240,512,1
9746,512,222,5055,107333,512,1
9747,512,222,5000,107778,512,1
9748,512,222,5055,107240,512,1
9749,512,222,5037,107167,512,1
9750,512,222,5019,107130,512,1
9751,512,222,5018,107241,512,1
9752,512,222,4944,107000,512,1
9753,512,204,5037,107019,512,1
9754,512,204,5018,107759,512,1
9755,512,203,5408,108777,512,1
9756,512,222,5056,107796,512,1
9757,512,222,5056,107741,512,1
9758,512,222,4944,107500,512,1
9759,512,222,5056,107481,512,1
9760,512,223,5018,107759,512,1
9761,512,223,5222,108018,512,1
9762,512,222,5018,107648,512,1
9763,512,222,5000,107370,512,1
9764,512,222,4926,107000,512,1
9765,512,223,5018,107500,512,1
9766,512,222,5000,107797,512,1
9767,512,222,5000,107297,512,1
9768,512,222,4908,106870,512,1
9769,512,222,4963,106870,512,1
9770,512,222,4963,107093,512,1
9771,512,222,4963,107148,512,1
9772,512,222,5204,108148,512,1
9773,512,223,5055,107463,512,1
9774,512,222,5037,107296,512,1
9775,512,222,5019,106963,512,1
9776,512,223,5000,107333,512,1
9777,512,222,5203,107482,512,1
9778,512,222,5000,107537,512,1
9779,512,222,4945,106907,512,1
9780,512,222,5019,106944,512,1
9781,512,204,5019,107167,512,1
9782,512,222,5056,107445,512,1
9783,512,222,4963,107907,512,1
9784,512,223,4981,107037,512,1
9785,512,222,4926,107407,512,1
9786,512,223,4981,107482,512,1
9787,512,222,5037,107408,512,1
9788,512,222,4963,106981,512,1
9789,512,223,5000,107685,512,1
9790,512,204,5056,107519,512,1
9791,512,222,5074,107556,512,1
9792,512,222,4945,107444,512,1
9793,512,204,5241,107204,512,1
9794,512,222,5019,107315,512,1
9795,512,223,4962,107852,512,1
9796,512,222,4982,107500,512,1
9797,512,222,4963,107185,512,1
9798,512,222,5000,107371,512,1
9799,512,222,4981,107000,512,1
9800,512,222,5092,107278,512,1
9801,512,222,5037,107278,512,1
9802,512,222,4963,107185,512,1
9803,512,222,5037,107037,512,1
9804,512,223,5111,107444,512,1
9805,512,222,4963,107315,512,1
9806,512,222,4982,107240,512,1
9807,512,222,5018,107463,512,1
9808,512,222,4982,107297,512,1
9809,512,222,5148,107574,512,1
9810,512,222,5056,107815,512,1
9811,512,222,5352,114685,512,1
9812,512,222,5000,107537,512,1
9813,512,222,4945,107463,512,1
9814,512,204,4981,107185,512,1
9815,512,222,5000,107426,512,1
9816,512,223,4944,107222,512,1
9817,512,223,4926,107278,512,1
9818,512,223,4926,107185,512,1
9819,512,223,5000,106926,512,1
9820,512,222,5037,107222,512,1
9821,512,222,4981,107333,512,1
9822,512,222,5019,106889,512,1
9823,512,222,4945,108352,512,1
9824,512,222,5148,107796,512,1
9825,512,222,5148,107371,512,1
9826,512,223,5074,107371,512,1
9827,512,222,5019,107352,512,1
9828,512,222,4944,106963,512,1
9829,512,223,4925,107333,512,1
9830,512,222,4908,107259,512,1
9831,512,223,4926,107130,512,1
9832,512,223,5000,107055,512,1
9833,512,222,4907,107148,512,1
9834,512,204,4981,107667,512,1
9835,512,222,5037,107296,512,1
9836,512,203,5148,106870,512,1
9837,512,222,4944,107334,512,1
9838,512,222,4945,107297,512,1
9839,512,222,4926,106796,512,1
9840,512,222,4926,107740,512,1
9841,512,222,5204,107296,512,1
9842,512,222,4963,107278,512,1
9843,512,222,4926,107129,512,1
9844,512,222,5019,107555,512,1
9845,512,223,4963,107111,512,1
9846,512,222,4963,107370,512,1
9847,512,8500,5537,123204,512,1
9848,512,222,5037,107055,512,1
9849,512,222,5037,107000,512,1
9850,512,222,5037,107093,512,1
9851,512,222,4945,107370,512,1
9852,512,222,5000,107426,512,1
9853,512,222,4889,107130,512,1
9854,512,204,4981,107407,512,1
9855,512,222,4944,107093,512,1
9856,512,222,4982,107055,512,1
9857,512,222,5167,108037,512,1
9858,512,222,5056,107351,512,1
9859,512,222,5000,107334,512,1
9860,512,222,4944,107241,512,1
9861,512,204,4944,107111,512,1
9862,512,204,5000,107019,512,1
9863,512,223,4944,107593,512,1
9864,512,223,4944,107296,512,1
9865,512,204,5055,107241,512,1
9866,512,204,5000,106945,512,1
9867,512,203,5056,107870,512,1
9868,512,222,5223,107389,512,1
9869,512,223,5055,107241,512,1
9870,512,222,4963,106981,512,1
9871,512,222,5037,107352,512,1
9872,512,204,5056,107426,512,1
9873,512,222,5148,107741,512,1
9874,512,222,5055,107630,512,1
9875,512,203,5056,107296,512,1
9876,512,222,4908,107259,512,1
9877,512,222,5055,107500,512,1
9878,512,222,5074,107260,512,1
9879,512,223,5018,107038,512,1
9880,512,222,4981,107167,512,1
9881,512,222,4945,107371,512,1
9882,512,222,4982,107593,512,1
9883,512,222,5056,107963,512,1
9884,512,222,5037,106925,512,1
9885,512,204,4926,107389,512,1
9886,512,223,5074,107518,512,1
9887,512,222,5019,107092,512,1
9888,512,222,5037,107185,512,1
9889,512,222,5185,107370,512,1
9890,512,222,4926,107334,512,1
9891,512,222,5074,108186,512,1
9892,512,222,5130,107852,512,1
9893,512,222,4963,106889,512,1
9894,512,222,4944,107518,512,1
9895,512,223,4944,107389,512,1
9896,512,222,5000,107203,512,1
9897,512,223,5037,107111,512,1
9898,512,223,4926,107278,512,1
9899,512,204,5000,107575,512,1
9900,512,222,5204,107148,512,1
9901,512,222,4981,107167,512,1
9902,512,222,5000,107370,512,1
9903,512,223,4981,107481,512,1
9904,512,222,4982,107074,512,1
9905,512,223,5111,107185,512,1
9906,512,222,4982,106889,512,1
9907,512,222,5074,107463,512,1
9908,512,223,5092,107760,512,1
9909,512,222,5056,107000,512,1
9910,512,222,5000,107148,512,1
9911,512,222,5019,107500,512,1
9912,512,204,4982,107463,512,1
9913,512,222,4981,107000,512,1
9914,512,223,4944,107333,512,1
9915,512,223,4963,107407,512,1
9916,512,203,5000,107481,512,1
9917,512,223,5018,107315,512,1
9918,512,223,4907,107056,512,1
9919,512,203,5056,107426,512,1
9920,512,222,5037,107962,512,1
9921,512,222,5222,107889,512,1
9922,512,223,5037,106759,512,1
9923,512,223,4981,106908,512,1
9924,512,222,5000,107314,512,1
9925,512,222,4926,107797,512,1
9926,512,222,5000,110722,512,1
9927,512,259,8704,118685,512,1
9928,512,203,5352,107037,512,1
9929,512,222,4926,106519,512,1
9930,512,222,4889,106537,512,1
9931,512,222,4926,107167,512,1
9932,512,222,5185,106796,512,1
9933,512,222,5000,106648,512,1
9934,512,222,4889,106555,512,1
9935,512,223,4944,106648,512,1
9936,512,222,4870,106574,512,1
9937,512,222,5055,106667,512,1
9938,512,222,4871,106481,512,1
9939,512,222,4908,106278,512,1
9940,512,222,4871,106204,512,1
9941,512,222,4889,107167,512,1
9942,512,222,4907,107186,512,1
9943,512,223,5037,106944,512,1
9944,512,222,5500,114278,512,1
9945,512,222,4982,106500,512,1
9946,512,222,4889,106796,512,1
9947,512,203,4963,106426,512,1
9948,512,222,4945,106315,512,1
9949,512,222,4926,106556,512,1
9950,512,222,4907,106945,512,1
9951,512,222,4944,106203,512,1
9952,512,223,4926,106740,512,1
9953,512,223,5222,106815,512,1
9954,512,222,5000,106352,512,1
9955,512,203,4926,106370,512,1
9956,512,222,4908,106223,512,1
9957,512,222,4908,108426,512,1
9958,512,222,5537,107334,512,1
9959,512,222,5000,107945,512,1
9960,512,222,4908,106870,512,1
9961,512,203,5019,106666,512,1
9962,512,222,4963,106519,512,1
9963,512,223,4963,106667,512,1
9964,512,223,5092,106463,512,1
9965,512,222,4982,106426,512,1
9966,512,222,4889,106519,512,1
9967,512,222,4926,106463,512,1
9968,512,223,4907,106333,512,1
9969,512,222,5148,107093,512,1
9970,512,222,5000,106982,512,1
9971,512,222,4981,106482,512,1
9972,512,222,5000,106760,512,1
9973,512,222,4963,106426,512,1
9974,512,222,4908,106277,512,1
9975,512,204,4963,106667,512,1
9976,512,203,4926,107611,512,1
9977,512,222,5296,256093,512,1
9978,512,260,14907,126463,512,1
9979,512,222,5630,107278,512,1
9980,512,222,5111,106777,512,1
9981,512,222,4926,106574,512,1
9982,512,222,4889,106481,512,1
9983,512,222,4963,106482,512,1
9984,512,222,4963,106889,512,1
9985,512,222,5167,106778,512,1
9986,512,222,4981,106519,512,1
9987,512,222,4852,170426,512,1
9988,512,240,13445,128574,512,1
9989,512,222,6759,110834,512,1
9990,512,222,5222,106945,512,1
9991,512,222,4963,106278,512,1
9992,512,222,4889,107260,512,1
9993,512,241,5389,108333,512,1
9994,512,222,5092,106593,512,1
9995,512,223,5018,106926,512,1
9996,512,222,5092,107056,512,1
9997,512,222,5019,106907,512,1
9998,512,222,4852,106445,512,1
9999,512,223,4870,106741,512,1
